data,hora,cidade,categoria,produto,preco_unitario,quantidade,pagamento,avaliacao,total
2025-01-01,10,Recife,Bebidas,Suco de caju,8.0,1,Pix,2.0,8.0
2025-01-01,11,Recife,Doces,Cartola,14.0,1,Pix,5.0,14.0
2025-01-01,11,Olinda,Doces,Cartola,14.0,3,Crédito,2.0,42.0
2025-01-01,12,Recife,Salgados,Tapioca,12.0,3,Pix,3.0,36.0
2025-01-01,13,Caruaru,Bebidas,Caldo de cana,7.0,2,Pix,,14.0
2025-01-01,15,Caruaru,Bebidas,Suco de caju,8.0,3,Pix,4.0,24.0
2025-01-01,16,Recife,Salgados,Tapioca,12.0,4,Débito,4.0,48.0
2025-01-01,17,Caruaru,Pratos,Cuscuz com carne de sol,22.0,4,Pix,5.0,88.0
2025-01-01,17,Recife,Pratos,Macaxeira com charque,25.0,1,Dinheiro,1.0,25.0
2025-01-01,17,Caruaru,Salgados,Tapioca,12.0,4,Pix,5.0,48.0
2025-01-01,19,Recife,Bebidas,Suco de caju,8.0,5,Crédito,1.0,40.0
2025-01-01,19,Caruaru,Doces,Cocada,5.0,2,Pix,3.0,10.0
2025-01-01,20,Recife,Salgados,Pastel,8.0,4,Débito,2.0,32.0
2025-01-01,21,Recife,Pratos,Macaxeira com charque,25.0,2,Pix,2.0,50.0
2025-01-02,7,Petrolina,Pratos,Cuscuz com carne de sol,22.0,3,Débito,2.0,66.0
2025-01-02,8,Caruaru,Salgados,Tapioca,12.0,2,Débito,3.0,24.0
2025-01-02,10,Petrolina,Salgados,Tapioca,12.0,2,Dinheiro,1.0,24.0
2025-01-02,11,Recife,Doces,Cocada,5.0,5,Pix,1.0,25.0
2025-01-02,12,Caruaru,Pratos,Macaxeira com charque,25.0,3,Pix,2.0,75.0
2025-01-02,13,Recife,Bebidas,Suco de caju,8.0,3,Pix,3.0,24.0
2025-01-02,14,Petrolina,Pratos,Cuscuz com carne de sol,22.0,5,Débito,3.0,110.0
2025-01-02,15,Recife,Pratos,Baião de dois,28.0,1,Pix,4.0,28.0
2025-01-02,15,Recife,Salgados,Tapioca,12.0,5,Pix,3.0,60.0
2025-01-02,16,Caruaru,Bebidas,Suco de caju,8.0,4,Crédito,3.0,32.0
2025-01-02,17,Recife,Pratos,Baião de dois,28.0,1,Débito,3.0,28.0
2025-01-02,18,Garanhuns,Bebidas,Suco de caju,8.0,2,Pix,3.0,16.0
2025-01-02,20,Caruaru,Bebidas,Café,6.0,4,Crédito,5.0,24.0
2025-01-02,20,Olinda,Pratos,Cuscuz com carne de sol,22.0,2,Dinheiro,4.0,44.0
2025-01-02,21,Olinda,Pratos,Cuscuz com carne de sol,22.0,4,Débito,1.0,88.0
2025-01-03,7,Recife,Bebidas,Café,6.0,5,Pix,1.0,30.0
2025-01-03,7,Petrolina,Bebidas,Caldo de cana,7.0,1,Pix,2.0,7.0
2025-01-03,11,Olinda,Bebidas,Caldo de cana,7.0,1,Crédito,4.0,7.0
2025-01-03,11,Garanhuns,Pratos,Baião de dois,28.0,5,Crédito,1.0,140.0
2025-01-03,12,Caruaru,Salgados,Pastel,8.0,4,Pix,2.0,32.0
2025-01-03,12,Caruaru,Bebidas,Caldo de cana,7.0,3,Débito,3.0,21.0
2025-01-03,13,Petrolina,Bebidas,Suco de caju,8.0,5,Pix,2.0,40.0
2025-01-03,14,Olinda,Bebidas,Café,6.0,5,Pix,3.0,30.0
2025-01-03,14,Petrolina,Bebidas,Suco de caju,8.0,3,Dinheiro,3.0,24.0
2025-01-03,15,Recife,Salgados,Coxinha,7.5,4,Crédito,3.0,30.0
2025-01-03,16,Recife,Pratos,Baião de dois,28.0,2,Pix,3.0,56.0
2025-01-03,17,Petrolina,Pratos,Baião de dois,28.0,5,Pix,2.0,140.0
2025-01-03,17,Caruaru,Bebidas,Café,6.0,1,Crédito,1.0,6.0
2025-01-03,18,Recife,Salgados,Pastel,8.0,5,Crédito,4.0,40.0
2025-01-03,21,Caruaru,Pratos,Macaxeira com charque,25.0,5,Crédito,4.0,125.0
2025-01-04,7,Olinda,Doces,Cocada,5.0,2,Pix,2.0,10.0
2025-01-04,7,Petrolina,Doces,Cocada,5.0,4,Crédito,4.0,20.0
2025-01-04,8,Petrolina,Doces,Cocada,5.0,1,Crédito,3.0,5.0
2025-01-04,8,Caruaru,Doces,Cocada,5.0,5,Débito,3.0,25.0
2025-01-04,8,Petrolina,Pratos,Cuscuz com carne de sol,22.0,4,Pix,4.0,88.0
2025-01-04,14,Recife,Salgados,Pastel,8.0,2,Pix,2.0,16.0
2025-01-04,16,Petrolina,Salgados,Pastel,8.0,2,Crédito,5.0,16.0
2025-01-04,19,Caruaru,Salgados,Pastel,8.0,4,Pix,2.0,32.0
2025-01-05,7,Recife,Salgados,Pastel,8.0,4,Pix,3.0,32.0
2025-01-05,9,Olinda,Doces,Cartola,14.0,2,Débito,1.0,28.0
2025-01-05,11,Recife,Pratos,Macaxeira com charque,25.0,2,Crédito,5.0,50.0
2025-01-05,14,Olinda,Pratos,Macaxeira com charque,25.0,4,Pix,4.0,100.0
2025-01-05,14,Caruaru,Salgados,Pastel,8.0,5,Pix,3.0,40.0
2025-01-05,16,Petrolina,Salgados,Tapioca,12.0,3,Pix,4.0,36.0
2025-01-05,17,Garanhuns,Bebidas,Café,6.0,1,Pix,3.0,6.0
2025-01-05,17,Recife,Pratos,Baião de dois,28.0,5,Pix,1.0,140.0
2025-01-05,18,Petrolina,Pratos,Macaxeira com charque,25.0,3,Débito,4.0,75.0
2025-01-05,20,Recife,Bebidas,Caldo de cana,7.0,5,Débito,1.0,35.0
2025-01-05,20,Olinda,Doces,Cocada,5.0,5,Dinheiro,2.0,25.0
2025-01-05,21,Garanhuns,Bebidas,Suco de caju,8.0,3,Débito,4.0,24.0
2025-01-05,21,Caruaru,Doces,Cocada,5.0,4,Crédito,5.0,20.0
2025-01-06,7,Olinda,Doces,Cartola,14.0,2,Pix,2.0,28.0
2025-01-06,8,Recife,Salgados,Coxinha,7.5,2,Pix,4.0,15.0
2025-01-06,9,Garanhuns,Salgados,Pastel,8.0,4,Pix,3.0,32.0
2025-01-06,9,Caruaru,Doces,Cocada,5.0,2,Dinheiro,1.0,10.0
2025-01-06,9,Recife,Doces,Bolo de rolo,9.0,5,Crédito,5.0,45.0
2025-01-06,9,Recife,Pratos,Cuscuz com carne de sol,22.0,3,Crédito,3.0,66.0
2025-01-06,9,Recife,Salgados,Coxinha,7.5,3,Dinheiro,2.0,22.5
2025-01-06,10,Recife,Pratos,Baião de dois,28.0,2,Pix,2.0,56.0
2025-01-06,10,Petrolina,Bebidas,Caldo de cana,7.0,2,Pix,1.0,14.0
2025-01-06,10,Caruaru,Bebidas,Suco de caju,8.0,3,Pix,4.0,24.0
2025-01-06,11,Garanhuns,Bebidas,Caldo de cana,7.0,4,Dinheiro,2.0,28.0
2025-01-06,12,Petrolina,Salgados,Coxinha,7.5,3,Pix,4.0,22.5
2025-01-06,12,Olinda,Bebidas,Caldo de cana,7.0,2,Crédito,3.0,14.0
2025-01-06,13,Recife,Pratos,Macaxeira com charque,25.0,2,Pix,2.0,50.0
2025-01-06,14,Petrolina,Pratos,Baião de dois,28.0,5,Pix,2.0,140.0
2025-01-06,14,Recife,Bebidas,Café,6.0,1,Pix,1.0,6.0
2025-01-06,15,Petrolina,Doces,Cartola,14.0,1,Débito,1.0,14.0
2025-01-06,16,Recife,Doces,Cocada,5.0,4,Débito,3.0,20.0
2025-01-06,18,Caruaru,Salgados,Tapioca,12.0,1,Pix,5.0,12.0
2025-01-06,19,Olinda,Salgados,Tapioca,12.0,5,Crédito,4.0,60.0
2025-01-07,7,Garanhuns,Bebidas,Café,6.0,3,Crédito,3.0,18.0
2025-01-07,8,Olinda,Pratos,Baião de dois,28.0,1,Dinheiro,1.0,28.0
2025-01-07,11,Caruaru,Doces,Cocada,5.0,4,Pix,4.0,20.0
2025-01-07,13,Caruaru,Doces,Cocada,5.0,1,Crédito,5.0,5.0
2025-01-07,14,Caruaru,Salgados,Pastel,8.0,3,Débito,2.0,24.0
2025-01-07,14,Caruaru,Bebidas,Caldo de cana,7.0,4,Pix,1.0,28.0
2025-01-07,16,Recife,Doces,Cocada,5.0,2,Débito,2.0,10.0
2025-01-07,17,Recife,Bebidas,Suco de caju,8.0,3,Pix,5.0,24.0
2025-01-07,18,Caruaru,Pratos,Baião de dois,28.0,1,Dinheiro,3.0,28.0
2025-01-07,19,Garanhuns,Pratos,Cuscuz com carne de sol,22.0,4,Pix,1.0,88.0
2025-01-07,20,Caruaru,Doces,Cartola,14.0,1,Crédito,2.0,14.0
2025-01-08,7,Recife,Salgados,Pastel,8.0,1,Pix,2.0,8.0
2025-01-08,7,Petrolina,Salgados,Pastel,8.0,1,Débito,5.0,8.0
2025-01-08,8,Petrolina,Doces,Bolo de rolo,9.0,5,Débito,3.0,45.0
2025-01-08,9,Caruaru,Pratos,Baião de dois,28.0,1,Pix,5.0,28.0
2025-01-08,9,Recife,Pratos,Baião de dois,28.0,2,Dinheiro,4.0,56.0
2025-01-08,10,Recife,Salgados,Pastel,8.0,3,Dinheiro,1.0,24.0
2025-01-08,11,Olinda,Doces,Cartola,14.0,4,Débito,3.0,56.0
2025-01-08,12,Olinda,Salgados,Tapioca,12.0,3,Débito,5.0,36.0
2025-01-08,14,Petrolina,Doces,Bolo de rolo,9.0,3,Crédito,4.0,27.0
2025-01-08,16,Garanhuns,Bebidas,Caldo de cana,7.0,2,Dinheiro,5.0,14.0
2025-01-08,17,Petrolina,Salgados,Tapioca,12.0,3,Pix,2.0,36.0
2025-01-08,17,Olinda,Pratos,Cuscuz com carne de sol,22.0,3,Pix,3.0,66.0
2025-01-08,17,Caruaru,Pratos,Baião de dois,28.0,5,Crédito,4.0,140.0
2025-01-08,18,Recife,Pratos,Baião de dois,28.0,1,Débito,3.0,28.0
2025-01-08,18,Caruaru,Doces,Bolo de rolo,9.0,2,Pix,1.0,18.0
2025-01-08,19,Caruaru,Pratos,Baião de dois,28.0,3,Dinheiro,3.0,84.0
2025-01-08,20,Garanhuns,Pratos,Macaxeira com charque,25.0,4,Crédito,4.0,100.0
2025-01-09,7,Garanhuns,Pratos,Macaxeira com charque,25.0,1,Pix,4.0,25.0
2025-01-09,8,Petrolina,Doces,Cocada,5.0,2,Pix,5.0,10.0
2025-01-09,11,Caruaru,Pratos,Cuscuz com carne de sol,22.0,4,Crédito,5.0,88.0
2025-01-09,11,Recife,Pratos,Macaxeira com charque,25.0,2,Dinheiro,4.0,50.0
2025-01-09,14,Caruaru,Doces,Bolo de rolo,9.0,1,Pix,4.0,9.0
2025-01-09,15,Recife,Bebidas,Suco de caju,8.0,1,Pix,4.0,8.0
2025-01-09,20,Petrolina,Doces,Bolo de rolo,9.0,2,Dinheiro,1.0,18.0
2025-01-09,21,Caruaru,Pratos,Macaxeira com charque,25.0,4,Pix,3.0,100.0
2025-01-09,21,Caruaru,Bebidas,Caldo de cana,7.0,5,Débito,2.0,35.0
2025-01-10,8,Recife,Pratos,Baião de dois,28.0,5,Pix,1.0,140.0
2025-01-10,8,Recife,Doces,Bolo de rolo,9.0,3,Pix,4.0,27.0
2025-01-10,9,Garanhuns,Doces,Cartola,14.0,1,Pix,4.0,14.0
2025-01-10,10,Caruaru,Doces,Cartola,14.0,2,Débito,2.0,28.0
2025-01-10,11,Olinda,Salgados,Pastel,8.0,3,Pix,1.0,24.0
2025-01-10,11,Caruaru,Doces,Bolo de rolo,9.0,2,Crédito,5.0,18.0
2025-01-10,11,Petrolina,Salgados,Tapioca,12.0,5,Crédito,4.0,60.0
2025-01-10,12,Garanhuns,Doces,Cocada,5.0,4,Débito,2.0,20.0
2025-01-10,13,Petrolina,Salgados,Coxinha,7.5,2,Débito,4.0,15.0
2025-01-10,13,Caruaru,Salgados,Pastel,8.0,3,Dinheiro,1.0,24.0
2025-01-10,15,Olinda,Salgados,Tapioca,12.0,1,Dinheiro,5.0,12.0
2025-01-10,16,Recife,Bebidas,Caldo de cana,7.0,1,Pix,2.0,7.0
2025-01-10,16,Caruaru,Salgados,Tapioca,12.0,5,Pix,5.0,60.0
2025-01-10,18,Garanhuns,Pratos,Macaxeira com charque,25.0,4,Pix,2.0,100.0
2025-01-10,19,Garanhuns,Salgados,Tapioca,12.0,2,Crédito,1.0,24.0
2025-01-10,19,Garanhuns,Pratos,Baião de dois,28.0,5,Crédito,5.0,140.0
2025-01-10,19,Olinda,Pratos,Macaxeira com charque,25.0,1,Pix,4.0,25.0
2025-01-10,19,Petrolina,Bebidas,Caldo de cana,7.0,1,Débito,5.0,7.0
2025-01-11,9,Caruaru,Salgados,Tapioca,12.0,1,Pix,2.0,12.0
2025-01-11,9,Olinda,Pratos,Cuscuz com carne de sol,22.0,5,Pix,2.0,110.0
2025-01-11,11,Recife,Bebidas,Café,6.0,4,Pix,1.0,24.0
2025-01-11,11,Recife,Bebidas,Café,6.0,4,Dinheiro,1.0,24.0
2025-01-11,12,Olinda,Salgados,Pastel,8.0,2,Pix,5.0,16.0
2025-01-11,12,Recife,Bebidas,Suco de caju,8.0,2,Pix,2.0,16.0
2025-01-11,12,Petrolina,Doces,Cartola,14.0,1,Pix,5.0,14.0
2025-01-11,13,Recife,Bebidas,Suco de caju,8.0,3,Débito,4.0,24.0
2025-01-11,15,Caruaru,Bebidas,Suco de caju,8.0,3,Débito,3.0,24.0
2025-01-11,16,Petrolina,Salgados,Pastel,8.0,5,Pix,5.0,40.0
2025-01-11,19,Caruaru,Bebidas,Suco de caju,8.0,1,Pix,5.0,8.0
2025-01-11,19,Olinda,Salgados,Coxinha,7.5,2,Pix,1.0,15.0
2025-01-11,21,Recife,Salgados,Tapioca,12.0,4,Débito,4.0,48.0
2025-01-12,7,Petrolina,Bebidas,Suco de caju,8.0,2,Pix,5.0,16.0
2025-01-12,8,Recife,Pratos,Cuscuz com carne de sol,22.0,5,Pix,1.0,110.0
2025-01-12,8,Garanhuns,Salgados,Coxinha,7.5,2,Pix,5.0,15.0
2025-01-12,9,Recife,Pratos,Cuscuz com carne de sol,22.0,4,Pix,5.0,88.0
2025-01-12,10,Recife,Salgados,Coxinha,7.5,3,Pix,4.0,22.5
2025-01-12,12,Caruaru,Pratos,Baião de dois,28.0,4,Dinheiro,1.0,112.0
2025-01-12,13,Olinda,Salgados,Coxinha,7.5,5,Pix,1.0,37.5
2025-01-12,15,Caruaru,Bebidas,Café,6.0,2,Crédito,5.0,12.0
2025-01-12,17,Petrolina,Doces,Cartola,14.0,4,Pix,4.0,56.0
2025-01-12,18,Recife,Bebidas,Suco de caju,8.0,1,Pix,5.0,8.0
2025-01-12,18,Recife,Doces,Cartola,14.0,4,Pix,1.0,56.0
2025-01-12,19,Caruaru,Pratos,Cuscuz com carne de sol,22.0,2,Débito,4.0,44.0
2025-01-12,19,Caruaru,Doces,Cocada,5.0,1,Débito,4.0,5.0
2025-01-12,21,Garanhuns,Bebidas,Caldo de cana,7.0,4,Pix,2.0,28.0
2025-01-13,7,Recife,Bebidas,Suco de caju,8.0,3,Débito,1.0,24.0
2025-01-13,8,Petrolina,Pratos,Baião de dois,28.0,5,Pix,4.0,140.0
2025-01-13,9,Recife,Bebidas,Caldo de cana,7.0,2,Débito,2.0,14.0
2025-01-13,9,Recife,Doces,Bolo de rolo,9.0,3,Dinheiro,1.0,27.0
2025-01-13,10,Petrolina,Pratos,Cuscuz com carne de sol,22.0,4,Pix,4.0,88.0
2025-01-13,10,Garanhuns,Salgados,Pastel,8.0,1,Débito,4.0,8.0
2025-01-13,10,Petrolina,Salgados,Tapioca,12.0,4,Crédito,3.0,48.0
2025-01-13,11,Garanhuns,Bebidas,Café,6.0,4,Pix,4.0,24.0
2025-01-13,11,Caruaru,Bebidas,Suco de caju,8.0,4,Débito,1.0,32.0
2025-01-13,11,Petrolina,Bebidas,Suco de caju,8.0,2,Pix,1.0,16.0
2025-01-13,14,Recife,Salgados,Coxinha,7.5,2,Dinheiro,4.0,15.0
2025-01-13,16,Recife,Pratos,Macaxeira com charque,25.0,1,Pix,4.0,25.0
2025-01-13,18,Recife,Salgados,Tapioca,12.0,3,Pix,2.0,36.0
2025-01-13,18,Olinda,Doces,Bolo de rolo,9.0,3,Pix,5.0,27.0
2025-01-13,19,Garanhuns,Salgados,Tapioca,12.0,2,Pix,3.0,24.0
2025-01-13,21,Petrolina,Pratos,Macaxeira com charque,25.0,1,Crédito,3.0,25.0
2025-01-14,8,Recife,Doces,Cocada,5.0,4,Pix,4.0,20.0
2025-01-14,11,Olinda,Pratos,Baião de dois,28.0,1,Crédito,3.0,28.0
2025-01-14,11,Recife,Bebidas,Café,6.0,3,Crédito,2.0,18.0
2025-01-14,12,Recife,Bebidas,Suco de caju,8.0,5,Crédito,5.0,40.0
2025-01-14,12,Olinda,Doces,Bolo de rolo,9.0,5,Débito,3.0,45.0
2025-01-14,13,Recife,Bebidas,Café,6.0,3,Crédito,5.0,18.0
2025-01-14,14,Petrolina,Bebidas,Caldo de cana,7.0,5,Débito,1.0,35.0
2025-01-14,18,Petrolina,Doces,Bolo de rolo,9.0,5,Pix,1.0,45.0
2025-01-14,18,Petrolina,Salgados,Coxinha,7.5,1,Crédito,4.0,7.5
2025-01-14,18,Recife,Salgados,Pastel,8.0,4,Pix,1.0,32.0
2025-01-14,19,Recife,Pratos,Cuscuz com carne de sol,22.0,3,Débito,5.0,66.0
2025-01-14,20,Caruaru,Doces,Bolo de rolo,9.0,1,Pix,5.0,9.0
2025-01-14,20,Olinda,Bebidas,Suco de caju,8.0,3,Pix,2.0,24.0
2025-01-14,21,Caruaru,Pratos,Macaxeira com charque,25.0,1,Débito,5.0,25.0
2025-01-14,21,Recife,Bebidas,Caldo de cana,7.0,5,Débito,2.0,35.0
2025-01-15,7,Petrolina,Pratos,Baião de dois,28.0,4,Pix,4.0,112.0
2025-01-15,8,Recife,Pratos,Cuscuz com carne de sol,22.0,4,Crédito,2.0,88.0
2025-01-15,9,Petrolina,Bebidas,Café,6.0,4,Crédito,5.0,24.0
2025-01-15,9,Caruaru,Bebidas,Caldo de cana,7.0,2,Pix,5.0,14.0
2025-01-15,12,Garanhuns,Salgados,Coxinha,7.5,5,Crédito,3.0,37.5
2025-01-15,12,Caruaru,Doces,Cartola,14.0,2,Pix,3.0,28.0
2025-01-15,13,Recife,Salgados,Coxinha,7.5,4,Pix,3.0,30.0
2025-01-15,15,Olinda,Pratos,Cuscuz com carne de sol,22.0,5,Débito,1.0,110.0
2025-01-15,16,Caruaru,Salgados,Pastel,8.0,2,Crédito,2.0,16.0
2025-01-15,17,Recife,Bebidas,Caldo de cana,7.0,2,Crédito,4.0,14.0
2025-01-15,17,Olinda,Salgados,Tapioca,12.0,1,Pix,2.0,12.0
2025-01-15,19,Recife,Salgados,Tapioca,12.0,1,Crédito,5.0,12.0
2025-01-15,20,Recife,Salgados,Pastel,8.0,1,Crédito,4.0,8.0
2025-01-15,20,Petrolina,Bebidas,Café,6.0,3,Pix,2.0,18.0
2025-01-15,21,Caruaru,Salgados,Coxinha,7.5,1,Débito,5.0,7.5
2025-01-15,21,Caruaru,Bebidas,Suco de caju,8.0,5,Crédito,4.0,40.0
2025-01-15,21,Recife,Salgados,Pastel,8.0,1,Pix,1.0,8.0
2025-01-16,7,Petrolina,Salgados,Tapioca,12.0,5,Crédito,1.0,60.0
2025-01-16,8,Garanhuns,Salgados,Pastel,8.0,3,Pix,5.0,24.0
2025-01-16,11,Recife,Pratos,Macaxeira com charque,25.0,4,Crédito,2.0,100.0
2025-01-16,12,Olinda,Doces,Bolo de rolo,9.0,4,Pix,1.0,36.0
2025-01-16,13,Recife,Doces,Cartola,14.0,3,Débito,3.0,42.0
2025-01-16,16,Caruaru,Doces,Bolo de rolo,9.0,3,Crédito,3.0,27.0
2025-01-16,18,Caruaru,Doces,Cocada,5.0,5,Pix,2.0,25.0
2025-01-16,20,Recife,Bebidas,Caldo de cana,7.0,2,Pix,2.0,14.0
2025-01-17,8,Olinda,Pratos,Cuscuz com carne de sol,22.0,1,Débito,5.0,22.0
2025-01-17,10,Recife,Doces,Cartola,14.0,4,Pix,5.0,56.0
2025-01-17,11,Olinda,Pratos,Macaxeira com charque,25.0,5,Débito,1.0,125.0
2025-01-17,12,Caruaru,Pratos,Baião de dois,28.0,3,Crédito,1.0,84.0
2025-01-17,13,Caruaru,Salgados,Tapioca,12.0,4,Pix,1.0,48.0
2025-01-17,13,Petrolina,Pratos,Macaxeira com charque,25.0,4,Pix,3.0,100.0
2025-01-17,17,Caruaru,Pratos,Cuscuz com carne de sol,22.0,3,Débito,5.0,66.0
2025-01-17,20,Caruaru,Salgados,Tapioca,12.0,2,Crédito,1.0,24.0
2025-01-17,21,Recife,Doces,Cartola,14.0,4,Pix,3.0,56.0
2025-01-17,21,Caruaru,Bebidas,Suco de caju,8.0,2,Débito,4.0,16.0
2025-01-18,9,Petrolina,Doces,Cartola,14.0,2,Dinheiro,5.0,28.0
2025-01-18,10,Olinda,Pratos,Macaxeira com charque,25.0,4,Dinheiro,4.0,100.0
2025-01-18,11,Caruaru,Pratos,Cuscuz com carne de sol,22.0,4,Crédito,1.0,88.0
2025-01-18,12,Recife,Doces,Bolo de rolo,9.0,4,Pix,5.0,36.0
2025-01-18,15,Petrolina,Pratos,Baião de dois,28.0,3,Pix,4.0,84.0
2025-01-18,16,Recife,Salgados,Coxinha,7.5,3,Pix,3.0,22.5
2025-01-18,16,Petrolina,Salgados,Coxinha,7.5,4,Pix,2.0,30.0
2025-01-18,17,Olinda,Bebidas,Suco de caju,8.0,2,Pix,5.0,16.0
2025-01-18,18,Olinda,Doces,Cartola,14.0,2,Crédito,2.0,28.0
2025-01-18,18,Petrolina,Bebidas,Café,6.0,2,Débito,5.0,12.0
2025-01-18,19,Garanhuns,Doces,Cartola,14.0,1,Pix,2.0,14.0
2025-01-19,8,Caruaru,Doces,Bolo de rolo,9.0,3,Débito,4.0,27.0
2025-01-19,12,Recife,Salgados,Pastel,8.0,3,Pix,1.0,24.0
2025-01-19,13,Caruaru,Salgados,Tapioca,12.0,3,Débito,1.0,36.0
2025-01-19,13,Caruaru,Pratos,Cuscuz com carne de sol,22.0,1,Pix,3.0,22.0
2025-01-19,16,Garanhuns,Salgados,Pastel,8.0,2,Crédito,5.0,16.0
2025-01-19,16,Caruaru,Doces,Bolo de rolo,9.0,2,Pix,3.0,18.0
2025-01-19,16,Recife,Salgados,Coxinha,7.5,3,Débito,1.0,22.5
2025-01-19,17,Petrolina,Salgados,Tapioca,12.0,2,Pix,5.0,24.0
2025-01-19,19,Recife,Bebidas,Suco de caju,8.0,3,Crédito,4.0,24.0
2025-01-19,19,Olinda,Pratos,Macaxeira com charque,25.0,3,Pix,4.0,75.0
2025-01-20,8,Petrolina,Doces,Cocada,5.0,1,Crédito,,5.0
2025-01-20,11,Olinda,Doces,Cartola,14.0,5,Crédito,5.0,70.0
2025-01-20,11,Recife,Pratos,Macaxeira com charque,25.0,2,Pix,4.0,50.0
2025-01-20,13,Caruaru,Pratos,Macaxeira com charque,25.0,1,Pix,,25.0
2025-01-20,13,Caruaru,Bebidas,Caldo de cana,7.0,1,Débito,5.0,7.0
2025-01-20,16,Petrolina,Bebidas,Caldo de cana,7.0,1,Crédito,4.0,7.0
2025-01-20,17,Caruaru,Doces,Bolo de rolo,9.0,4,Pix,1.0,36.0
2025-01-20,18,Recife,Salgados,Tapioca,12.0,2,Pix,4.0,24.0
2025-01-20,18,Petrolina,Bebidas,Suco de caju,8.0,1,Pix,5.0,8.0
2025-01-20,19,Caruaru,Salgados,Coxinha,7.5,1,Pix,4.0,7.5
2025-01-20,19,Recife,Bebidas,Suco de caju,8.0,5,Crédito,5.0,40.0
2025-01-20,20,Olinda,Doces,Bolo de rolo,9.0,4,Pix,1.0,36.0
2025-01-20,21,Recife,Doces,Cocada,5.0,1,Pix,4.0,5.0
2025-01-21,8,Olinda,Salgados,Tapioca,12.0,2,Crédito,1.0,24.0
2025-01-21,12,Petrolina,Doces,Cartola,14.0,1,Crédito,2.0,14.0
2025-01-21,13,Recife,Pratos,Macaxeira com charque,25.0,2,Dinheiro,3.0,50.0
2025-01-21,17,Recife,Doces,Cocada,5.0,2,Pix,1.0,10.0
2025-01-21,18,Recife,Salgados,Coxinha,7.5,3,Dinheiro,2.0,22.5
2025-01-21,19,Petrolina,Doces,Bolo de rolo,9.0,2,Pix,2.0,18.0
2025-01-21,20,Caruaru,Bebidas,Caldo de cana,7.0,3,Débito,1.0,21.0
2025-01-21,20,Caruaru,Salgados,Coxinha,7.5,2,Pix,1.0,15.0
2025-01-21,20,Petrolina,Pratos,Cuscuz com carne de sol,22.0,1,Dinheiro,2.0,22.0
2025-01-22,7,Caruaru,Bebidas,Caldo de cana,7.0,1,Dinheiro,4.0,7.0
2025-01-22,7,Recife,Doces,Cartola,14.0,2,Débito,3.0,28.0
2025-01-22,7,Petrolina,Doces,Bolo de rolo,9.0,2,Pix,1.0,18.0
2025-01-22,7,Caruaru,Pratos,Cuscuz com carne de sol,22.0,5,Crédito,5.0,110.0
2025-01-22,8,Recife,Pratos,Baião de dois,28.0,5,Crédito,4.0,140.0
2025-01-22,9,Caruaru,Pratos,Baião de dois,28.0,4,Débito,4.0,112.0
2025-01-22,13,Petrolina,Doces,Cartola,14.0,3,Débito,2.0,42.0
2025-01-22,13,Caruaru,Doces,Cartola,14.0,3,Pix,1.0,42.0
2025-01-22,13,Caruaru,Doces,Bolo de rolo,9.0,4,Pix,3.0,36.0
2025-01-22,13,Caruaru,Pratos,Cuscuz com carne de sol,22.0,4,Débito,3.0,88.0
2025-01-22,18,Recife,Doces,Cocada,5.0,5,Débito,3.0,25.0
2025-01-22,19,Petrolina,Doces,Cartola,14.0,4,Pix,3.0,56.0
2025-01-22,20,Recife,Doces,Cartola,14.0,5,Dinheiro,5.0,70.0
2025-01-22,20,Petrolina,Doces,Cartola,14.0,5,Crédito,1.0,70.0
2025-01-23,7,Garanhuns,Doces,Cartola,14.0,3,Débito,5.0,42.0
2025-01-23,7,Recife,Doces,Cartola,14.0,1,Dinheiro,1.0,14.0
2025-01-23,9,Petrolina,Bebidas,Café,6.0,1,Débito,5.0,6.0
2025-01-23,9,Garanhuns,Bebidas,Café,6.0,4,Débito,1.0,24.0
2025-01-23,10,Petrolina,Salgados,Coxinha,7.5,2,Crédito,3.0,15.0
2025-01-23,14,Caruaru,Salgados,Tapioca,12.0,4,Débito,3.0,48.0
2025-01-23,14,Garanhuns,Salgados,Pastel,8.0,5,Crédito,5.0,40.0
2025-01-23,17,Recife,Doces,Bolo de rolo,9.0,1,Pix,3.0,9.0
2025-01-23,17,Olinda,Doces,Cocada,5.0,5,Crédito,4.0,25.0
2025-01-23,18,Recife,Bebidas,Café,6.0,2,Pix,4.0,12.0
2025-01-23,19,Recife,Pratos,Cuscuz com carne de sol,22.0,5,Crédito,1.0,110.0
2025-01-23,20,Recife,Salgados,Tapioca,12.0,5,Crédito,5.0,60.0
2025-01-23,20,Petrolina,Salgados,Coxinha,7.5,5,Pix,4.0,37.5
2025-01-24,10,Caruaru,Bebidas,Caldo de cana,7.0,2,Pix,4.0,14.0
2025-01-24,10,Olinda,Salgados,Coxinha,7.5,4,Pix,4.0,30.0
2025-01-24,11,Petrolina,Salgados,Coxinha,7.5,3,Dinheiro,3.0,22.5
2025-01-24,12,Caruaru,Bebidas,Caldo de cana,7.0,4,Crédito,3.0,28.0
2025-01-24,12,Recife,Salgados,Pastel,8.0,5,Crédito,4.0,40.0
2025-01-24,13,Olinda,Salgados,Tapioca,12.0,5,Crédito,3.0,60.0
2025-01-24,15,Caruaru,Doces,Cocada,5.0,1,Pix,2.0,5.0
2025-01-24,17,Recife,Bebidas,Suco de caju,8.0,1,Crédito,2.0,8.0
2025-01-24,17,Garanhuns,Bebidas,Café,6.0,1,Pix,1.0,6.0
2025-01-24,18,Caruaru,Salgados,Coxinha,7.5,4,Débito,5.0,30.0
2025-01-24,18,Petrolina,Pratos,Baião de dois,28.0,2,Pix,5.0,56.0
2025-01-24,18,Recife,Salgados,Coxinha,7.5,5,Pix,4.0,37.5
2025-01-24,19,Recife,Doces,Cocada,5.0,2,Pix,2.0,10.0
2025-01-24,20,Caruaru,Salgados,Pastel,8.0,5,Débito,4.0,40.0
2025-01-24,20,Petrolina,Pratos,Macaxeira com charque,25.0,4,Pix,1.0,100.0
2025-01-24,21,Recife,Salgados,Tapioca,12.0,1,Pix,5.0,12.0
2025-01-25,7,Recife,Salgados,Pastel,8.0,2,Pix,2.0,16.0
2025-01-25,8,Garanhuns,Salgados,Coxinha,7.5,1,Crédito,4.0,7.5
2025-01-25,8,Olinda,Pratos,Baião de dois,28.0,1,Pix,5.0,28.0
2025-01-25,10,Caruaru,Salgados,Tapioca,12.0,1,Crédito,4.0,12.0
2025-01-25,12,Recife,Doces,Cartola,14.0,4,Pix,2.0,56.0
2025-01-25,12,Recife,Pratos,Baião de dois,28.0,4,Pix,4.0,112.0
2025-01-25,14,Recife,Bebidas,Café,6.0,3,Pix,3.0,18.0
2025-01-25,15,Olinda,Doces,Bolo de rolo,9.0,3,Débito,5.0,27.0
2025-01-25,19,Caruaru,Pratos,Macaxeira com charque,25.0,1,Pix,3.0,25.0
2025-01-25,20,Olinda,Bebidas,Café,6.0,2,Crédito,5.0,12.0
2025-01-25,20,Recife,Bebidas,Café,6.0,3,Crédito,3.0,18.0
2025-01-25,20,Recife,Doces,Cartola,14.0,5,Crédito,2.0,70.0
2025-01-25,21,Petrolina,Bebidas,Suco de caju,8.0,3,Crédito,2.0,24.0
2025-01-26,7,Caruaru,Pratos,Baião de dois,28.0,4,Crédito,2.0,112.0
2025-01-26,8,Caruaru,Pratos,Baião de dois,28.0,5,Pix,1.0,140.0
2025-01-26,8,Petrolina,Doces,Bolo de rolo,9.0,5,Crédito,5.0,45.0
2025-01-26,9,Petrolina,Bebidas,Suco de caju,8.0,1,Crédito,3.0,8.0
2025-01-26,11,Olinda,Bebidas,Suco de caju,8.0,4,Pix,1.0,32.0
2025-01-26,12,Garanhuns,Doces,Cocada,5.0,5,Crédito,3.0,25.0
2025-01-26,12,Caruaru,Bebidas,Caldo de cana,7.0,1,Pix,2.0,7.0
2025-01-26,14,Petrolina,Doces,Cartola,14.0,1,Dinheiro,5.0,14.0
2025-01-26,15,Olinda,Doces,Bolo de rolo,9.0,4,Crédito,5.0,36.0
2025-01-26,16,Recife,Salgados,Coxinha,7.5,3,Dinheiro,2.0,22.5
2025-01-26,16,Olinda,Pratos,Baião de dois,28.0,1,Dinheiro,2.0,28.0
2025-01-26,17,Recife,Salgados,Coxinha,7.5,4,Débito,3.0,30.0
2025-01-26,17,Recife,Salgados,Pastel,8.0,5,Dinheiro,5.0,40.0
2025-01-26,18,Recife,Pratos,Cuscuz com carne de sol,22.0,4,Pix,1.0,88.0
2025-01-26,18,Caruaru,Salgados,Pastel,8.0,1,Pix,4.0,8.0
2025-01-26,18,Garanhuns,Pratos,Baião de dois,28.0,2,Pix,1.0,56.0
2025-01-26,19,Olinda,Salgados,Tapioca,12.0,2,Pix,3.0,24.0
2025-01-26,19,Recife,Doces,Cartola,14.0,4,Crédito,3.0,56.0
2025-01-26,19,Recife,Pratos,Baião de dois,28.0,4,Pix,2.0,112.0
2025-01-26,20,Garanhuns,Pratos,Baião de dois,28.0,3,Dinheiro,4.0,84.0
2025-01-26,21,Recife,Pratos,Baião de dois,28.0,5,Crédito,3.0,140.0
2025-01-26,21,Recife,Pratos,Macaxeira com charque,25.0,2,Pix,5.0,50.0
2025-01-27,8,Recife,Salgados,Coxinha,7.5,2,Crédito,4.0,15.0
2025-01-27,9,Olinda,Doces,Bolo de rolo,9.0,2,Pix,4.0,18.0
2025-01-27,12,Caruaru,Pratos,Macaxeira com charque,25.0,3,Pix,4.0,75.0
2025-01-27,12,Garanhuns,Doces,Cocada,5.0,4,Pix,1.0,20.0
2025-01-27,13,Caruaru,Salgados,Pastel,8.0,5,Dinheiro,5.0,40.0
2025-01-27,14,Olinda,Doces,Cartola,14.0,1,Pix,5.0,14.0
2025-01-27,14,Caruaru,Bebidas,Caldo de cana,7.0,4,Pix,1.0,28.0
2025-01-27,16,Petrolina,Bebidas,Caldo de cana,7.0,1,Pix,,7.0
2025-01-27,16,Caruaru,Pratos,Baião de dois,28.0,3,Pix,2.0,84.0
2025-01-27,17,Recife,Pratos,Cuscuz com carne de sol,22.0,4,Pix,1.0,88.0
2025-01-27,18,Caruaru,Bebidas,Café,6.0,2,Crédito,2.0,12.0
2025-01-27,18,Petrolina,Pratos,Macaxeira com charque,25.0,2,Débito,1.0,50.0
2025-01-27,18,Caruaru,Bebidas,Suco de caju,8.0,2,Débito,2.0,16.0
2025-01-27,19,Olinda,Salgados,Pastel,8.0,2,Crédito,3.0,16.0
2025-01-27,19,Petrolina,Salgados,Coxinha,7.5,3,Pix,5.0,22.5
2025-01-27,20,Petrolina,Pratos,Cuscuz com carne de sol,22.0,3,Crédito,2.0,66.0
2025-01-27,20,Caruaru,Bebidas,Café,6.0,2,Crédito,4.0,12.0
2025-01-28,8,Caruaru,Doces,Cocada,5.0,3,Dinheiro,2.0,15.0
2025-01-28,8,Recife,Salgados,Coxinha,7.5,1,Crédito,3.0,7.5
2025-01-28,8,Recife,Doces,Bolo de rolo,9.0,1,Débito,4.0,9.0
2025-01-28,11,Petrolina,Pratos,Cuscuz com carne de sol,22.0,5,Crédito,3.0,110.0
2025-01-28,11,Petrolina,Doces,Cocada,5.0,2,Pix,4.0,10.0
2025-01-28,13,Caruaru,Bebidas,Café,6.0,1,Pix,4.0,6.0
2025-01-28,13,Recife,Pratos,Macaxeira com charque,25.0,1,Crédito,5.0,25.0
2025-01-28,15,Caruaru,Doces,Cocada,5.0,5,Pix,3.0,25.0
2025-01-28,16,Petrolina,Salgados,Coxinha,7.5,3,Débito,2.0,22.5
2025-01-28,17,Garanhuns,Bebidas,Caldo de cana,7.0,3,Pix,4.0,21.0
2025-01-28,18,Recife,Bebidas,Café,6.0,1,Pix,5.0,6.0
2025-01-28,19,Petrolina,Bebidas,Café,6.0,3,Crédito,2.0,18.0
2025-01-28,21,Olinda,Salgados,Coxinha,7.5,4,Crédito,1.0,30.0
2025-01-28,21,Garanhuns,Bebidas,Café,6.0,2,Crédito,5.0,12.0
2025-01-29,7,Recife,Doces,Cocada,5.0,1,Pix,1.0,5.0
2025-01-29,8,Garanhuns,Doces,Cocada,5.0,2,Pix,1.0,10.0
2025-01-29,9,Garanhuns,Doces,Bolo de rolo,9.0,1,Débito,3.0,9.0
2025-01-29,11,Caruaru,Salgados,Tapioca,12.0,1,Pix,3.0,12.0
2025-01-29,12,Caruaru,Bebidas,Café,6.0,3,Dinheiro,5.0,18.0
2025-01-29,13,Olinda,Pratos,Cuscuz com carne de sol,22.0,4,Pix,4.0,88.0
2025-01-29,16,Recife,Bebidas,Suco de caju,8.0,5,Pix,2.0,40.0
2025-01-29,19,Caruaru,Pratos,Cuscuz com carne de sol,22.0,2,Pix,2.0,44.0
2025-01-29,20,Caruaru,Pratos,Cuscuz com carne de sol,22.0,2,Crédito,1.0,44.0
2025-01-29,20,Recife,Bebidas,Caldo de cana,7.0,3,Pix,5.0,21.0
2025-01-29,20,Caruaru,Salgados,Coxinha,7.5,1,Pix,1.0,7.5
2025-01-29,21,Caruaru,Bebidas,Caldo de cana,7.0,1,Débito,4.0,7.0
2025-01-30,7,Petrolina,Salgados,Pastel,8.0,2,Crédito,2.0,16.0
2025-01-30,7,Petrolina,Pratos,Cuscuz com carne de sol,22.0,5,Crédito,3.0,110.0
2025-01-30,10,Caruaru,Salgados,Pastel,8.0,5,Débito,2.0,40.0
2025-01-30,10,Garanhuns,Pratos,Cuscuz com carne de sol,22.0,5,Crédito,4.0,110.0
2025-01-30,12,Caruaru,Pratos,Cuscuz com carne de sol,22.0,2,Débito,4.0,44.0
2025-01-30,13,Petrolina,Pratos,Cuscuz com carne de sol,22.0,1,Pix,1.0,22.0
2025-01-30,14,Caruaru,Bebidas,Suco de caju,8.0,5,Pix,1.0,40.0
2025-01-30,16,Caruaru,Bebidas,Caldo de cana,7.0,2,Pix,5.0,14.0
2025-01-30,18,Recife,Salgados,Tapioca,12.0,4,Crédito,5.0,48.0
2025-01-30,19,Petrolina,Bebidas,Caldo de cana,7.0,1,Crédito,1.0,7.0
2025-01-30,19,Recife,Doces,Bolo de rolo,9.0,1,Débito,3.0,9.0
2025-01-30,19,Caruaru,Doces,Cartola,14.0,3,Pix,5.0,42.0
2025-01-30,19,Garanhuns,Bebidas,Suco de caju,8.0,3,Pix,2.0,24.0
2025-01-30,21,Recife,Pratos,Cuscuz com carne de sol,22.0,2,Crédito,1.0,44.0
2025-01-31,8,Olinda,Bebidas,Café,6.0,1,Pix,1.0,6.0
2025-01-31,8,Recife,Salgados,Tapioca,12.0,4,Pix,1.0,48.0
2025-01-31,9,Garanhuns,Bebidas,Suco de caju,8.0,1,Pix,3.0,8.0
2025-01-31,11,Garanhuns,Bebidas,Caldo de cana,7.0,2,Dinheiro,2.0,14.0
2025-01-31,12,Caruaru,Pratos,Cuscuz com carne de sol,22.0,5,Débito,3.0,110.0
2025-01-31,16,Petrolina,Bebidas,Caldo de cana,7.0,1,Pix,1.0,7.0
2025-01-31,16,Petrolina,Bebidas,Caldo de cana,7.0,3,Crédito,4.0,21.0
2025-01-31,18,Recife,Salgados,Tapioca,12.0,3,Pix,4.0,36.0
2025-01-31,19,Petrolina,Bebidas,Suco de caju,8.0,4,Dinheiro,2.0,32.0
2025-01-31,20,Petrolina,Doces,Bolo de rolo,9.0,3,Débito,4.0,27.0
2025-01-31,20,Recife,Doces,Cocada,5.0,1,Débito,5.0,5.0
2025-01-31,21,Recife,Bebidas,Caldo de cana,7.0,1,Débito,3.0,7.0
2025-01-31,21,Recife,Doces,Cartola,14.0,2,Pix,1.0,28.0
2025-02-01,8,Caruaru,Doces,Bolo de rolo,9.0,5,Pix,2.0,45.0
2025-02-01,9,Recife,Doces,Bolo de rolo,9.0,3,Débito,3.0,27.0
2025-02-01,10,Recife,Salgados,Tapioca,12.0,5,Débito,4.0,60.0
2025-02-01,10,Caruaru,Doces,Bolo de rolo,9.0,2,Crédito,4.0,18.0
2025-02-01,10,Recife,Bebidas,Suco de caju,8.0,5,Pix,4.0,40.0
2025-02-01,11,Recife,Bebidas,Café,6.0,5,Dinheiro,1.0,30.0
2025-02-01,12,Caruaru,Doces,Cartola,14.0,4,Débito,4.0,56.0
2025-02-01,12,Recife,Bebidas,Caldo de cana,7.0,2,Crédito,3.0,14.0
2025-02-01,13,Petrolina,Doces,Cocada,5.0,2,Crédito,1.0,10.0
2025-02-01,14,Recife,Salgados,Tapioca,12.0,5,Débito,5.0,60.0
2025-02-01,15,Recife,Doces,Cocada,5.0,2,Crédito,3.0,10.0
2025-02-01,16,Petrolina,Salgados,Coxinha,7.5,1,Dinheiro,4.0,7.5
2025-02-01,18,Olinda,Salgados,Pastel,8.0,2,Débito,3.0,16.0
2025-02-01,18,Caruaru,Salgados,Tapioca,12.0,3,Dinheiro,4.0,36.0
2025-02-01,18,Olinda,Bebidas,Suco de caju,8.0,3,Pix,2.0,24.0
2025-02-01,19,Garanhuns,Pratos,Baião de dois,28.0,4,Crédito,4.0,112.0
2025-02-01,19,Caruaru,Salgados,Coxinha,7.5,5,Crédito,2.0,37.5
2025-02-01,19,Petrolina,Bebidas,Suco de caju,8.0,5,Crédito,3.0,40.0
2025-02-02,7,Recife,Salgados,Coxinha,7.5,2,Pix,1.0,15.0
2025-02-02,9,Recife,Salgados,Pastel,8.0,3,Débito,3.0,24.0
2025-02-02,10,Petrolina,Doces,Cocada,5.0,2,Pix,4.0,10.0
2025-02-02,10,Petrolina,Bebidas,Suco de caju,8.0,2,Crédito,2.0,16.0
2025-02-02,13,Garanhuns,Salgados,Tapioca,12.0,3,Débito,5.0,36.0
2025-02-02,16,Garanhuns,Pratos,Cuscuz com carne de sol,22.0,4,Dinheiro,3.0,88.0
2025-02-02,17,Recife,Salgados,Pastel,8.0,5,Pix,5.0,40.0
2025-02-02,19,Caruaru,Pratos,Cuscuz com carne de sol,22.0,3,Pix,5.0,66.0
2025-02-02,19,Caruaru,Doces,Cocada,5.0,5,Pix,1.0,25.0
2025-02-02,20,Recife,Doces,Bolo de rolo,9.0,4,Débito,2.0,36.0
2025-02-03,7,Caruaru,Salgados,Pastel,8.0,3,Pix,,24.0
2025-02-03,7,Olinda,Salgados,Coxinha,7.5,2,Pix,1.0,15.0
2025-02-03,9,Petrolina,Pratos,Cuscuz com carne de sol,22.0,5,Pix,5.0,110.0
2025-02-03,9,Recife,Doces,Cocada,5.0,3,Débito,5.0,15.0
2025-02-03,9,Petrolina,Pratos,Baião de dois,28.0,1,Pix,2.0,28.0
2025-02-03,10,Olinda,Bebidas,Suco de caju,8.0,1,Débito,2.0,8.0
2025-02-03,14,Olinda,Doces,Bolo de rolo,9.0,1,Dinheiro,4.0,9.0
2025-02-03,14,Caruaru,Doces,Cocada,5.0,1,Crédito,3.0,5.0
2025-02-03,17,Olinda,Bebidas,Suco de caju,8.0,3,Pix,5.0,24.0
2025-02-03,17,Recife,Bebidas,Suco de caju,8.0,1,Crédito,1.0,8.0
2025-02-03,21,Garanhuns,Pratos,Baião de dois,28.0,4,Crédito,4.0,112.0
2025-02-04,7,Caruaru,Bebidas,Caldo de cana,7.0,2,Débito,4.0,14.0
2025-02-04,8,Olinda,Salgados,Coxinha,7.5,2,Débito,5.0,15.0
2025-02-04,13,Olinda,Pratos,Baião de dois,28.0,2,Pix,4.0,56.0
2025-02-04,15,Recife,Pratos,Macaxeira com charque,25.0,5,Crédito,3.0,125.0
2025-02-04,16,Garanhuns,Doces,Cartola,14.0,4,Pix,1.0,56.0
2025-02-04,16,Petrolina,Salgados,Tapioca,12.0,5,Pix,4.0,60.0
2025-02-04,17,Garanhuns,Pratos,Macaxeira com charque,25.0,4,Crédito,4.0,100.0
2025-02-04,17,Petrolina,Pratos,Cuscuz com carne de sol,22.0,1,Pix,2.0,22.0
2025-02-04,18,Recife,Doces,Bolo de rolo,9.0,2,Pix,,18.0
2025-02-04,19,Caruaru,Doces,Cartola,14.0,2,Crédito,3.0,28.0
2025-02-04,20,Recife,Doces,Cartola,14.0,5,Pix,3.0,70.0
2025-02-04,20,Caruaru,Doces,Cocada,5.0,2,Pix,5.0,10.0
2025-02-05,7,Garanhuns,Bebidas,Suco de caju,8.0,5,Pix,3.0,40.0
2025-02-05,10,Recife,Doces,Bolo de rolo,9.0,3,Pix,2.0,27.0
2025-02-05,10,Caruaru,Pratos,Cuscuz com carne de sol,22.0,1,Débito,5.0,22.0
2025-02-05,12,Olinda,Bebidas,Suco de caju,8.0,3,Dinheiro,3.0,24.0
2025-02-05,12,Recife,Pratos,Macaxeira com charque,25.0,4,Débito,5.0,100.0
2025-02-05,13,Olinda,Bebidas,Café,6.0,2,Pix,2.0,12.0
2025-02-05,14,Caruaru,Salgados,Pastel,8.0,2,Pix,1.0,16.0
2025-02-05,16,Caruaru,Bebidas,Caldo de cana,7.0,5,Crédito,5.0,35.0
2025-02-05,17,Petrolina,Pratos,Cuscuz com carne de sol,22.0,4,Crédito,3.0,88.0
2025-02-05,19,Olinda,Doces,Cocada,5.0,2,Pix,4.0,10.0
2025-02-06,8,Caruaru,Pratos,Macaxeira com charque,25.0,4,Débito,4.0,100.0
2025-02-06,8,Olinda,Doces,Bolo de rolo,9.0,1,Débito,2.0,9.0
2025-02-06,8,Recife,Bebidas,Suco de caju,8.0,4,Crédito,4.0,32.0
2025-02-06,9,Olinda,Salgados,Coxinha,7.5,3,Crédito,2.0,22.5
2025-02-06,9,Recife,Salgados,Coxinha,7.5,1,Crédito,4.0,7.5
2025-02-06,10,Petrolina,Bebidas,Caldo de cana,7.0,3,Pix,3.0,21.0
2025-02-06,10,Caruaru,Bebidas,Caldo de cana,7.0,5,Pix,4.0,35.0
2025-02-06,11,Recife,Bebidas,Caldo de cana,7.0,2,Dinheiro,3.0,14.0
2025-02-06,11,Recife,Doces,Bolo de rolo,9.0,1,Pix,3.0,9.0
2025-02-06,12,Recife,Salgados,Coxinha,7.5,2,Crédito,4.0,15.0
2025-02-06,12,Caruaru,Doces,Cartola,14.0,4,Débito,1.0,56.0
2025-02-06,12,Recife,Doces,Bolo de rolo,9.0,3,Pix,5.0,27.0
2025-02-06,14,Olinda,Salgados,Tapioca,12.0,1,Crédito,5.0,12.0
2025-02-06,16,Recife,Pratos,Macaxeira com charque,25.0,2,Crédito,2.0,50.0
2025-02-06,20,Recife,Salgados,Pastel,8.0,4,Dinheiro,5.0,32.0
2025-02-07,7,Olinda,Doces,Cartola,14.0,5,Pix,4.0,70.0
2025-02-07,8,Olinda,Pratos,Macaxeira com charque,25.0,2,Pix,4.0,50.0
2025-02-07,9,Recife,Salgados,Coxinha,7.5,3,Débito,5.0,22.5
2025-02-07,10,Olinda,Salgados,Coxinha,7.5,5,Débito,1.0,37.5
2025-02-07,10,Caruaru,Doces,Bolo de rolo,9.0,2,Pix,5.0,18.0
2025-02-07,10,Petrolina,Pratos,Baião de dois,28.0,4,Crédito,1.0,112.0
2025-02-07,11,Petrolina,Bebidas,Caldo de cana,7.0,4,Dinheiro,3.0,28.0
2025-02-07,14,Petrolina,Salgados,Tapioca,12.0,2,Pix,1.0,24.0
2025-02-07,15,Caruaru,Salgados,Pastel,8.0,1,Pix,4.0,8.0
2025-02-07,15,Recife,Doces,Cocada,5.0,3,Pix,3.0,15.0
2025-02-07,18,Caruaru,Doces,Cocada,5.0,2,Débito,3.0,10.0
2025-02-07,20,Recife,Bebidas,Café,6.0,1,Pix,4.0,6.0
2025-02-08,7,Recife,Bebidas,Caldo de cana,7.0,4,Débito,1.0,28.0
2025-02-08,8,Petrolina,Pratos,Baião de dois,28.0,3,Pix,4.0,84.0
2025-02-08,9,Petrolina,Pratos,Cuscuz com carne de sol,22.0,5,Pix,5.0,110.0
2025-02-08,10,Recife,Doces,Cocada,5.0,4,Dinheiro,2.0,20.0
2025-02-08,11,Recife,Pratos,Macaxeira com charque,25.0,1,Pix,5.0,25.0
2025-02-08,12,Petrolina,Salgados,Pastel,8.0,4,Crédito,4.0,32.0
2025-02-08,13,Caruaru,Doces,Cocada,5.0,5,Pix,2.0,25.0
2025-02-08,13,Petrolina,Bebidas,Café,6.0,2,Pix,2.0,12.0
2025-02-08,13,Caruaru,Doces,Bolo de rolo,9.0,4,Dinheiro,5.0,36.0
2025-02-08,14,Recife,Pratos,Macaxeira com charque,25.0,4,Pix,4.0,100.0
2025-02-08,17,Recife,Pratos,Cuscuz com carne de sol,22.0,5,Crédito,5.0,110.0
2025-02-08,20,Recife,Bebidas,Suco de caju,8.0,1,Crédito,1.0,8.0
2025-02-08,21,Recife,Doces,Bolo de rolo,9.0,2,Pix,4.0,18.0
2025-02-08,21,Recife,Salgados,Pastel,8.0,5,Débito,3.0,40.0
2025-02-09,7,Caruaru,Doces,Bolo de rolo,9.0,3,Dinheiro,2.0,27.0
2025-02-09,7,Recife,Salgados,Tapioca,12.0,3,Crédito,5.0,36.0
2025-02-09,7,Petrolina,Bebidas,Café,6.0,1,Crédito,2.0,6.0
2025-02-09,9,Recife,Pratos,Macaxeira com charque,25.0,4,Pix,4.0,100.0
2025-02-09,11,Petrolina,Salgados,Pastel,8.0,5,Pix,3.0,40.0
2025-02-09,13,Petrolina,Bebidas,Suco de caju,8.0,5,Dinheiro,2.0,40.0
2025-02-09,14,Petrolina,Pratos,Cuscuz com carne de sol,22.0,5,Pix,2.0,110.0
2025-02-09,14,Petrolina,Bebidas,Café,6.0,5,Pix,1.0,30.0
2025-02-09,14,Petrolina,Salgados,Pastel,8.0,2,Crédito,5.0,16.0
2025-02-09,15,Recife,Pratos,Macaxeira com charque,25.0,3,Crédito,3.0,75.0
2025-02-09,18,Petrolina,Pratos,Cuscuz com carne de sol,22.0,5,Pix,2.0,110.0
2025-02-09,18,Caruaru,Salgados,Tapioca,12.0,4,Pix,2.0,48.0
2025-02-09,18,Petrolina,Salgados,Coxinha,7.5,2,Pix,5.0,15.0
2025-02-09,21,Petrolina,Salgados,Coxinha,7.5,2,Pix,2.0,15.0
2025-02-10,7,Recife,Doces,Cocada,5.0,5,Pix,1.0,25.0
2025-02-10,8,Recife,Pratos,Macaxeira com charque,25.0,3,Dinheiro,1.0,75.0
2025-02-10,8,Petrolina,Salgados,Pastel,8.0,3,Pix,5.0,24.0
2025-02-10,10,Caruaru,Bebidas,Suco de caju,8.0,5,Débito,5.0,40.0
2025-02-10,12,Recife,Pratos,Cuscuz com carne de sol,22.0,4,Débito,1.0,88.0
2025-02-10,13,Caruaru,Pratos,Baião de dois,28.0,3,Pix,3.0,84.0
2025-02-10,14,Recife,Salgados,Pastel,8.0,4,Débito,5.0,32.0
2025-02-10,16,Caruaru,Salgados,Pastel,8.0,5,Débito,4.0,40.0
2025-02-10,19,Olinda,Bebidas,Caldo de cana,7.0,2,Crédito,4.0,14.0
2025-02-10,19,Olinda,Salgados,Pastel,8.0,1,Pix,3.0,8.0
2025-02-10,19,Petrolina,Salgados,Pastel,8.0,1,Débito,2.0,8.0
2025-02-10,19,Olinda,Pratos,Cuscuz com carne de sol,22.0,5,Pix,5.0,110.0
2025-02-10,20,Caruaru,Bebidas,Café,6.0,3,Pix,2.0,18.0
2025-02-10,21,Petrolina,Salgados,Pastel,8.0,5,Crédito,5.0,40.0
2025-02-11,8,Olinda,Bebidas,Caldo de cana,7.0,2,Pix,5.0,14.0
2025-02-11,8,Garanhuns,Doces,Bolo de rolo,9.0,2,Crédito,4.0,18.0
2025-02-11,10,Recife,Pratos,Baião de dois,28.0,2,Crédito,1.0,56.0
2025-02-11,10,Caruaru,Salgados,Pastel,8.0,3,Débito,2.0,24.0
2025-02-11,11,Garanhuns,Salgados,Tapioca,12.0,5,Pix,3.0,60.0
2025-02-11,12,Garanhuns,Doces,Bolo de rolo,9.0,3,Pix,3.0,27.0
2025-02-11,13,Petrolina,Bebidas,Caldo de cana,7.0,3,Crédito,5.0,21.0
2025-02-11,14,Petrolina,Bebidas,Suco de caju,8.0,1,Crédito,5.0,8.0
2025-02-11,16,Garanhuns,Pratos,Baião de dois,28.0,2,Dinheiro,2.0,56.0
2025-02-11,17,Olinda,Doces,Bolo de rolo,9.0,2,Pix,1.0,18.0
2025-02-11,18,Caruaru,Doces,Cocada,5.0,1,Dinheiro,2.0,5.0
2025-02-12,8,Garanhuns,Doces,Cocada,5.0,1,Pix,2.0,5.0
2025-02-12,12,Olinda,Bebidas,Caldo de cana,7.0,1,Dinheiro,2.0,7.0
2025-02-12,19,Caruaru,Salgados,Coxinha,7.5,4,Crédito,2.0,30.0
2025-02-12,19,Olinda,Bebidas,Caldo de cana,7.0,5,Crédito,5.0,35.0
2025-02-12,20,Olinda,Pratos,Baião de dois,28.0,5,Crédito,4.0,140.0
2025-02-12,21,Recife,Bebidas,Café,6.0,1,Dinheiro,1.0,6.0
2025-02-13,7,Caruaru,Pratos,Baião de dois,28.0,4,Crédito,4.0,112.0
2025-02-13,8,Caruaru,Bebidas,Café,6.0,3,Débito,2.0,18.0
2025-02-13,8,Recife,Pratos,Macaxeira com charque,25.0,1,Débito,5.0,25.0
2025-02-13,10,Recife,Doces,Cartola,14.0,2,Débito,2.0,28.0
2025-02-13,11,Petrolina,Bebidas,Suco de caju,8.0,5,Crédito,4.0,40.0
2025-02-13,12,Garanhuns,Pratos,Baião de dois,28.0,4,Pix,1.0,112.0
2025-02-13,13,Caruaru,Pratos,Cuscuz com carne de sol,22.0,3,Crédito,4.0,66.0
2025-02-13,14,Caruaru,Doces,Bolo de rolo,9.0,4,Pix,4.0,36.0
2025-02-13,15,Recife,Doces,Cartola,14.0,2,Pix,5.0,28.0
2025-02-13,15,Caruaru,Salgados,Tapioca,12.0,2,Dinheiro,5.0,24.0
2025-02-13,16,Recife,Bebidas,Suco de caju,8.0,2,Pix,4.0,16.0
2025-02-13,17,Petrolina,Pratos,Baião de dois,28.0,4,Débito,3.0,112.0
2025-02-13,17,Olinda,Pratos,Cuscuz com carne de sol,22.0,5,Débito,1.0,110.0
2025-02-13,18,Recife,Doces,Cocada,5.0,5,Débito,2.0,25.0
2025-02-14,7,Caruaru,Bebidas,Suco de caju,8.0,1,Pix,3.0,8.0
2025-02-14,8,Petrolina,Doces,Bolo de rolo,9.0,3,Crédito,2.0,27.0
2025-02-14,10,Caruaru,Salgados,Coxinha,7.5,3,Débito,5.0,22.5
2025-02-14,10,Petrolina,Doces,Bolo de rolo,9.0,2,Débito,,18.0
2025-02-14,12,Petrolina,Doces,Bolo de rolo,9.0,2,Pix,1.0,18.0
2025-02-14,14,Caruaru,Bebidas,Suco de caju,8.0,4,Pix,5.0,32.0
2025-02-14,15,Olinda,Salgados,Coxinha,7.5,1,Pix,4.0,7.5
2025-02-14,17,Petrolina,Salgados,Tapioca,12.0,4,Pix,2.0,48.0
2025-02-14,18,Olinda,Doces,Cocada,5.0,2,Pix,3.0,10.0
2025-02-15,10,Olinda,Bebidas,Caldo de cana,7.0,3,Pix,3.0,21.0
2025-02-15,10,Olinda,Doces,Bolo de rolo,9.0,3,Pix,5.0,27.0
2025-02-15,10,Caruaru,Salgados,Coxinha,7.5,3,Pix,3.0,22.5
2025-02-15,12,Caruaru,Salgados,Pastel,8.0,2,Débito,1.0,16.0
2025-02-15,12,Petrolina,Bebidas,Caldo de cana,7.0,4,Crédito,4.0,28.0
2025-02-15,12,Caruaru,Bebidas,Caldo de cana,7.0,1,Débito,5.0,7.0
2025-02-15,13,Garanhuns,Bebidas,Café,6.0,3,Pix,3.0,18.0
2025-02-15,14,Petrolina,Bebidas,Café,6.0,1,Débito,3.0,6.0
2025-02-15,14,Olinda,Doces,Cartola,14.0,3,Pix,2.0,42.0
2025-02-15,15,Recife,Bebidas,Caldo de cana,7.0,5,Pix,5.0,35.0
2025-02-15,15,Caruaru,Pratos,Cuscuz com carne de sol,22.0,4,Pix,5.0,88.0
2025-02-15,15,Recife,Doces,Bolo de rolo,9.0,2,Débito,5.0,18.0
2025-02-15,17,Petrolina,Pratos,Macaxeira com charque,25.0,2,Pix,1.0,50.0
2025-02-15,18,Caruaru,Doces,Cocada,5.0,3,Crédito,4.0,15.0
2025-02-15,18,Recife,Salgados,Tapioca,12.0,5,Pix,1.0,60.0
2025-02-15,20,Recife,Bebidas,Café,6.0,2,Pix,1.0,12.0
2025-02-15,21,Recife,Salgados,Tapioca,12.0,5,Crédito,5.0,60.0
2025-02-15,21,Petrolina,Salgados,Tapioca,12.0,3,Débito,3.0,36.0
2025-02-15,21,Petrolina,Doces,Bolo de rolo,9.0,2,Crédito,5.0,18.0
2025-02-16,7,Olinda,Bebidas,Suco de caju,8.0,2,Pix,1.0,16.0
2025-02-16,10,Petrolina,Salgados,Coxinha,7.5,3,Pix,2.0,22.5
2025-02-16,13,Recife,Doces,Bolo de rolo,9.0,5,Débito,5.0,45.0
2025-02-16,13,Olinda,Doces,Bolo de rolo,9.0,2,Crédito,2.0,18.0
2025-02-16,15,Recife,Salgados,Tapioca,12.0,1,Pix,3.0,12.0
2025-02-16,15,Recife,Pratos,Cuscuz com carne de sol,22.0,4,Crédito,4.0,88.0
2025-02-16,17,Recife,Bebidas,Café,6.0,4,Crédito,4.0,24.0
2025-02-16,20,Recife,Pratos,Baião de dois,28.0,3,Pix,3.0,84.0
2025-02-16,20,Recife,Pratos,Cuscuz com carne de sol,22.0,5,Crédito,5.0,110.0
2025-02-16,20,Caruaru,Bebidas,Café,6.0,3,Débito,3.0,18.0
2025-02-16,21,Recife,Bebidas,Suco de caju,8.0,5,Pix,2.0,40.0
2025-02-16,21,Petrolina,Salgados,Coxinha,7.5,2,Crédito,3.0,15.0
2025-02-16,21,Caruaru,Pratos,Cuscuz com carne de sol,22.0,3,Pix,2.0,66.0
2025-02-17,7,Olinda,Bebidas,Suco de caju,8.0,4,Pix,4.0,32.0
2025-02-17,9,Recife,Pratos,Cuscuz com carne de sol,22.0,2,Crédito,3.0,44.0
2025-02-17,9,Recife,Salgados,Pastel,8.0,1,Pix,3.0,8.0
2025-02-17,11,Caruaru,Salgados,Tapioca,12.0,4,Dinheiro,1.0,48.0
2025-02-17,12,Caruaru,Doces,Cocada,5.0,5,Pix,4.0,25.0
2025-02-17,14,Olinda,Salgados,Pastel,8.0,2,Crédito,3.0,16.0
2025-02-17,15,Olinda,Bebidas,Caldo de cana,7.0,3,Dinheiro,5.0,21.0
2025-02-17,15,Garanhuns,Pratos,Macaxeira com charque,25.0,4,Débito,2.0,100.0
2025-02-17,18,Recife,Bebidas,Suco de caju,8.0,4,Pix,5.0,32.0
2025-02-17,18,Olinda,Pratos,Baião de dois,28.0,4,Pix,5.0,112.0
2025-02-17,18,Recife,Doces,Bolo de rolo,9.0,2,Crédito,5.0,18.0
2025-02-17,19,Garanhuns,Pratos,Baião de dois,28.0,1,Crédito,4.0,28.0
2025-02-17,20,Recife,Doces,Bolo de rolo,9.0,3,Dinheiro,4.0,27.0
2025-02-17,20,Recife,Bebidas,Suco de caju,8.0,4,Crédito,4.0,32.0
2025-02-17,20,Petrolina,Salgados,Coxinha,7.5,4,Pix,4.0,30.0
2025-02-17,21,Petrolina,Doces,Bolo de rolo,9.0,4,Débito,4.0,36.0
2025-02-18,7,Olinda,Bebidas,Café,6.0,1,Dinheiro,1.0,6.0
2025-02-18,7,Recife,Salgados,Tapioca,12.0,1,Dinheiro,1.0,12.0
2025-02-18,8,Caruaru,Pratos,Baião de dois,28.0,2,Dinheiro,4.0,56.0
2025-02-18,8,Recife,Salgados,Pastel,8.0,2,Crédito,2.0,16.0
2025-02-18,9,Olinda,Pratos,Baião de dois,28.0,4,Pix,3.0,112.0
2025-02-18,10,Caruaru,Salgados,Tapioca,12.0,2,Débito,4.0,24.0
2025-02-18,11,Caruaru,Doces,Bolo de rolo,9.0,2,Crédito,3.0,18.0
2025-02-18,12,Recife,Bebidas,Suco de caju,8.0,4,Crédito,5.0,32.0
2025-02-18,15,Caruaru,Pratos,Baião de dois,28.0,3,Débito,2.0,84.0
2025-02-18,15,Olinda,Doces,Bolo de rolo,9.0,2,Pix,5.0,18.0
2025-02-18,16,Caruaru,Salgados,Coxinha,7.5,1,Débito,1.0,7.5
2025-02-18,20,Caruaru,Doces,Bolo de rolo,9.0,3,Crédito,4.0,27.0
2025-02-18,21,Olinda,Doces,Cocada,5.0,2,Débito,4.0,10.0
2025-02-18,21,Recife,Bebidas,Suco de caju,8.0,5,Crédito,3.0,40.0
2025-02-18,21,Recife,Pratos,Cuscuz com carne de sol,22.0,4,Pix,1.0,88.0
2025-02-19,7,Caruaru,Salgados,Tapioca,12.0,5,Crédito,1.0,60.0
2025-02-19,7,Caruaru,Doces,Bolo de rolo,9.0,4,Dinheiro,4.0,36.0
2025-02-19,8,Caruaru,Bebidas,Suco de caju,8.0,4,Dinheiro,2.0,32.0
2025-02-19,10,Recife,Bebidas,Suco de caju,8.0,2,Pix,5.0,16.0
2025-02-19,11,Petrolina,Salgados,Pastel,8.0,3,Débito,5.0,24.0
2025-02-19,12,Recife,Salgados,Coxinha,7.5,2,Débito,3.0,15.0
2025-02-19,15,Garanhuns,Bebidas,Caldo de cana,7.0,3,Crédito,1.0,21.0
2025-02-19,17,Petrolina,Pratos,Baião de dois,28.0,4,Dinheiro,5.0,112.0
2025-02-19,18,Petrolina,Salgados,Coxinha,7.5,4,Crédito,2.0,30.0
2025-02-19,19,Recife,Salgados,Coxinha,7.5,3,Pix,3.0,22.5
2025-02-19,20,Recife,Salgados,Coxinha,7.5,5,Pix,2.0,37.5
2025-02-19,20,Caruaru,Salgados,Pastel,8.0,4,Pix,1.0,32.0
2025-02-19,20,Recife,Salgados,Pastel,8.0,2,Crédito,5.0,16.0
2025-02-19,21,Petrolina,Bebidas,Suco de caju,8.0,1,Dinheiro,3.0,8.0
2025-02-20,10,Petrolina,Bebidas,Café,6.0,2,Pix,5.0,12.0
2025-02-20,12,Olinda,Pratos,Baião de dois,28.0,2,Crédito,4.0,56.0
2025-02-20,13,Caruaru,Pratos,Cuscuz com carne de sol,22.0,2,Pix,4.0,44.0
2025-02-20,13,Petrolina,Pratos,Macaxeira com charque,25.0,5,Pix,1.0,125.0
2025-02-20,14,Caruaru,Pratos,Cuscuz com carne de sol,22.0,4,Crédito,5.0,88.0
2025-02-20,16,Recife,Pratos,Baião de dois,28.0,2,Crédito,3.0,56.0
2025-02-20,19,Recife,Bebidas,Suco de caju,8.0,3,Pix,3.0,24.0
2025-02-20,19,Recife,Pratos,Macaxeira com charque,25.0,4,Crédito,5.0,100.0
2025-02-20,20,Recife,Doces,Bolo de rolo,9.0,1,Crédito,4.0,9.0
2025-02-20,20,Olinda,Pratos,Cuscuz com carne de sol,22.0,3,Débito,5.0,66.0
2025-02-20,20,Olinda,Bebidas,Suco de caju,8.0,2,Débito,4.0,16.0
2025-02-20,20,Recife,Doces,Cocada,5.0,1,Crédito,2.0,5.0
2025-02-20,21,Garanhuns,Salgados,Pastel,8.0,4,Débito,3.0,32.0
2025-02-21,7,Recife,Doces,Cartola,14.0,1,Pix,1.0,14.0
2025-02-21,7,Recife,Doces,Bolo de rolo,9.0,1,Pix,1.0,9.0
2025-02-21,8,Recife,Salgados,Pastel,8.0,4,Débito,1.0,32.0
2025-02-21,9,Petrolina,Pratos,Macaxeira com charque,25.0,5,Débito,2.0,125.0
2025-02-21,10,Caruaru,Salgados,Pastel,8.0,5,Pix,1.0,40.0
2025-02-21,12,Caruaru,Pratos,Baião de dois,28.0,1,Pix,3.0,28.0
2025-02-21,13,Recife,Bebidas,Caldo de cana,7.0,2,Pix,1.0,14.0
2025-02-21,16,Recife,Doces,Cocada,5.0,3,Pix,2.0,15.0
2025-02-21,17,Recife,Pratos,Baião de dois,28.0,5,Crédito,4.0,140.0
2025-02-21,18,Recife,Doces,Cartola,14.0,4,Pix,5.0,56.0
2025-02-21,20,Petrolina,Doces,Cartola,14.0,3,Pix,2.0,42.0
2025-02-21,20,Caruaru,Salgados,Pastel,8.0,1,Pix,4.0,8.0
2025-02-21,20,Recife,Doces,Cartola,14.0,5,Débito,3.0,70.0
2025-02-22,7,Recife,Bebidas,Café,6.0,3,Pix,1.0,18.0
2025-02-22,8,Caruaru,Salgados,Pastel,8.0,5,Crédito,5.0,40.0
2025-02-22,8,Recife,Pratos,Macaxeira com charque,25.0,1,Pix,3.0,25.0
2025-02-22,9,Caruaru,Salgados,Tapioca,12.0,2,Débito,3.0,24.0
2025-02-22,10,Petrolina,Pratos,Baião de dois,28.0,1,Pix,5.0,28.0
2025-02-22,10,Petrolina,Bebidas,Suco de caju,8.0,2,Pix,2.0,16.0
2025-02-22,13,Petrolina,Doces,Cocada,5.0,4,Pix,3.0,20.0
2025-02-22,13,Petrolina,Doces,Bolo de rolo,9.0,5,Crédito,2.0,45.0
2025-02-22,14,Petrolina,Bebidas,Caldo de cana,7.0,5,Crédito,3.0,35.0
2025-02-22,16,Caruaru,Bebidas,Caldo de cana,7.0,2,Pix,4.0,14.0
2025-02-22,18,Recife,Doces,Cocada,5.0,1,Crédito,5.0,5.0
2025-02-22,18,Caruaru,Doces,Bolo de rolo,9.0,2,Crédito,1.0,18.0
2025-02-22,18,Recife,Doces,Cocada,5.0,1,Débito,4.0,5.0
2025-02-22,18,Caruaru,Pratos,Cuscuz com carne de sol,22.0,1,Pix,4.0,22.0
2025-02-22,19,Olinda,Bebidas,Caldo de cana,7.0,5,Débito,1.0,35.0
2025-02-22,21,Petrolina,Pratos,Macaxeira com charque,25.0,4,Pix,1.0,100.0
2025-02-22,21,Recife,Salgados,Coxinha,7.5,2,Crédito,2.0,15.0
2025-02-22,21,Petrolina,Bebidas,Suco de caju,8.0,1,Dinheiro,5.0,8.0
2025-02-23,8,Olinda,Pratos,Cuscuz com carne de sol,22.0,5,Pix,4.0,110.0
2025-02-23,9,Caruaru,Doces,Bolo de rolo,9.0,2,Pix,3.0,18.0
2025-02-23,13,Olinda,Pratos,Macaxeira com charque,25.0,5,Pix,5.0,125.0
2025-02-23,14,Recife,Doces,Bolo de rolo,9.0,3,Pix,3.0,27.0
2025-02-23,15,Caruaru,Doces,Cartola,14.0,4,Crédito,3.0,56.0
2025-02-23,16,Recife,Pratos,Baião de dois,28.0,1,Pix,1.0,28.0
2025-02-23,16,Recife,Pratos,Baião de dois,28.0,4,Crédito,1.0,112.0
2025-02-23,16,Petrolina,Doces,Bolo de rolo,9.0,5,Crédito,2.0,45.0
2025-02-23,18,Caruaru,Pratos,Cuscuz com carne de sol,22.0,2,Débito,2.0,44.0
2025-02-23,20,Petrolina,Salgados,Pastel,8.0,5,Pix,,40.0
2025-02-23,21,Olinda,Salgados,Coxinha,7.5,4,Pix,3.0,30.0
2025-02-24,7,Petrolina,Pratos,Cuscuz com carne de sol,22.0,4,Pix,2.0,88.0
2025-02-24,9,Petrolina,Salgados,Coxinha,7.5,2,Pix,2.0,15.0
2025-02-24,11,Garanhuns,Bebidas,Caldo de cana,7.0,2,Pix,3.0,14.0
2025-02-24,11,Caruaru,Doces,Bolo de rolo,9.0,2,Débito,3.0,18.0
2025-02-24,12,Recife,Pratos,Cuscuz com carne de sol,22.0,4,Débito,1.0,88.0
2025-02-24,12,Olinda,Pratos,Baião de dois,28.0,1,Crédito,2.0,28.0
2025-02-24,13,Caruaru,Salgados,Pastel,8.0,4,Pix,4.0,32.0
2025-02-24,14,Caruaru,Bebidas,Caldo de cana,7.0,2,Pix,3.0,14.0
2025-02-24,15,Petrolina,Bebidas,Caldo de cana,7.0,4,Débito,5.0,28.0
2025-02-24,18,Garanhuns,Doces,Cartola,14.0,2,Crédito,1.0,28.0
2025-02-24,18,Petrolina,Doces,Cocada,5.0,2,Pix,1.0,10.0
2025-02-24,18,Recife,Doces,Bolo de rolo,9.0,4,Pix,5.0,36.0
2025-02-24,20,Petrolina,Doces,Cocada,5.0,1,Pix,3.0,5.0
2025-02-25,7,Recife,Salgados,Tapioca,12.0,5,Crédito,4.0,60.0
2025-02-25,7,Petrolina,Bebidas,Café,6.0,5,Crédito,5.0,30.0
2025-02-25,8,Recife,Salgados,Tapioca,12.0,4,Crédito,1.0,48.0
2025-02-25,8,Petrolina,Doces,Bolo de rolo,9.0,5,Pix,5.0,45.0
2025-02-25,9,Olinda,Pratos,Macaxeira com charque,25.0,3,Pix,2.0,75.0
2025-02-25,10,Petrolina,Bebidas,Café,6.0,1,Dinheiro,2.0,6.0
2025-02-25,11,Caruaru,Salgados,Tapioca,12.0,3,Pix,4.0,36.0
2025-02-25,13,Recife,Salgados,Coxinha,7.5,5,Crédito,3.0,37.5
2025-02-25,14,Recife,Bebidas,Suco de caju,8.0,1,Pix,4.0,8.0
2025-02-25,15,Caruaru,Doces,Cocada,5.0,5,Pix,1.0,25.0
2025-02-25,15,Recife,Bebidas,Café,6.0,4,Crédito,2.0,24.0
2025-02-25,16,Caruaru,Bebidas,Caldo de cana,7.0,1,Débito,2.0,7.0
2025-02-25,17,Caruaru,Bebidas,Café,6.0,4,Dinheiro,3.0,24.0
2025-02-25,19,Olinda,Doces,Cartola,14.0,2,Pix,2.0,28.0
2025-02-25,20,Recife,Doces,Cocada,5.0,5,Pix,3.0,25.0
2025-02-25,20,Recife,Bebidas,Suco de caju,8.0,4,Pix,3.0,32.0
2025-02-25,21,Olinda,Bebidas,Café,6.0,3,Crédito,3.0,18.0
2025-02-26,7,Olinda,Doces,Bolo de rolo,9.0,1,Débito,5.0,9.0
2025-02-26,7,Recife,Bebidas,Café,6.0,2,Pix,5.0,12.0
2025-02-26,8,Olinda,Bebidas,Suco de caju,8.0,2,Pix,1.0,16.0
2025-02-26,8,Recife,Salgados,Pastel,8.0,1,Pix,3.0,8.0
2025-02-26,8,Garanhuns,Pratos,Cuscuz com carne de sol,22.0,3,Dinheiro,3.0,66.0
2025-02-26,8,Recife,Bebidas,Café,6.0,4,Pix,3.0,24.0
2025-02-26,9,Olinda,Bebidas,Café,6.0,2,Pix,4.0,12.0
2025-02-26,10,Caruaru,Salgados,Tapioca,12.0,2,Débito,1.0,24.0
2025-02-26,10,Olinda,Bebidas,Caldo de cana,7.0,3,Pix,4.0,21.0
2025-02-26,13,Recife,Pratos,Macaxeira com charque,25.0,1,Crédito,2.0,25.0
2025-02-26,14,Caruaru,Bebidas,Caldo de cana,7.0,5,Pix,4.0,35.0
2025-02-26,15,Recife,Bebidas,Suco de caju,8.0,3,Pix,4.0,24.0
2025-02-26,17,Caruaru,Pratos,Macaxeira com charque,25.0,5,Pix,1.0,125.0
2025-02-26,19,Petrolina,Salgados,Tapioca,12.0,2,Crédito,2.0,24.0
2025-02-26,19,Recife,Doces,Cartola,14.0,1,Crédito,5.0,14.0
2025-02-26,20,Olinda,Bebidas,Café,6.0,1,Pix,3.0,6.0
2025-02-26,21,Petrolina,Salgados,Coxinha,7.5,4,Pix,1.0,30.0
2025-02-27,8,Recife,Pratos,Macaxeira com charque,25.0,1,Crédito,2.0,25.0
2025-02-27,9,Recife,Pratos,Macaxeira com charque,25.0,2,Crédito,5.0,50.0
2025-02-27,10,Garanhuns,Bebidas,Caldo de cana,7.0,4,Débito,3.0,28.0
2025-02-27,11,Garanhuns,Doces,Bolo de rolo,9.0,1,Débito,2.0,9.0
2025-02-27,11,Olinda,Salgados,Tapioca,12.0,4,Crédito,1.0,48.0
2025-02-27,13,Recife,Bebidas,Café,6.0,5,Dinheiro,2.0,30.0
2025-02-27,13,Petrolina,Doces,Bolo de rolo,9.0,2,Crédito,5.0,18.0
2025-02-27,14,Recife,Pratos,Cuscuz com carne de sol,22.0,2,Pix,4.0,44.0
2025-02-27,14,Recife,Pratos,Baião de dois,28.0,1,Crédito,5.0,28.0
2025-02-27,14,Petrolina,Salgados,Tapioca,12.0,3,Crédito,5.0,36.0
2025-02-27,14,Recife,Pratos,Baião de dois,28.0,2,Débito,4.0,56.0
2025-02-27,16,Petrolina,Pratos,Baião de dois,28.0,3,Pix,5.0,84.0
2025-02-27,16,Petrolina,Bebidas,Café,6.0,1,Pix,5.0,6.0
2025-02-27,18,Garanhuns,Bebidas,Caldo de cana,7.0,4,Crédito,5.0,28.0
2025-02-27,18,Olinda,Salgados,Coxinha,7.5,1,Dinheiro,5.0,7.5
2025-02-27,21,Olinda,Bebidas,Suco de caju,8.0,2,Dinheiro,5.0,16.0
2025-02-27,21,Petrolina,Pratos,Macaxeira com charque,25.0,3,Débito,4.0,75.0
2025-02-28,8,Caruaru,Pratos,Cuscuz com carne de sol,22.0,5,Pix,2.0,110.0
2025-02-28,8,Caruaru,Pratos,Baião de dois,28.0,4,Crédito,1.0,112.0
2025-02-28,9,Petrolina,Bebidas,Caldo de cana,7.0,4,Crédito,3.0,28.0
2025-02-28,11,Recife,Pratos,Macaxeira com charque,25.0,1,Pix,4.0,25.0
2025-02-28,12,Olinda,Bebidas,Suco de caju,8.0,2,Débito,1.0,16.0
2025-02-28,12,Caruaru,Salgados,Tapioca,12.0,4,Crédito,4.0,48.0
2025-02-28,13,Olinda,Doces,Bolo de rolo,9.0,4,Débito,3.0,36.0
2025-02-28,13,Olinda,Doces,Cocada,5.0,3,Pix,3.0,15.0
2025-02-28,14,Caruaru,Pratos,Baião de dois,28.0,2,Dinheiro,3.0,56.0
2025-02-28,14,Petrolina,Bebidas,Café,6.0,2,Crédito,5.0,12.0
2025-02-28,15,Caruaru,Bebidas,Caldo de cana,7.0,5,Pix,4.0,35.0
2025-02-28,15,Recife,Doces,Cocada,5.0,1,Crédito,4.0,5.0
2025-02-28,18,Caruaru,Bebidas,Café,6.0,1,Pix,4.0,6.0
2025-02-28,18,Recife,Salgados,Tapioca,12.0,4,Crédito,2.0,48.0
2025-02-28,18,Recife,Salgados,Pastel,8.0,4,Pix,5.0,32.0
2025-02-28,21,Olinda,Bebidas,Suco de caju,8.0,2,Pix,5.0,16.0
2025-03-01,7,Petrolina,Pratos,Baião de dois,28.0,5,Pix,4.0,140.0
2025-03-01,9,Caruaru,Bebidas,Café,6.0,4,Pix,2.0,24.0
2025-03-01,9,Olinda,Salgados,Pastel,8.0,4,Dinheiro,2.0,32.0
2025-03-01,10,Recife,Doces,Bolo de rolo,9.0,1,Dinheiro,4.0,9.0
2025-03-01,11,Recife,Bebidas,Caldo de cana,7.0,3,Crédito,4.0,21.0
2025-03-01,11,Recife,Salgados,Coxinha,7.5,2,Débito,,15.0
2025-03-01,12,Recife,Pratos,Baião de dois,28.0,4,Débito,1.0,112.0
2025-03-01,12,Olinda,Salgados,Tapioca,12.0,3,Débito,2.0,36.0
2025-03-01,13,Caruaru,Pratos,Cuscuz com carne de sol,22.0,1,Débito,2.0,22.0
2025-03-01,13,Olinda,Pratos,Baião de dois,28.0,1,Dinheiro,2.0,28.0
2025-03-01,20,Olinda,Pratos,Cuscuz com carne de sol,22.0,3,Débito,5.0,66.0
2025-03-01,21,Olinda,Bebidas,Café,6.0,3,Crédito,4.0,18.0
2025-03-01,21,Caruaru,Salgados,Pastel,8.0,5,Pix,4.0,40.0
2025-03-02,8,Recife,Doces,Cocada,5.0,2,Pix,2.0,10.0
2025-03-02,10,Petrolina,Pratos,Macaxeira com charque,25.0,3,Débito,2.0,75.0
2025-03-02,11,Petrolina,Bebidas,Suco de caju,8.0,2,Pix,2.0,16.0
2025-03-02,11,Recife,Pratos,Baião de dois,28.0,3,Débito,1.0,84.0
2025-03-02,12,Petrolina,Doces,Bolo de rolo,9.0,4,Pix,2.0,36.0
2025-03-02,12,Recife,Doces,Bolo de rolo,9.0,5,Crédito,4.0,45.0
2025-03-02,12,Olinda,Pratos,Macaxeira com charque,25.0,1,Pix,4.0,25.0
2025-03-02,13,Caruaru,Salgados,Tapioca,12.0,3,Débito,1.0,36.0
2025-03-02,13,Garanhuns,Salgados,Pastel,8.0,4,Pix,3.0,32.0
2025-03-02,15,Petrolina,Doces,Cocada,5.0,1,Débito,4.0,5.0
2025-03-02,18,Recife,Bebidas,Café,6.0,2,Pix,1.0,12.0
2025-03-02,21,Garanhuns,Bebidas,Caldo de cana,7.0,5,Pix,4.0,35.0
2025-03-03,8,Garanhuns,Pratos,Macaxeira com charque,25.0,3,Pix,2.0,75.0
2025-03-03,9,Recife,Pratos,Cuscuz com carne de sol,22.0,4,Pix,4.0,88.0
2025-03-03,9,Caruaru,Bebidas,Suco de caju,8.0,3,Pix,1.0,24.0
2025-03-03,11,Petrolina,Doces,Bolo de rolo,9.0,3,Pix,3.0,27.0
2025-03-03,12,Caruaru,Bebidas,Caldo de cana,7.0,5,Pix,3.0,35.0
2025-03-03,12,Recife,Bebidas,Suco de caju,8.0,3,Débito,5.0,24.0
2025-03-03,12,Olinda,Bebidas,Café,6.0,3,Pix,4.0,18.0
2025-03-03,13,Recife,Doces,Bolo de rolo,9.0,4,Pix,2.0,36.0
2025-03-03,14,Garanhuns,Salgados,Coxinha,7.5,1,Pix,5.0,7.5
2025-03-03,14,Petrolina,Pratos,Cuscuz com carne de sol,22.0,3,Débito,5.0,66.0
2025-03-03,16,Petrolina,Doces,Cocada,5.0,3,Crédito,2.0,15.0
2025-03-03,18,Caruaru,Bebidas,Caldo de cana,7.0,5,Pix,3.0,35.0
2025-03-04,7,Petrolina,Pratos,Macaxeira com charque,25.0,5,Pix,2.0,125.0
2025-03-04,8,Recife,Bebidas,Suco de caju,8.0,2,Débito,2.0,16.0
2025-03-04,9,Olinda,Bebidas,Caldo de cana,7.0,3,Crédito,3.0,21.0
2025-03-04,11,Recife,Bebidas,Café,6.0,1,Pix,1.0,6.0
2025-03-04,13,Caruaru,Doces,Cocada,5.0,1,Dinheiro,5.0,5.0
2025-03-04,14,Recife,Doces,Cartola,14.0,2,Pix,3.0,28.0
2025-03-04,14,Garanhuns,Bebidas,Suco de caju,8.0,1,Pix,1.0,8.0
2025-03-04,18,Olinda,Salgados,Coxinha,7.5,5,Pix,5.0,37.5
2025-03-04,19,Olinda,Pratos,Baião de dois,28.0,1,Débito,5.0,28.0
2025-03-04,21,Petrolina,Doces,Cocada,5.0,3,Débito,4.0,15.0
2025-03-05,7,Petrolina,Doces,Cocada,5.0,3,Dinheiro,5.0,15.0
2025-03-05,8,Petrolina,Doces,Cocada,5.0,4,Pix,3.0,20.0
2025-03-05,11,Recife,Bebidas,Caldo de cana,7.0,2,Débito,1.0,14.0
2025-03-05,12,Recife,Salgados,Tapioca,12.0,2,Pix,2.0,24.0
2025-03-05,15,Olinda,Salgados,Tapioca,12.0,1,Crédito,4.0,12.0
2025-03-05,16,Petrolina,Pratos,Baião de dois,28.0,3,Débito,2.0,84.0
2025-03-05,17,Petrolina,Bebidas,Caldo de cana,7.0,2,Crédito,4.0,14.0
2025-03-05,17,Olinda,Salgados,Tapioca,12.0,3,Débito,1.0,36.0
2025-03-05,17,Petrolina,Pratos,Macaxeira com charque,25.0,5,Crédito,3.0,125.0
2025-03-05,18,Garanhuns,Bebidas,Suco de caju,8.0,3,Débito,5.0,24.0
2025-03-05,18,Recife,Pratos,Cuscuz com carne de sol,22.0,1,Crédito,5.0,22.0
2025-03-05,19,Petrolina,Salgados,Coxinha,7.5,1,Dinheiro,1.0,7.5
2025-03-05,19,Recife,Bebidas,Caldo de cana,7.0,4,Dinheiro,4.0,28.0
2025-03-05,19,Recife,Doces,Bolo de rolo,9.0,3,Pix,2.0,27.0
2025-03-05,20,Recife,Doces,Cartola,14.0,5,Crédito,3.0,70.0
2025-03-05,21,Petrolina,Salgados,Pastel,8.0,3,Crédito,4.0,24.0
2025-03-05,21,Recife,Bebidas,Caldo de cana,7.0,1,Pix,4.0,7.0
2025-03-06,7,Recife,Pratos,Cuscuz com carne de sol,22.0,4,Débito,1.0,88.0
2025-03-06,7,Petrolina,Pratos,Baião de dois,28.0,3,Pix,3.0,84.0
2025-03-06,9,Olinda,Bebidas,Café,6.0,4,Débito,,24.0
2025-03-06,10,Recife,Bebidas,Caldo de cana,7.0,1,Pix,4.0,7.0
2025-03-06,11,Recife,Salgados,Tapioca,12.0,5,Pix,1.0,60.0
2025-03-06,11,Garanhuns,Pratos,Baião de dois,28.0,2,Dinheiro,5.0,56.0
2025-03-06,15,Recife,Doces,Cocada,5.0,3,Débito,1.0,15.0
2025-03-06,16,Olinda,Pratos,Cuscuz com carne de sol,22.0,1,Crédito,3.0,22.0
2025-03-06,17,Recife,Pratos,Cuscuz com carne de sol,22.0,2,Pix,4.0,44.0
2025-03-06,20,Olinda,Pratos,Macaxeira com charque,25.0,3,Crédito,5.0,75.0
2025-03-07,8,Caruaru,Doces,Cocada,5.0,1,Crédito,2.0,5.0
2025-03-07,8,Olinda,Doces,Cocada,5.0,3,Pix,2.0,15.0
2025-03-07,8,Caruaru,Pratos,Cuscuz com carne de sol,22.0,2,Crédito,2.0,44.0
2025-03-07,9,Garanhuns,Salgados,Coxinha,7.5,3,Pix,5.0,22.5
2025-03-07,10,Olinda,Doces,Cartola,14.0,5,Crédito,2.0,70.0
2025-03-07,11,Olinda,Pratos,Cuscuz com carne de sol,22.0,1,Débito,4.0,22.0
2025-03-07,12,Petrolina,Doces,Cocada,5.0,1,Débito,2.0,5.0
2025-03-07,13,Petrolina,Salgados,Pastel,8.0,2,Débito,5.0,16.0
2025-03-07,13,Recife,Doces,Cartola,14.0,4,Dinheiro,5.0,56.0
2025-03-07,14,Olinda,Bebidas,Caldo de cana,7.0,1,Débito,3.0,7.0
2025-03-07,15,Recife,Doces,Cartola,14.0,5,Pix,3.0,70.0
2025-03-07,15,Petrolina,Doces,Cartola,14.0,3,Pix,3.0,42.0
2025-03-07,16,Caruaru,Pratos,Baião de dois,28.0,5,Pix,3.0,140.0
2025-03-07,17,Garanhuns,Doces,Bolo de rolo,9.0,4,Débito,5.0,36.0
2025-03-07,18,Recife,Salgados,Coxinha,7.5,3,Pix,2.0,22.5
2025-03-07,19,Recife,Bebidas,Suco de caju,8.0,2,Crédito,5.0,16.0
2025-03-07,20,Caruaru,Doces,Cartola,14.0,4,Dinheiro,2.0,56.0
2025-03-07,21,Caruaru,Bebidas,Caldo de cana,7.0,5,Dinheiro,5.0,35.0
2025-03-08,8,Recife,Doces,Bolo de rolo,9.0,2,Pix,1.0,18.0
2025-03-08,9,Recife,Salgados,Tapioca,12.0,2,Débito,3.0,24.0
2025-03-08,9,Olinda,Bebidas,Café,6.0,5,Débito,3.0,30.0
2025-03-08,12,Petrolina,Bebidas,Café,6.0,2,Pix,5.0,12.0
2025-03-08,12,Garanhuns,Bebidas,Café,6.0,3,Pix,5.0,18.0
2025-03-08,12,Petrolina,Salgados,Tapioca,12.0,2,Crédito,5.0,24.0
2025-03-08,15,Olinda,Pratos,Macaxeira com charque,25.0,1,Crédito,4.0,25.0
2025-03-08,16,Petrolina,Bebidas,Suco de caju,8.0,1,Crédito,3.0,8.0
2025-03-08,20,Recife,Salgados,Tapioca,12.0,4,Pix,5.0,48.0
2025-03-08,21,Recife,Bebidas,Caldo de cana,7.0,1,Crédito,5.0,7.0
2025-03-08,21,Recife,Bebidas,Café,6.0,4,Dinheiro,3.0,24.0
2025-03-09,7,Petrolina,Doces,Bolo de rolo,9.0,5,Débito,1.0,45.0
2025-03-09,9,Recife,Salgados,Coxinha,7.5,5,Pix,5.0,37.5
2025-03-09,9,Olinda,Bebidas,Café,6.0,2,Pix,1.0,12.0
2025-03-09,9,Garanhuns,Bebidas,Caldo de cana,7.0,2,Pix,3.0,14.0
2025-03-09,11,Petrolina,Pratos,Baião de dois,28.0,5,Dinheiro,3.0,140.0
2025-03-09,12,Recife,Bebidas,Suco de caju,8.0,1,Pix,3.0,8.0
2025-03-09,13,Olinda,Doces,Cartola,14.0,2,Débito,3.0,28.0
2025-03-09,13,Petrolina,Bebidas,Café,6.0,5,Crédito,2.0,30.0
2025-03-09,14,Caruaru,Bebidas,Suco de caju,8.0,5,Pix,2.0,40.0
2025-03-09,15,Recife,Pratos,Cuscuz com carne de sol,22.0,5,Pix,1.0,110.0
2025-03-09,19,Petrolina,Pratos,Cuscuz com carne de sol,22.0,2,Crédito,3.0,44.0
2025-03-09,20,Petrolina,Bebidas,Café,6.0,2,Pix,4.0,12.0
2025-03-09,21,Recife,Salgados,Coxinha,7.5,3,Pix,1.0,22.5
2025-03-09,21,Caruaru,Salgados,Tapioca,12.0,1,Débito,2.0,12.0
2025-03-10,7,Olinda,Bebidas,Suco de caju,8.0,1,Crédito,5.0,8.0
2025-03-10,7,Recife,Pratos,Cuscuz com carne de sol,22.0,2,Débito,2.0,44.0
2025-03-10,9,Caruaru,Salgados,Coxinha,7.5,3,Crédito,3.0,22.5
2025-03-10,10,Recife,Salgados,Pastel,8.0,2,Crédito,3.0,16.0
2025-03-10,10,Recife,Pratos,Cuscuz com carne de sol,22.0,3,Dinheiro,3.0,66.0
2025-03-10,10,Recife,Salgados,Pastel,8.0,1,Débito,2.0,8.0
2025-03-10,11,Olinda,Pratos,Macaxeira com charque,25.0,5,Pix,1.0,125.0
2025-03-10,11,Petrolina,Pratos,Macaxeira com charque,25.0,2,Crédito,1.0,50.0
2025-03-10,12,Petrolina,Bebidas,Caldo de cana,7.0,4,Débito,5.0,28.0
2025-03-10,13,Recife,Doces,Cocada,5.0,5,Pix,1.0,25.0
2025-03-10,13,Recife,Doces,Cocada,5.0,5,Pix,3.0,25.0
2025-03-10,14,Garanhuns,Salgados,Tapioca,12.0,3,Débito,4.0,36.0
2025-03-10,14,Recife,Pratos,Baião de dois,28.0,5,Pix,3.0,140.0
2025-03-10,15,Garanhuns,Pratos,Baião de dois,28.0,1,Pix,3.0,28.0
2025-03-10,16,Recife,Pratos,Cuscuz com carne de sol,22.0,1,Pix,5.0,22.0
2025-03-10,17,Olinda,Doces,Cocada,5.0,3,Pix,5.0,15.0
2025-03-10,18,Recife,Pratos,Baião de dois,28.0,4,Crédito,5.0,112.0
2025-03-10,19,Petrolina,Salgados,Pastel,8.0,4,Crédito,3.0,32.0
2025-03-10,20,Recife,Pratos,Macaxeira com charque,25.0,2,Pix,5.0,50.0
2025-03-10,20,Recife,Pratos,Cuscuz com carne de sol,22.0,2,Crédito,3.0,44.0
2025-03-10,21,Olinda,Doces,Cocada,5.0,5,Pix,2.0,25.0
2025-03-11,7,Caruaru,Pratos,Macaxeira com charque,25.0,5,Débito,3.0,125.0
2025-03-11,7,Caruaru,Pratos,Cuscuz com carne de sol,22.0,2,Pix,3.0,44.0
2025-03-11,8,Recife,Pratos,Macaxeira com charque,25.0,3,Crédito,1.0,75.0
2025-03-11,9,Caruaru,Bebidas,Suco de caju,8.0,4,Pix,4.0,32.0
2025-03-11,10,Recife,Pratos,Macaxeira com charque,25.0,5,Pix,4.0,125.0
2025-03-11,13,Caruaru,Doces,Bolo de rolo,9.0,2,Débito,3.0,18.0
2025-03-11,14,Petrolina,Salgados,Coxinha,7.5,5,Pix,1.0,37.5
2025-03-11,14,Petrolina,Pratos,Macaxeira com charque,25.0,1,Crédito,5.0,25.0
2025-03-11,18,Petrolina,Salgados,Pastel,8.0,3,Débito,1.0,24.0
2025-03-11,19,Recife,Bebidas,Suco de caju,8.0,4,Crédito,1.0,32.0
2025-03-11,20,Recife,Doces,Cocada,5.0,5,Crédito,4.0,25.0
2025-03-12,7,Caruaru,Pratos,Macaxeira com charque,25.0,5,Pix,3.0,125.0
2025-03-12,8,Caruaru,Bebidas,Suco de caju,8.0,1,Dinheiro,4.0,8.0
2025-03-12,10,Olinda,Pratos,Baião de dois,28.0,4,Pix,3.0,112.0
2025-03-12,10,Olinda,Bebidas,Suco de caju,8.0,4,Pix,3.0,32.0
2025-03-12,12,Caruaru,Pratos,Macaxeira com charque,25.0,2,Pix,5.0,50.0
2025-03-12,13,Petrolina,Doces,Bolo de rolo,9.0,2,Pix,5.0,18.0
2025-03-12,16,Olinda,Salgados,Pastel,8.0,1,Débito,1.0,8.0
2025-03-12,16,Petrolina,Salgados,Tapioca,12.0,5,Dinheiro,1.0,60.0
2025-03-12,19,Garanhuns,Salgados,Pastel,8.0,3,Débito,1.0,24.0
2025-03-12,20,Recife,Doces,Cartola,14.0,5,Crédito,5.0,70.0
2025-03-13,7,Olinda,Bebidas,Caldo de cana,7.0,4,Crédito,2.0,28.0
2025-03-13,7,Petrolina,Salgados,Tapioca,12.0,4,Crédito,3.0,48.0
2025-03-13,8,Recife,Pratos,Cuscuz com carne de sol,22.0,1,Débito,5.0,22.0
2025-03-13,8,Recife,Pratos,Cuscuz com carne de sol,22.0,2,Pix,4.0,44.0
2025-03-13,11,Olinda,Bebidas,Café,6.0,3,Débito,2.0,18.0
2025-03-13,11,Recife,Salgados,Coxinha,7.5,4,Crédito,1.0,30.0
2025-03-13,12,Caruaru,Pratos,Baião de dois,28.0,3,Pix,4.0,84.0
2025-03-13,12,Recife,Salgados,Coxinha,7.5,4,Crédito,5.0,30.0
2025-03-13,13,Petrolina,Salgados,Tapioca,12.0,1,Crédito,4.0,12.0
2025-03-13,15,Garanhuns,Salgados,Coxinha,7.5,2,Pix,5.0,15.0
2025-03-13,15,Recife,Salgados,Tapioca,12.0,3,Crédito,2.0,36.0
2025-03-13,15,Olinda,Doces,Bolo de rolo,9.0,1,Pix,3.0,9.0
2025-03-13,16,Caruaru,Pratos,Cuscuz com carne de sol,22.0,5,Dinheiro,1.0,110.0
2025-03-13,18,Recife,Doces,Cocada,5.0,4,Crédito,1.0,20.0
2025-03-13,19,Petrolina,Pratos,Macaxeira com charque,25.0,3,Pix,3.0,75.0
2025-03-13,19,Recife,Bebidas,Suco de caju,8.0,4,Crédito,4.0,32.0
2025-03-14,7,Petrolina,Pratos,Baião de dois,28.0,4,Dinheiro,4.0,112.0
2025-03-14,8,Petrolina,Salgados,Coxinha,7.5,1,Débito,4.0,7.5
2025-03-14,10,Recife,Bebidas,Café,6.0,2,Débito,4.0,12.0
2025-03-14,12,Caruaru,Bebidas,Suco de caju,8.0,5,Pix,5.0,40.0
2025-03-14,12,Recife,Pratos,Macaxeira com charque,25.0,2,Débito,3.0,50.0
2025-03-14,15,Recife,Bebidas,Caldo de cana,7.0,2,Pix,4.0,14.0
2025-03-14,16,Recife,Pratos,Cuscuz com carne de sol,22.0,3,Crédito,2.0,66.0
2025-03-14,16,Petrolina,Doces,Bolo de rolo,9.0,5,Pix,1.0,45.0
2025-03-14,16,Recife,Pratos,Baião de dois,28.0,2,Pix,1.0,56.0
2025-03-14,17,Caruaru,Pratos,Cuscuz com carne de sol,22.0,4,Débito,2.0,88.0
2025-03-14,19,Petrolina,Bebidas,Café,6.0,3,Dinheiro,3.0,18.0
2025-03-15,7,Petrolina,Doces,Bolo de rolo,9.0,5,Débito,1.0,45.0
2025-03-15,7,Petrolina,Bebidas,Café,6.0,3,Crédito,1.0,18.0
2025-03-15,9,Recife,Salgados,Coxinha,7.5,2,Pix,5.0,15.0
2025-03-15,10,Recife,Bebidas,Suco de caju,8.0,1,Pix,1.0,8.0
2025-03-15,10,Petrolina,Salgados,Coxinha,7.5,2,Débito,4.0,15.0
2025-03-15,12,Olinda,Pratos,Macaxeira com charque,25.0,3,Pix,4.0,75.0
2025-03-15,13,Caruaru,Doces,Bolo de rolo,9.0,2,Crédito,2.0,18.0
2025-03-15,13,Recife,Bebidas,Caldo de cana,7.0,1,Crédito,5.0,7.0
2025-03-15,13,Caruaru,Pratos,Baião de dois,28.0,4,Crédito,3.0,112.0
2025-03-15,14,Recife,Bebidas,Caldo de cana,7.0,1,Pix,5.0,7.0
2025-03-15,14,Petrolina,Bebidas,Caldo de cana,7.0,4,Pix,4.0,28.0
2025-03-15,14,Caruaru,Doces,Bolo de rolo,9.0,5,Débito,3.0,45.0
2025-03-15,15,Caruaru,Doces,Cocada,5.0,3,Pix,1.0,15.0
2025-03-15,16,Caruaru,Bebidas,Caldo de cana,7.0,4,Dinheiro,1.0,28.0
2025-03-15,18,Recife,Doces,Cocada,5.0,3,Pix,2.0,15.0
2025-03-15,18,Recife,Salgados,Tapioca,12.0,5,Pix,4.0,60.0
2025-03-15,18,Petrolina,Bebidas,Café,6.0,4,Dinheiro,1.0,24.0
2025-03-15,18,Recife,Bebidas,Caldo de cana,7.0,5,Débito,3.0,35.0
2025-03-15,21,Petrolina,Bebidas,Suco de caju,8.0,1,Pix,4.0,8.0
2025-03-15,21,Caruaru,Bebidas,Caldo de cana,7.0,2,Pix,4.0,14.0
2025-03-16,7,Recife,Pratos,Macaxeira com charque,25.0,3,Débito,3.0,75.0
2025-03-16,8,Petrolina,Bebidas,Café,6.0,5,Crédito,2.0,30.0
2025-03-16,10,Olinda,Pratos,Macaxeira com charque,25.0,2,Débito,3.0,50.0
2025-03-16,10,Recife,Pratos,Macaxeira com charque,25.0,3,Pix,1.0,75.0
2025-03-16,11,Olinda,Salgados,Coxinha,7.5,3,Crédito,5.0,22.5
2025-03-16,11,Recife,Bebidas,Suco de caju,8.0,2,Dinheiro,2.0,16.0
2025-03-16,11,Olinda,Doces,Bolo de rolo,9.0,3,Crédito,4.0,27.0
2025-03-16,13,Caruaru,Bebidas,Café,6.0,3,Crédito,4.0,18.0
2025-03-16,15,Recife,Bebidas,Caldo de cana,7.0,2,Pix,1.0,14.0
2025-03-16,21,Olinda,Doces,Cocada,5.0,3,Pix,5.0,15.0
2025-03-17,8,Petrolina,Salgados,Pastel,8.0,4,Crédito,2.0,32.0
2025-03-17,11,Olinda,Pratos,Macaxeira com charque,25.0,3,Pix,3.0,75.0
2025-03-17,12,Garanhuns,Doces,Bolo de rolo,9.0,3,Dinheiro,2.0,27.0
2025-03-17,13,Olinda,Pratos,Cuscuz com carne de sol,22.0,3,Dinheiro,5.0,66.0
2025-03-17,13,Olinda,Bebidas,Café,6.0,5,Pix,5.0,30.0
2025-03-17,14,Petrolina,Doces,Cartola,14.0,5,Pix,2.0,70.0
2025-03-17,14,Petrolina,Doces,Bolo de rolo,9.0,4,Pix,3.0,36.0
2025-03-17,14,Caruaru,Pratos,Macaxeira com charque,25.0,3,Pix,3.0,75.0
2025-03-17,15,Recife,Pratos,Cuscuz com carne de sol,22.0,3,Débito,3.0,66.0
2025-03-17,16,Recife,Salgados,Pastel,8.0,4,Pix,5.0,32.0
2025-03-17,18,Olinda,Bebidas,Café,6.0,5,Pix,1.0,30.0
2025-03-17,20,Caruaru,Salgados,Tapioca,12.0,1,Crédito,5.0,12.0
2025-03-17,21,Garanhuns,Doces,Cartola,14.0,3,Pix,4.0,42.0
2025-03-17,21,Caruaru,Salgados,Coxinha,7.5,3,Crédito,5.0,22.5
2025-03-18,7,Olinda,Salgados,Tapioca,12.0,4,Débito,1.0,48.0
2025-03-18,11,Petrolina,Pratos,Cuscuz com carne de sol,22.0,1,Dinheiro,5.0,22.0
2025-03-18,11,Caruaru,Doces,Cartola,14.0,2,Crédito,4.0,28.0
2025-03-18,11,Petrolina,Bebidas,Caldo de cana,7.0,3,Dinheiro,3.0,21.0
2025-03-18,13,Petrolina,Bebidas,Suco de caju,8.0,1,Pix,4.0,8.0
2025-03-18,13,Olinda,Doces,Bolo de rolo,9.0,3,Pix,3.0,27.0
2025-03-18,13,Petrolina,Doces,Bolo de rolo,9.0,3,Dinheiro,3.0,27.0
2025-03-18,15,Caruaru,Doces,Bolo de rolo,9.0,1,Pix,5.0,9.0
2025-03-18,15,Petrolina,Doces,Bolo de rolo,9.0,3,Dinheiro,,27.0
2025-03-18,15,Recife,Salgados,Coxinha,7.5,4,Pix,3.0,30.0
2025-03-18,16,Caruaru,Pratos,Cuscuz com carne de sol,22.0,4,Crédito,1.0,88.0
2025-03-18,17,Petrolina,Pratos,Baião de dois,28.0,2,Crédito,5.0,56.0
2025-03-18,17,Caruaru,Pratos,Baião de dois,28.0,5,Pix,1.0,140.0
2025-03-18,18,Olinda,Bebidas,Caldo de cana,7.0,2,Dinheiro,4.0,14.0
2025-03-18,21,Petrolina,Salgados,Pastel,8.0,3,Débito,3.0,24.0
2025-03-19,7,Caruaru,Bebidas,Suco de caju,8.0,3,Pix,1.0,24.0
2025-03-19,14,Recife,Doces,Cartola,14.0,3,Débito,3.0,42.0
2025-03-19,14,Olinda,Pratos,Macaxeira com charque,25.0,2,Pix,4.0,50.0
2025-03-19,15,Garanhuns,Bebidas,Caldo de cana,7.0,2,Crédito,5.0,14.0
2025-03-19,16,Petrolina,Pratos,Cuscuz com carne de sol,22.0,3,Débito,2.0,66.0
2025-03-19,16,Recife,Pratos,Baião de dois,28.0,3,Pix,1.0,84.0
2025-03-19,16,Garanhuns,Salgados,Coxinha,7.5,3,Pix,5.0,22.5
2025-03-19,17,Garanhuns,Bebidas,Café,6.0,4,Débito,2.0,24.0
2025-03-19,17,Caruaru,Pratos,Baião de dois,28.0,1,Crédito,4.0,28.0
2025-03-19,18,Caruaru,Doces,Cartola,14.0,1,Crédito,2.0,14.0
2025-03-19,18,Recife,Pratos,Cuscuz com carne de sol,22.0,5,Pix,5.0,110.0
2025-03-19,18,Recife,Pratos,Baião de dois,28.0,3,Débito,1.0,84.0
2025-03-19,20,Garanhuns,Salgados,Pastel,8.0,4,Pix,5.0,32.0
2025-03-19,21,Recife,Salgados,Tapioca,12.0,2,Dinheiro,5.0,24.0
2025-03-20,9,Petrolina,Pratos,Baião de dois,28.0,4,Crédito,2.0,112.0
2025-03-20,11,Recife,Doces,Bolo de rolo,9.0,5,Dinheiro,3.0,45.0
2025-03-20,12,Olinda,Salgados,Coxinha,7.5,4,Débito,3.0,30.0
2025-03-20,13,Recife,Doces,Cartola,14.0,2,Débito,4.0,28.0
2025-03-20,17,Caruaru,Doces,Cartola,14.0,3,Dinheiro,4.0,42.0
2025-03-20,17,Recife,Doces,Cocada,5.0,1,Crédito,3.0,5.0
2025-03-20,18,Recife,Doces,Cocada,5.0,2,Pix,2.0,10.0
2025-03-20,18,Petrolina,Pratos,Macaxeira com charque,25.0,5,Pix,1.0,125.0
2025-03-20,19,Recife,Pratos,Cuscuz com carne de sol,22.0,5,Dinheiro,3.0,110.0
2025-03-20,20,Caruaru,Doces,Cocada,5.0,1,Pix,3.0,5.0
2025-03-20,21,Caruaru,Bebidas,Café,6.0,3,Débito,4.0,18.0
2025-03-21,8,Caruaru,Doces,Cocada,5.0,3,Pix,5.0,15.0
2025-03-21,9,Garanhuns,Doces,Bolo de rolo,9.0,3,Pix,4.0,27.0
2025-03-21,9,Recife,Salgados,Tapioca,12.0,2,Crédito,5.0,24.0
2025-03-21,10,Petrolina,Pratos,Macaxeira com charque,25.0,4,Dinheiro,3.0,100.0
2025-03-21,11,Recife,Pratos,Baião de dois,28.0,3,Pix,1.0,84.0
2025-03-21,12,Garanhuns,Doces,Cocada,5.0,4,Pix,5.0,20.0
2025-03-21,13,Recife,Salgados,Tapioca,12.0,3,Pix,2.0,36.0
2025-03-21,14,Garanhuns,Salgados,Pastel,8.0,1,Débito,2.0,8.0
2025-03-21,15,Garanhuns,Pratos,Cuscuz com carne de sol,22.0,2,Débito,1.0,44.0
2025-03-21,15,Recife,Doces,Cocada,5.0,1,Débito,1.0,5.0
2025-03-21,15,Petrolina,Pratos,Macaxeira com charque,25.0,3,Dinheiro,1.0,75.0
2025-03-21,17,Recife,Bebidas,Suco de caju,8.0,2,Débito,2.0,16.0
2025-03-21,18,Recife,Doces,Cartola,14.0,4,Débito,1.0,56.0
2025-03-21,20,Recife,Bebidas,Café,6.0,3,Crédito,4.0,18.0
2025-03-22,8,Recife,Pratos,Baião de dois,28.0,5,Dinheiro,3.0,140.0
2025-03-22,9,Recife,Bebidas,Caldo de cana,7.0,3,Débito,4.0,21.0
2025-03-22,9,Petrolina,Bebidas,Suco de caju,8.0,5,Pix,1.0,40.0
2025-03-22,9,Garanhuns,Pratos,Baião de dois,28.0,5,Crédito,2.0,140.0
2025-03-22,10,Petrolina,Pratos,Macaxeira com charque,25.0,1,Débito,4.0,25.0
2025-03-22,12,Caruaru,Salgados,Coxinha,7.5,1,Pix,4.0,7.5
2025-03-22,13,Caruaru,Doces,Bolo de rolo,9.0,2,Débito,2.0,18.0
2025-03-22,13,Recife,Pratos,Macaxeira com charque,25.0,4,Pix,3.0,100.0
2025-03-22,14,Olinda,Bebidas,Café,6.0,3,Crédito,1.0,18.0
2025-03-22,16,Garanhuns,Salgados,Pastel,8.0,4,Crédito,4.0,32.0
2025-03-22,17,Recife,Salgados,Tapioca,12.0,3,Dinheiro,5.0,36.0
2025-03-22,18,Recife,Pratos,Macaxeira com charque,25.0,5,Pix,5.0,125.0
2025-03-22,18,Recife,Doces,Cocada,5.0,4,Dinheiro,4.0,20.0
2025-03-22,19,Garanhuns,Pratos,Baião de dois,28.0,2,Pix,1.0,56.0
2025-03-22,19,Recife,Salgados,Coxinha,7.5,3,Crédito,5.0,22.5
2025-03-22,20,Garanhuns,Doces,Bolo de rolo,9.0,1,Crédito,4.0,9.0
2025-03-22,20,Recife,Pratos,Macaxeira com charque,25.0,2,Pix,1.0,50.0
2025-03-22,21,Recife,Doces,Bolo de rolo,9.0,1,Dinheiro,2.0,9.0
2025-03-22,21,Olinda,Salgados,Coxinha,7.5,4,Dinheiro,5.0,30.0
2025-03-22,21,Garanhuns,Pratos,Baião de dois,28.0,1,Débito,3.0,28.0
2025-03-22,21,Petrolina,Bebidas,Suco de caju,8.0,5,Pix,2.0,40.0
2025-03-23,7,Caruaru,Doces,Cocada,5.0,3,Pix,2.0,15.0
2025-03-23,9,Garanhuns,Pratos,Cuscuz com carne de sol,22.0,1,Pix,4.0,22.0
2025-03-23,12,Garanhuns,Doces,Cocada,5.0,5,Pix,3.0,25.0
2025-03-23,14,Petrolina,Salgados,Coxinha,7.5,5,Débito,2.0,37.5
2025-03-23,15,Caruaru,Doces,Bolo de rolo,9.0,5,Crédito,5.0,45.0
2025-03-23,15,Recife,Pratos,Macaxeira com charque,25.0,1,Pix,5.0,25.0
2025-03-23,17,Recife,Salgados,Tapioca,12.0,3,Pix,1.0,36.0
2025-03-23,18,Caruaru,Doces,Cocada,5.0,2,Crédito,1.0,10.0
2025-03-23,18,Olinda,Salgados,Coxinha,7.5,3,Pix,5.0,22.5
2025-03-23,18,Recife,Doces,Bolo de rolo,9.0,5,Pix,4.0,45.0
2025-03-23,19,Recife,Bebidas,Suco de caju,8.0,3,Débito,4.0,24.0
2025-03-23,20,Recife,Bebidas,Caldo de cana,7.0,4,Dinheiro,2.0,28.0
2025-03-24,8,Garanhuns,Doces,Cartola,14.0,1,Crédito,1.0,14.0
2025-03-24,9,Caruaru,Doces,Cartola,14.0,1,Dinheiro,4.0,14.0
2025-03-24,10,Garanhuns,Doces,Cartola,14.0,5,Débito,2.0,70.0
2025-03-24,11,Olinda,Pratos,Cuscuz com carne de sol,22.0,2,Pix,5.0,44.0
2025-03-24,11,Recife,Bebidas,Café,6.0,3,Débito,4.0,18.0
2025-03-24,12,Recife,Salgados,Pastel,8.0,4,Crédito,4.0,32.0
2025-03-24,13,Caruaru,Doces,Cocada,5.0,2,Crédito,3.0,10.0
2025-03-24,13,Caruaru,Salgados,Pastel,8.0,5,Crédito,4.0,40.0
2025-03-24,14,Garanhuns,Bebidas,Café,6.0,2,Pix,2.0,12.0
2025-03-24,14,Petrolina,Doces,Cartola,14.0,5,Dinheiro,3.0,70.0
2025-03-24,15,Garanhuns,Pratos,Baião de dois,28.0,3,Crédito,4.0,84.0
2025-03-24,16,Recife,Bebidas,Caldo de cana,7.0,2,Pix,2.0,14.0
2025-03-24,17,Garanhuns,Bebidas,Caldo de cana,7.0,5,Crédito,5.0,35.0
2025-03-24,20,Caruaru,Doces,Bolo de rolo,9.0,1,Pix,5.0,9.0
2025-03-24,21,Caruaru,Doces,Cartola,14.0,2,Pix,1.0,28.0
2025-03-24,21,Olinda,Bebidas,Café,6.0,1,Pix,3.0,6.0
2025-03-25,7,Recife,Doces,Cartola,14.0,3,Crédito,1.0,42.0
2025-03-25,10,Petrolina,Doces,Cartola,14.0,4,Pix,2.0,56.0
2025-03-25,12,Olinda,Doces,Cartola,14.0,1,Débito,2.0,14.0
2025-03-25,13,Caruaru,Bebidas,Suco de caju,8.0,4,Dinheiro,5.0,32.0
2025-03-25,13,Garanhuns,Bebidas,Café,6.0,3,Pix,5.0,18.0
2025-03-25,14,Recife,Salgados,Pastel,8.0,5,Débito,5.0,40.0
2025-03-25,19,Caruaru,Doces,Bolo de rolo,9.0,1,Crédito,2.0,9.0
2025-03-25,20,Garanhuns,Doces,Cocada,5.0,1,Pix,3.0,5.0
2025-03-25,20,Petrolina,Salgados,Pastel,8.0,4,Pix,4.0,32.0
2025-03-25,21,Caruaru,Doces,Cartola,14.0,4,Pix,1.0,56.0
2025-03-26,8,Garanhuns,Pratos,Cuscuz com carne de sol,22.0,2,Pix,3.0,44.0
2025-03-26,8,Recife,Salgados,Pastel,8.0,5,Pix,1.0,40.0
2025-03-26,9,Recife,Salgados,Tapioca,12.0,3,Crédito,1.0,36.0
2025-03-26,10,Garanhuns,Bebidas,Café,6.0,2,Pix,1.0,12.0
2025-03-26,10,Recife,Salgados,Coxinha,7.5,5,Pix,4.0,37.5
2025-03-26,11,Recife,Salgados,Coxinha,7.5,5,Crédito,4.0,37.5
2025-03-26,13,Caruaru,Bebidas,Caldo de cana,7.0,5,Dinheiro,1.0,35.0
2025-03-26,15,Recife,Pratos,Macaxeira com charque,25.0,2,Crédito,2.0,50.0
2025-03-26,17,Garanhuns,Pratos,Macaxeira com charque,25.0,3,Débito,4.0,75.0
2025-03-26,18,Petrolina,Salgados,Coxinha,7.5,2,Crédito,5.0,15.0
2025-03-26,19,Recife,Salgados,Coxinha,7.5,5,Débito,4.0,37.5
2025-03-26,21,Recife,Salgados,Tapioca,12.0,4,Dinheiro,5.0,48.0
2025-03-27,7,Recife,Bebidas,Caldo de cana,7.0,3,Pix,5.0,21.0
2025-03-27,8,Caruaru,Salgados,Coxinha,7.5,3,Pix,1.0,22.5
2025-03-27,9,Recife,Bebidas,Café,6.0,1,Pix,1.0,6.0
2025-03-27,11,Recife,Bebidas,Suco de caju,8.0,1,Dinheiro,1.0,8.0
2025-03-27,12,Caruaru,Pratos,Macaxeira com charque,25.0,2,Débito,4.0,50.0
2025-03-27,13,Olinda,Doces,Cartola,14.0,3,Crédito,5.0,42.0
2025-03-27,13,Petrolina,Salgados,Pastel,8.0,2,Crédito,1.0,16.0
2025-03-27,14,Recife,Bebidas,Café,6.0,1,Pix,2.0,6.0
2025-03-27,14,Olinda,Salgados,Pastel,8.0,5,Crédito,4.0,40.0
2025-03-27,15,Recife,Pratos,Cuscuz com carne de sol,22.0,2,Pix,4.0,44.0
2025-03-27,15,Petrolina,Doces,Bolo de rolo,9.0,5,Dinheiro,1.0,45.0
2025-03-27,16,Garanhuns,Doces,Bolo de rolo,9.0,2,Pix,4.0,18.0
2025-03-27,16,Caruaru,Doces,Cocada,5.0,4,Pix,1.0,20.0
2025-03-27,17,Recife,Salgados,Tapioca,12.0,3,Dinheiro,4.0,36.0
2025-03-27,18,Recife,Bebidas,Caldo de cana,7.0,4,Crédito,2.0,28.0
2025-03-27,21,Recife,Doces,Bolo de rolo,9.0,2,Pix,2.0,18.0
2025-03-28,9,Recife,Pratos,Macaxeira com charque,25.0,5,Débito,1.0,125.0
2025-03-28,10,Caruaru,Pratos,Macaxeira com charque,25.0,3,Dinheiro,5.0,75.0
2025-03-28,10,Recife,Salgados,Coxinha,7.5,5,Pix,2.0,37.5
2025-03-28,11,Garanhuns,Bebidas,Café,6.0,2,Dinheiro,3.0,12.0
2025-03-28,12,Recife,Pratos,Macaxeira com charque,25.0,4,Dinheiro,4.0,100.0
2025-03-28,13,Petrolina,Doces,Cartola,14.0,3,Dinheiro,1.0,42.0
2025-03-28,14,Caruaru,Salgados,Tapioca,12.0,5,Débito,3.0,60.0
2025-03-28,15,Petrolina,Bebidas,Café,6.0,4,Pix,5.0,24.0
2025-03-28,15,Recife,Pratos,Cuscuz com carne de sol,22.0,2,Pix,4.0,44.0
2025-03-28,15,Recife,Doces,Cartola,14.0,4,Crédito,1.0,56.0
2025-03-28,15,Petrolina,Doces,Bolo de rolo,9.0,2,Pix,5.0,18.0
2025-03-28,16,Caruaru,Pratos,Macaxeira com charque,25.0,3,Crédito,1.0,75.0
2025-03-28,17,Olinda,Doces,Bolo de rolo,9.0,2,Pix,3.0,18.0
2025-03-28,17,Recife,Doces,Cocada,5.0,4,Pix,4.0,20.0
2025-03-28,17,Recife,Bebidas,Suco de caju,8.0,1,Pix,5.0,8.0
2025-03-28,18,Recife,Pratos,Macaxeira com charque,25.0,5,Crédito,1.0,125.0
2025-03-28,18,Garanhuns,Salgados,Tapioca,12.0,1,Crédito,1.0,12.0
2025-03-28,19,Caruaru,Salgados,Tapioca,12.0,2,Débito,1.0,24.0
2025-03-28,20,Caruaru,Pratos,Baião de dois,28.0,2,Débito,1.0,56.0
2025-03-28,20,Petrolina,Bebidas,Caldo de cana,7.0,4,Pix,5.0,28.0
2025-03-28,21,Olinda,Bebidas,Caldo de cana,7.0,3,Dinheiro,1.0,21.0
2025-03-29,7,Recife,Salgados,Pastel,8.0,4,Pix,1.0,32.0
2025-03-29,7,Caruaru,Salgados,Pastel,8.0,4,Crédito,1.0,32.0
2025-03-29,8,Recife,Salgados,Pastel,8.0,3,Crédito,4.0,24.0
2025-03-29,9,Recife,Salgados,Coxinha,7.5,3,Pix,5.0,22.5
2025-03-29,11,Olinda,Doces,Cocada,5.0,3,Crédito,4.0,15.0
2025-03-29,12,Recife,Doces,Bolo de rolo,9.0,3,Pix,5.0,27.0
2025-03-29,13,Petrolina,Pratos,Cuscuz com carne de sol,22.0,2,Débito,4.0,44.0
2025-03-29,14,Recife,Doces,Bolo de rolo,9.0,5,Pix,3.0,45.0
2025-03-29,16,Petrolina,Doces,Cartola,14.0,4,Crédito,5.0,56.0
2025-03-29,20,Caruaru,Bebidas,Suco de caju,8.0,4,Pix,1.0,32.0
2025-03-29,20,Recife,Salgados,Tapioca,12.0,2,Pix,4.0,24.0
2025-03-30,7,Recife,Salgados,Tapioca,12.0,2,Débito,2.0,24.0
2025-03-30,7,Olinda,Bebidas,Caldo de cana,7.0,5,Pix,5.0,35.0
2025-03-30,7,Caruaru,Salgados,Coxinha,7.5,5,Pix,2.0,37.5
2025-03-30,8,Recife,Salgados,Tapioca,12.0,4,Pix,5.0,48.0
2025-03-30,8,Caruaru,Pratos,Cuscuz com carne de sol,22.0,5,Crédito,3.0,110.0
2025-03-30,10,Caruaru,Doces,Bolo de rolo,9.0,1,Débito,,9.0
2025-03-30,14,Recife,Bebidas,Suco de caju,8.0,4,Pix,2.0,32.0
2025-03-30,16,Recife,Doces,Cocada,5.0,2,Crédito,3.0,10.0
2025-03-30,18,Olinda,Bebidas,Caldo de cana,7.0,2,Crédito,4.0,14.0
2025-03-30,19,Garanhuns,Bebidas,Suco de caju,8.0,2,Débito,2.0,16.0
2025-03-30,20,Caruaru,Pratos,Cuscuz com carne de sol,22.0,1,Débito,5.0,22.0
2025-03-30,20,Petrolina,Salgados,Tapioca,12.0,4,Crédito,5.0,48.0
2025-03-30,20,Caruaru,Doces,Cartola,14.0,2,Crédito,3.0,28.0
2025-03-30,20,Petrolina,Doces,Cartola,14.0,5,Crédito,5.0,70.0
2025-03-30,21,Caruaru,Doces,Cartola,14.0,4,Pix,1.0,56.0
2025-03-30,21,Recife,Pratos,Macaxeira com charque,25.0,2,Crédito,3.0,50.0
2025-03-31,7,Caruaru,Bebidas,Suco de caju,8.0,3,Crédito,5.0,24.0
2025-03-31,8,Recife,Pratos,Macaxeira com charque,25.0,4,Dinheiro,1.0,100.0
2025-03-31,8,Recife,Pratos,Baião de dois,28.0,3,Débito,3.0,84.0
2025-03-31,8,Olinda,Salgados,Pastel,8.0,5,Crédito,3.0,40.0
2025-03-31,9,Caruaru,Doces,Cartola,14.0,2,Dinheiro,5.0,28.0
2025-03-31,9,Garanhuns,Salgados,Pastel,8.0,1,Débito,4.0,8.0
2025-03-31,10,Caruaru,Doces,Bolo de rolo,9.0,5,Pix,3.0,45.0
2025-03-31,10,Olinda,Salgados,Pastel,8.0,4,Crédito,2.0,32.0
2025-03-31,11,Garanhuns,Doces,Bolo de rolo,9.0,1,Débito,2.0,9.0
2025-03-31,12,Recife,Bebidas,Café,6.0,5,Crédito,4.0,30.0
2025-03-31,13,Recife,Bebidas,Café,6.0,4,Pix,4.0,24.0
2025-03-31,13,Petrolina,Pratos,Cuscuz com carne de sol,22.0,2,Débito,5.0,44.0
2025-03-31,14,Caruaru,Salgados,Tapioca,12.0,4,Pix,2.0,48.0
2025-03-31,14,Caruaru,Doces,Bolo de rolo,9.0,2,Pix,1.0,18.0
2025-03-31,15,Olinda,Doces,Cartola,14.0,2,Pix,2.0,28.0
2025-03-31,15,Petrolina,Salgados,Pastel,8.0,4,Débito,3.0,32.0
2025-03-31,16,Recife,Salgados,Tapioca,12.0,2,Pix,3.0,24.0
2025-03-31,18,Petrolina,Salgados,Tapioca,12.0,4,Dinheiro,5.0,48.0
2025-03-31,19,Petrolina,Salgados,Coxinha,7.5,5,Pix,1.0,37.5
2025-03-31,19,Caruaru,Bebidas,Café,6.0,1,Pix,2.0,6.0
2025-03-31,21,Petrolina,Doces,Cocada,5.0,4,Dinheiro,2.0,20.0
2025-04-01,7,Recife,Bebidas,Suco de caju,8.0,4,Pix,2.0,32.0
2025-04-01,9,Petrolina,Pratos,Cuscuz com carne de sol,22.0,5,Pix,4.0,110.0
2025-04-01,10,Caruaru,Doces,Bolo de rolo,9.0,2,Pix,4.0,18.0
2025-04-01,10,Petrolina,Pratos,Cuscuz com carne de sol,22.0,4,Crédito,5.0,88.0
2025-04-01,11,Olinda,Salgados,Tapioca,12.0,4,Dinheiro,2.0,48.0
2025-04-01,11,Caruaru,Bebidas,Suco de caju,8.0,5,Pix,5.0,40.0
2025-04-01,13,Garanhuns,Bebidas,Café,6.0,1,Débito,5.0,6.0
2025-04-01,13,Olinda,Salgados,Tapioca,12.0,1,Dinheiro,5.0,12.0
2025-04-01,14,Petrolina,Bebidas,Café,6.0,3,Pix,3.0,18.0
2025-04-01,14,Olinda,Salgados,Tapioca,12.0,1,Débito,1.0,12.0
2025-04-01,14,Recife,Pratos,Macaxeira com charque,25.0,1,Crédito,2.0,25.0
2025-04-01,17,Recife,Pratos,Macaxeira com charque,25.0,2,Débito,1.0,50.0
2025-04-01,17,Recife,Pratos,Baião de dois,28.0,2,Débito,1.0,56.0
2025-04-01,18,Garanhuns,Bebidas,Caldo de cana,7.0,3,Crédito,3.0,21.0
2025-04-01,20,Recife,Salgados,Tapioca,12.0,1,Pix,4.0,12.0
2025-04-01,20,Petrolina,Pratos,Baião de dois,28.0,1,Pix,1.0,28.0
2025-04-02,8,Recife,Salgados,Coxinha,7.5,4,Pix,5.0,30.0
2025-04-02,8,Garanhuns,Pratos,Macaxeira com charque,25.0,1,Débito,2.0,25.0
2025-04-02,9,Recife,Salgados,Coxinha,7.5,1,Pix,4.0,7.5
2025-04-02,10,Petrolina,Doces,Cartola,14.0,3,Crédito,5.0,42.0
2025-04-02,11,Caruaru,Bebidas,Suco de caju,8.0,4,Pix,4.0,32.0
2025-04-02,12,Garanhuns,Salgados,Coxinha,7.5,3,Débito,1.0,22.5
2025-04-02,15,Recife,Salgados,Coxinha,7.5,4,Crédito,3.0,30.0
2025-04-02,15,Recife,Doces,Bolo de rolo,9.0,5,Pix,1.0,45.0
2025-04-02,16,Garanhuns,Bebidas,Suco de caju,8.0,4,Crédito,5.0,32.0
2025-04-02,16,Recife,Salgados,Coxinha,7.5,2,Pix,4.0,15.0
2025-04-02,17,Petrolina,Bebidas,Suco de caju,8.0,2,Dinheiro,4.0,16.0
2025-04-02,19,Recife,Salgados,Tapioca,12.0,4,Pix,5.0,48.0
2025-04-02,19,Petrolina,Bebidas,Café,6.0,3,Pix,1.0,18.0
2025-04-02,20,Caruaru,Doces,Bolo de rolo,9.0,4,Dinheiro,4.0,36.0
2025-04-02,21,Recife,Bebidas,Caldo de cana,7.0,4,Pix,1.0,28.0
2025-04-02,21,Petrolina,Salgados,Coxinha,7.5,4,Pix,4.0,30.0
2025-04-02,21,Recife,Doces,Cartola,14.0,5,Pix,5.0,70.0
2025-04-03,7,Caruaru,Bebidas,Caldo de cana,7.0,4,Débito,1.0,28.0
2025-04-03,7,Caruaru,Doces,Cocada,5.0,3,Pix,3.0,15.0
2025-04-03,9,Garanhuns,Pratos,Baião de dois,28.0,5,Dinheiro,4.0,140.0
2025-04-03,10,Garanhuns,Bebidas,Café,6.0,1,Pix,1.0,6.0
2025-04-03,10,Recife,Doces,Cocada,5.0,5,Pix,4.0,25.0
2025-04-03,11,Recife,Doces,Bolo de rolo,9.0,1,Crédito,2.0,9.0
2025-04-03,14,Olinda,Salgados,Pastel,8.0,1,Dinheiro,2.0,8.0
2025-04-03,14,Recife,Bebidas,Caldo de cana,7.0,5,Débito,2.0,35.0
2025-04-03,14,Petrolina,Doces,Cartola,14.0,3,Crédito,5.0,42.0
2025-04-03,16,Petrolina,Bebidas,Suco de caju,8.0,1,Pix,4.0,8.0
2025-04-03,16,Recife,Doces,Cartola,14.0,5,Pix,5.0,70.0
2025-04-03,18,Caruaru,Pratos,Macaxeira com charque,25.0,5,Pix,4.0,125.0
2025-04-03,21,Petrolina,Salgados,Pastel,8.0,1,Pix,4.0,8.0
2025-04-04,7,Caruaru,Doces,Bolo de rolo,9.0,3,Pix,1.0,27.0
2025-04-04,7,Olinda,Doces,Cartola,14.0,2,Dinheiro,2.0,28.0
2025-04-04,8,Recife,Pratos,Baião de dois,28.0,3,Pix,1.0,84.0
2025-04-04,8,Petrolina,Salgados,Tapioca,12.0,5,Pix,3.0,60.0
2025-04-04,9,Petrolina,Pratos,Macaxeira com charque,25.0,5,Crédito,4.0,125.0
2025-04-04,10,Recife,Bebidas,Suco de caju,8.0,5,Dinheiro,2.0,40.0
2025-04-04,12,Petrolina,Doces,Cocada,5.0,4,Pix,3.0,20.0
2025-04-04,12,Caruaru,Bebidas,Caldo de cana,7.0,5,Crédito,4.0,35.0
2025-04-04,12,Petrolina,Salgados,Tapioca,12.0,5,Crédito,1.0,60.0
2025-04-04,12,Olinda,Pratos,Macaxeira com charque,25.0,5,Pix,3.0,125.0
2025-04-04,13,Recife,Bebidas,Caldo de cana,7.0,3,Crédito,2.0,21.0
2025-04-04,14,Petrolina,Doces,Cocada,5.0,4,Débito,4.0,20.0
2025-04-04,15,Garanhuns,Salgados,Pastel,8.0,2,Crédito,3.0,16.0
2025-04-04,17,Petrolina,Pratos,Baião de dois,28.0,3,Pix,4.0,84.0
2025-04-04,17,Petrolina,Doces,Cartola,14.0,1,Débito,5.0,14.0
2025-04-04,18,Petrolina,Pratos,Baião de dois,28.0,5,Pix,5.0,140.0
2025-04-04,18,Garanhuns,Bebidas,Suco de caju,8.0,1,Pix,1.0,8.0
2025-04-04,19,Recife,Salgados,Pastel,8.0,2,Pix,2.0,16.0
2025-04-04,20,Petrolina,Doces,Cocada,5.0,1,Pix,4.0,5.0
2025-04-04,20,Petrolina,Pratos,Macaxeira com charque,25.0,5,Débito,5.0,125.0
2025-04-04,21,Recife,Bebidas,Café,6.0,4,Pix,1.0,24.0
2025-04-05,9,Recife,Pratos,Baião de dois,28.0,3,Pix,1.0,84.0
2025-04-05,10,Petrolina,Doces,Cartola,14.0,3,Pix,3.0,42.0
2025-04-05,11,Caruaru,Bebidas,Café,6.0,1,Débito,4.0,6.0
2025-04-05,12,Recife,Doces,Cocada,5.0,5,Pix,4.0,25.0
2025-04-05,13,Caruaru,Bebidas,Café,6.0,5,Pix,3.0,30.0
2025-04-05,15,Olinda,Pratos,Macaxeira com charque,25.0,4,Pix,4.0,100.0
2025-04-05,15,Garanhuns,Pratos,Macaxeira com charque,25.0,5,Débito,3.0,125.0
2025-04-05,18,Recife,Bebidas,Caldo de cana,7.0,3,Pix,3.0,21.0
2025-04-05,19,Petrolina,Salgados,Pastel,8.0,2,Crédito,1.0,16.0
2025-04-05,20,Olinda,Salgados,Coxinha,7.5,4,Crédito,4.0,30.0
2025-04-06,8,Caruaru,Salgados,Tapioca,12.0,5,Dinheiro,4.0,60.0
2025-04-06,9,Recife,Salgados,Tapioca,12.0,3,Pix,1.0,36.0
2025-04-06,12,Caruaru,Pratos,Macaxeira com charque,25.0,4,Débito,2.0,100.0
2025-04-06,15,Petrolina,Doces,Bolo de rolo,9.0,2,Crédito,5.0,18.0
2025-04-06,16,Recife,Pratos,Cuscuz com carne de sol,22.0,5,Pix,1.0,110.0
2025-04-06,18,Olinda,Pratos,Macaxeira com charque,25.0,3,Pix,3.0,75.0
2025-04-06,20,Recife,Bebidas,Caldo de cana,7.0,2,Dinheiro,4.0,14.0
2025-04-06,21,Recife,Salgados,Coxinha,7.5,2,Crédito,1.0,15.0
2025-04-07,8,Petrolina,Doces,Cartola,14.0,4,Débito,5.0,56.0
2025-04-07,10,Caruaru,Doces,Bolo de rolo,9.0,3,Débito,5.0,27.0
2025-04-07,11,Caruaru,Bebidas,Café,6.0,3,Pix,4.0,18.0
2025-04-07,12,Recife,Pratos,Macaxeira com charque,25.0,3,Dinheiro,5.0,75.0
2025-04-07,14,Caruaru,Doces,Bolo de rolo,9.0,1,Débito,2.0,9.0
2025-04-07,15,Olinda,Pratos,Cuscuz com carne de sol,22.0,5,Pix,3.0,110.0
2025-04-07,17,Recife,Bebidas,Caldo de cana,7.0,1,Dinheiro,3.0,7.0
2025-04-07,17,Olinda,Salgados,Coxinha,7.5,4,Pix,5.0,30.0
2025-04-07,18,Garanhuns,Bebidas,Café,6.0,1,Crédito,5.0,6.0
2025-04-07,18,Petrolina,Bebidas,Suco de caju,8.0,5,Débito,5.0,40.0
2025-04-07,20,Recife,Bebidas,Café,6.0,1,Dinheiro,4.0,6.0
2025-04-07,21,Petrolina,Pratos,Macaxeira com charque,25.0,4,Pix,1.0,100.0
2025-04-08,8,Recife,Pratos,Macaxeira com charque,25.0,5,Dinheiro,3.0,125.0
2025-04-08,8,Recife,Bebidas,Caldo de cana,7.0,1,Pix,2.0,7.0
2025-04-08,11,Petrolina,Pratos,Macaxeira com charque,25.0,2,Débito,5.0,50.0
2025-04-08,11,Caruaru,Bebidas,Caldo de cana,7.0,3,Crédito,4.0,21.0
2025-04-08,14,Caruaru,Salgados,Pastel,8.0,4,Crédito,1.0,32.0
2025-04-08,18,Olinda,Salgados,Pastel,8.0,5,Dinheiro,2.0,40.0
2025-04-09,8,Recife,Bebidas,Caldo de cana,7.0,1,Débito,4.0,7.0
2025-04-09,8,Garanhuns,Doces,Cocada,5.0,5,Pix,4.0,25.0
2025-04-09,9,Petrolina,Salgados,Tapioca,12.0,3,Débito,2.0,36.0
2025-04-09,16,Petrolina,Doces,Cocada,5.0,2,Pix,1.0,10.0
2025-04-09,16,Recife,Bebidas,Suco de caju,8.0,3,Crédito,5.0,24.0
2025-04-09,16,Garanhuns,Salgados,Tapioca,12.0,3,Débito,3.0,36.0
2025-04-09,18,Petrolina,Bebidas,Caldo de cana,7.0,3,Débito,1.0,21.0
2025-04-09,18,Petrolina,Bebidas,Café,6.0,5,Dinheiro,1.0,30.0
2025-04-09,19,Recife,Salgados,Pastel,8.0,2,Débito,4.0,16.0
2025-04-10,7,Recife,Doces,Bolo de rolo,9.0,2,Débito,2.0,18.0
2025-04-10,7,Caruaru,Bebidas,Suco de caju,8.0,5,Débito,5.0,40.0
2025-04-10,8,Caruaru,Bebidas,Café,6.0,4,Dinheiro,3.0,24.0
2025-04-10,9,Caruaru,Doces,Cocada,5.0,1,Débito,5.0,5.0
2025-04-10,10,Petrolina,Salgados,Coxinha,7.5,3,Dinheiro,5.0,22.5
2025-04-10,11,Olinda,Doces,Cocada,5.0,2,Dinheiro,5.0,10.0
2025-04-10,11,Recife,Bebidas,Suco de caju,8.0,5,Pix,5.0,40.0
2025-04-10,11,Petrolina,Bebidas,Suco de caju,8.0,4,Pix,5.0,32.0
2025-04-10,12,Petrolina,Doces,Bolo de rolo,9.0,4,Débito,4.0,36.0
2025-04-10,12,Recife,Bebidas,Café,6.0,4,Pix,1.0,24.0
2025-04-10,13,Caruaru,Salgados,Tapioca,12.0,1,Crédito,3.0,12.0
2025-04-10,13,Caruaru,Pratos,Baião de dois,28.0,4,Dinheiro,1.0,112.0
2025-04-10,13,Olinda,Bebidas,Caldo de cana,7.0,2,Crédito,5.0,14.0
2025-04-10,13,Petrolina,Pratos,Macaxeira com charque,25.0,5,Pix,1.0,125.0
2025-04-10,15,Petrolina,Bebidas,Suco de caju,8.0,5,Crédito,3.0,40.0
2025-04-10,17,Recife,Pratos,Macaxeira com charque,25.0,4,Pix,2.0,100.0
2025-04-10,18,Recife,Bebidas,Caldo de cana,7.0,5,Pix,4.0,35.0
2025-04-10,18,Petrolina,Salgados,Tapioca,12.0,2,Pix,5.0,24.0
2025-04-10,19,Recife,Salgados,Coxinha,7.5,1,Pix,5.0,7.5
2025-04-10,20,Recife,Salgados,Tapioca,12.0,2,Crédito,2.0,24.0
2025-04-10,21,Recife,Salgados,Pastel,8.0,4,Crédito,2.0,32.0
2025-04-10,21,Garanhuns,Pratos,Cuscuz com carne de sol,22.0,4,Pix,2.0,88.0
2025-04-11,7,Recife,Bebidas,Café,6.0,3,Pix,2.0,18.0
2025-04-11,9,Caruaru,Salgados,Pastel,8.0,1,Dinheiro,3.0,8.0
2025-04-11,9,Petrolina,Bebidas,Café,6.0,1,Pix,5.0,6.0
2025-04-11,10,Petrolina,Pratos,Macaxeira com charque,25.0,4,Crédito,5.0,100.0
2025-04-11,11,Olinda,Salgados,Pastel,8.0,1,Pix,3.0,8.0
2025-04-11,11,Caruaru,Doces,Bolo de rolo,9.0,3,Crédito,1.0,27.0
2025-04-11,11,Recife,Doces,Bolo de rolo,9.0,1,Débito,2.0,9.0
2025-04-11,11,Recife,Doces,Bolo de rolo,9.0,5,Débito,2.0,45.0
2025-04-11,11,Olinda,Pratos,Cuscuz com carne de sol,22.0,2,Pix,1.0,44.0
2025-04-11,12,Petrolina,Bebidas,Café,6.0,5,Crédito,5.0,30.0
2025-04-11,13,Caruaru,Salgados,Tapioca,12.0,5,Crédito,5.0,60.0
2025-04-11,16,Petrolina,Salgados,Coxinha,7.5,1,Débito,5.0,7.5
2025-04-11,16,Garanhuns,Pratos,Baião de dois,28.0,5,Débito,1.0,140.0
2025-04-11,18,Recife,Doces,Bolo de rolo,9.0,3,Dinheiro,2.0,27.0
2025-04-11,19,Caruaru,Pratos,Macaxeira com charque,25.0,1,Débito,4.0,25.0
2025-04-11,19,Petrolina,Doces,Cartola,14.0,5,Crédito,,70.0
2025-04-11,20,Olinda,Doces,Cocada,5.0,2,Pix,1.0,10.0
2025-04-11,21,Olinda,Doces,Bolo de rolo,9.0,5,Pix,3.0,45.0
2025-04-11,21,Recife,Bebidas,Café,6.0,3,Crédito,1.0,18.0
2025-04-12,7,Caruaru,Bebidas,Suco de caju,8.0,3,Pix,3.0,24.0
2025-04-12,7,Olinda,Bebidas,Café,6.0,3,Dinheiro,1.0,18.0
2025-04-12,7,Petrolina,Bebidas,Caldo de cana,7.0,1,Dinheiro,2.0,7.0
2025-04-12,8,Recife,Salgados,Pastel,8.0,2,Crédito,5.0,16.0
2025-04-12,8,Recife,Pratos,Cuscuz com carne de sol,22.0,3,Pix,5.0,66.0
2025-04-12,10,Caruaru,Pratos,Macaxeira com charque,25.0,5,Pix,5.0,125.0
2025-04-12,12,Recife,Pratos,Baião de dois,28.0,1,Pix,4.0,28.0
2025-04-12,12,Caruaru,Bebidas,Suco de caju,8.0,3,Crédito,2.0,24.0
2025-04-12,12,Recife,Bebidas,Caldo de cana,7.0,5,Dinheiro,4.0,35.0
2025-04-12,12,Caruaru,Bebidas,Caldo de cana,7.0,3,Crédito,1.0,21.0
2025-04-12,12,Recife,Pratos,Macaxeira com charque,25.0,1,Crédito,1.0,25.0
2025-04-12,13,Recife,Bebidas,Caldo de cana,7.0,1,Pix,5.0,7.0
2025-04-12,16,Recife,Pratos,Macaxeira com charque,25.0,2,Débito,5.0,50.0
2025-04-12,16,Caruaru,Bebidas,Suco de caju,8.0,3,Pix,4.0,24.0
2025-04-12,19,Recife,Salgados,Tapioca,12.0,5,Pix,4.0,60.0
2025-04-12,20,Olinda,Pratos,Baião de dois,28.0,3,Pix,3.0,84.0
2025-04-12,20,Caruaru,Pratos,Macaxeira com charque,25.0,4,Crédito,1.0,100.0
2025-04-13,7,Recife,Pratos,Baião de dois,28.0,1,Pix,2.0,28.0
2025-04-13,7,Recife,Pratos,Cuscuz com carne de sol,22.0,2,Pix,5.0,44.0
2025-04-13,8,Recife,Doces,Cartola,14.0,4,Dinheiro,5.0,56.0
2025-04-13,8,Recife,Pratos,Baião de dois,28.0,2,Pix,1.0,56.0
2025-04-13,10,Garanhuns,Salgados,Coxinha,7.5,5,Pix,2.0,37.5
2025-04-13,13,Caruaru,Pratos,Baião de dois,28.0,2,Débito,1.0,56.0
2025-04-13,13,Recife,Doces,Cocada,5.0,5,Débito,3.0,25.0
2025-04-13,13,Petrolina,Salgados,Coxinha,7.5,1,Débito,5.0,7.5
2025-04-13,15,Caruaru,Bebidas,Café,6.0,5,Pix,4.0,30.0
2025-04-13,16,Petrolina,Doces,Cartola,14.0,4,Pix,4.0,56.0
2025-04-13,16,Recife,Pratos,Macaxeira com charque,25.0,4,Pix,1.0,100.0
2025-04-13,16,Caruaru,Bebidas,Suco de caju,8.0,3,Pix,1.0,24.0
2025-04-13,16,Caruaru,Salgados,Coxinha,7.5,5,Pix,1.0,37.5
2025-04-13,17,Recife,Bebidas,Café,6.0,5,Crédito,3.0,30.0
2025-04-13,17,Recife,Pratos,Baião de dois,28.0,5,Pix,3.0,140.0
2025-04-13,18,Caruaru,Salgados,Tapioca,12.0,3,Crédito,2.0,36.0
2025-04-13,20,Olinda,Doces,Cartola,14.0,4,Pix,5.0,56.0
2025-04-13,21,Olinda,Salgados,Pastel,8.0,1,Pix,4.0,8.0
2025-04-14,7,Petrolina,Salgados,Pastel,8.0,5,Débito,5.0,40.0
2025-04-14,9,Petrolina,Pratos,Macaxeira com charque,25.0,2,Pix,2.0,50.0
2025-04-14,11,Recife,Salgados,Pastel,8.0,1,Pix,5.0,8.0
2025-04-14,13,Caruaru,Salgados,Tapioca,12.0,5,Pix,4.0,60.0
2025-04-14,14,Recife,Doces,Cocada,5.0,3,Pix,3.0,15.0
2025-04-14,14,Recife,Salgados,Tapioca,12.0,4,Pix,3.0,48.0
2025-04-14,14,Recife,Doces,Cartola,14.0,2,Crédito,5.0,28.0
2025-04-14,14,Recife,Salgados,Pastel,8.0,2,Pix,1.0,16.0
2025-04-14,16,Petrolina,Salgados,Tapioca,12.0,3,Pix,3.0,36.0
2025-04-14,16,Caruaru,Doces,Cartola,14.0,3,Dinheiro,2.0,42.0
2025-04-14,17,Recife,Salgados,Coxinha,7.5,4,Débito,3.0,30.0
2025-04-14,17,Caruaru,Salgados,Pastel,8.0,3,Crédito,2.0,24.0
2025-04-14,17,Petrolina,Bebidas,Suco de caju,8.0,2,Crédito,2.0,16.0
2025-04-14,17,Recife,Salgados,Coxinha,7.5,4,Pix,4.0,30.0
2025-04-14,17,Recife,Salgados,Coxinha,7.5,1,Pix,2.0,7.5
2025-04-14,18,Caruaru,Salgados,Pastel,8.0,1,Débito,1.0,8.0
2025-04-14,19,Garanhuns,Bebidas,Suco de caju,8.0,2,Crédito,3.0,16.0
2025-04-14,20,Petrolina,Pratos,Baião de dois,28.0,2,Dinheiro,5.0,56.0
2025-04-14,20,Petrolina,Bebidas,Caldo de cana,7.0,2,Pix,2.0,14.0
2025-04-14,21,Caruaru,Salgados,Coxinha,7.5,3,Pix,2.0,22.5
2025-04-14,21,Petrolina,Doces,Bolo de rolo,9.0,2,Débito,1.0,18.0
2025-04-15,7,Caruaru,Pratos,Cuscuz com carne de sol,22.0,1,Pix,1.0,22.0
2025-04-15,7,Recife,Salgados,Coxinha,7.5,2,Pix,1.0,15.0
2025-04-15,10,Recife,Pratos,Cuscuz com carne de sol,22.0,2,Crédito,2.0,44.0
2025-04-15,11,Recife,Salgados,Pastel,8.0,2,Débito,3.0,16.0
2025-04-15,13,Caruaru,Salgados,Pastel,8.0,2,Débito,5.0,16.0
2025-04-15,15,Recife,Bebidas,Café,6.0,4,Pix,1.0,24.0
2025-04-15,16,Caruaru,Pratos,Baião de dois,28.0,1,Crédito,5.0,28.0
2025-04-15,17,Recife,Pratos,Baião de dois,28.0,2,Crédito,,56.0
2025-04-15,18,Caruaru,Bebidas,Suco de caju,8.0,4,Dinheiro,1.0,32.0
2025-04-15,18,Garanhuns,Salgados,Pastel,8.0,1,Débito,5.0,8.0
2025-04-15,19,Petrolina,Doces,Cocada,5.0,5,Débito,5.0,25.0
2025-04-15,19,Recife,Pratos,Macaxeira com charque,25.0,1,Pix,5.0,25.0
2025-04-15,19,Petrolina,Bebidas,Café,6.0,2,Crédito,1.0,12.0
2025-04-15,19,Recife,Salgados,Coxinha,7.5,3,Crédito,2.0,22.5
2025-04-15,20,Olinda,Pratos,Macaxeira com charque,25.0,1,Débito,2.0,25.0
2025-04-15,20,Garanhuns,Pratos,Cuscuz com carne de sol,22.0,3,Pix,5.0,66.0
2025-04-16,7,Petrolina,Pratos,Macaxeira com charque,25.0,2,Débito,3.0,50.0
2025-04-16,8,Recife,Pratos,Baião de dois,28.0,1,Pix,2.0,28.0
2025-04-16,8,Recife,Bebidas,Caldo de cana,7.0,4,Pix,1.0,28.0
2025-04-16,10,Olinda,Pratos,Cuscuz com carne de sol,22.0,3,Crédito,3.0,66.0
2025-04-16,11,Olinda,Bebidas,Suco de caju,8.0,2,Pix,1.0,16.0
2025-04-16,12,Recife,Salgados,Pastel,8.0,4,Pix,4.0,32.0
2025-04-16,17,Recife,Pratos,Macaxeira com charque,25.0,2,Crédito,2.0,50.0
2025-04-16,18,Recife,Pratos,Macaxeira com charque,25.0,4,Crédito,5.0,100.0
2025-04-16,20,Recife,Bebidas,Suco de caju,8.0,2,Pix,1.0,16.0
2025-04-16,20,Olinda,Doces,Bolo de rolo,9.0,4,Pix,3.0,36.0
2025-04-16,20,Petrolina,Salgados,Pastel,8.0,3,Pix,1.0,24.0
2025-04-16,21,Petrolina,Doces,Cartola,14.0,3,Pix,1.0,42.0
2025-04-17,7,Olinda,Salgados,Coxinha,7.5,5,Crédito,1.0,37.5
2025-04-17,8,Olinda,Bebidas,Café,6.0,3,Débito,1.0,18.0
2025-04-17,9,Caruaru,Doces,Bolo de rolo,9.0,4,Crédito,5.0,36.0
2025-04-17,10,Petrolina,Pratos,Macaxeira com charque,25.0,4,Dinheiro,5.0,100.0
2025-04-17,11,Recife,Doces,Cocada,5.0,2,Crédito,2.0,10.0
2025-04-17,11,Recife,Salgados,Tapioca,12.0,3,Pix,1.0,36.0
2025-04-17,12,Recife,Pratos,Baião de dois,28.0,3,Pix,4.0,84.0
2025-04-17,14,Recife,Salgados,Coxinha,7.5,1,Crédito,5.0,7.5
2025-04-17,14,Caruaru,Bebidas,Suco de caju,8.0,1,Pix,3.0,8.0
2025-04-17,14,Olinda,Salgados,Tapioca,12.0,4,Pix,5.0,48.0
2025-04-17,16,Recife,Bebidas,Café,6.0,1,Pix,5.0,6.0
2025-04-17,17,Olinda,Salgados,Tapioca,12.0,3,Pix,3.0,36.0
2025-04-17,19,Recife,Pratos,Macaxeira com charque,25.0,3,Pix,1.0,75.0
2025-04-18,7,Caruaru,Doces,Cartola,14.0,1,Débito,3.0,14.0
2025-04-18,7,Olinda,Pratos,Baião de dois,28.0,1,Pix,2.0,28.0
2025-04-18,9,Recife,Salgados,Coxinha,7.5,3,Dinheiro,3.0,22.5
2025-04-18,13,Caruaru,Pratos,Macaxeira com charque,25.0,1,Débito,3.0,25.0
2025-04-18,13,Recife,Bebidas,Suco de caju,8.0,3,Débito,1.0,24.0
2025-04-18,15,Recife,Salgados,Pastel,8.0,2,Pix,1.0,16.0
2025-04-18,16,Garanhuns,Doces,Cartola,14.0,5,Débito,3.0,70.0
2025-04-18,16,Recife,Bebidas,Suco de caju,8.0,4,Pix,1.0,32.0
2025-04-18,18,Petrolina,Bebidas,Caldo de cana,7.0,3,Pix,3.0,21.0
2025-04-18,19,Recife,Bebidas,Café,6.0,3,Pix,2.0,18.0
2025-04-18,19,Garanhuns,Bebidas,Café,6.0,2,Pix,5.0,12.0
2025-04-18,21,Caruaru,Bebidas,Suco de caju,8.0,2,Pix,4.0,16.0
2025-04-18,21,Olinda,Salgados,Coxinha,7.5,4,Pix,1.0,30.0
2025-04-19,7,Recife,Bebidas,Café,6.0,1,Crédito,1.0,6.0
2025-04-19,7,Recife,Bebidas,Café,6.0,1,Crédito,2.0,6.0
2025-04-19,8,Recife,Bebidas,Caldo de cana,7.0,2,Pix,1.0,14.0
2025-04-19,11,Recife,Doces,Bolo de rolo,9.0,3,Pix,1.0,27.0
2025-04-19,12,Petrolina,Doces,Cartola,14.0,5,Crédito,1.0,70.0
2025-04-19,12,Recife,Bebidas,Caldo de cana,7.0,1,Dinheiro,4.0,7.0
2025-04-19,12,Caruaru,Salgados,Coxinha,7.5,2,Pix,1.0,15.0
2025-04-19,13,Petrolina,Doces,Cartola,14.0,1,Pix,4.0,14.0
2025-04-19,15,Recife,Salgados,Tapioca,12.0,4,Dinheiro,3.0,48.0
2025-04-19,19,Caruaru,Bebidas,Suco de caju,8.0,4,Pix,3.0,32.0
2025-04-19,21,Recife,Doces,Bolo de rolo,9.0,4,Crédito,3.0,36.0
2025-04-19,21,Olinda,Doces,Bolo de rolo,9.0,3,Crédito,5.0,27.0
2025-04-19,21,Caruaru,Salgados,Pastel,8.0,2,Crédito,3.0,16.0
2025-04-20,7,Garanhuns,Doces,Cocada,5.0,3,Pix,2.0,15.0
2025-04-20,9,Recife,Bebidas,Café,6.0,1,Pix,2.0,6.0
2025-04-20,9,Petrolina,Salgados,Tapioca,12.0,5,Crédito,5.0,60.0
2025-04-20,10,Caruaru,Pratos,Macaxeira com charque,25.0,2,Crédito,2.0,50.0
2025-04-20,11,Caruaru,Bebidas,Suco de caju,8.0,4,Crédito,3.0,32.0
2025-04-20,14,Recife,Doces,Cocada,5.0,2,Pix,4.0,10.0
2025-04-20,14,Recife,Salgados,Pastel,8.0,4,Pix,1.0,32.0
2025-04-20,16,Petrolina,Bebidas,Caldo de cana,7.0,1,Pix,3.0,7.0
2025-04-20,16,Garanhuns,Salgados,Pastel,8.0,1,Pix,1.0,8.0
2025-04-20,16,Recife,Doces,Bolo de rolo,9.0,5,Débito,2.0,45.0
2025-04-20,18,Petrolina,Doces,Cartola,14.0,3,Débito,4.0,42.0
2025-04-20,18,Petrolina,Bebidas,Caldo de cana,7.0,1,Pix,2.0,7.0
2025-04-20,20,Petrolina,Salgados,Tapioca,12.0,1,Pix,5.0,12.0
2025-04-20,20,Garanhuns,Bebidas,Café,6.0,1,Dinheiro,1.0,6.0
2025-04-20,20,Recife,Doces,Cartola,14.0,2,Pix,3.0,28.0
2025-04-20,20,Petrolina,Salgados,Pastel,8.0,3,Crédito,2.0,24.0
2025-04-20,21,Recife,Salgados,Coxinha,7.5,1,Pix,3.0,7.5
2025-04-20,21,Recife,Doces,Bolo de rolo,9.0,4,Débito,3.0,36.0
2025-04-21,7,Olinda,Doces,Bolo de rolo,9.0,3,Crédito,4.0,27.0
2025-04-21,7,Garanhuns,Salgados,Tapioca,12.0,3,Dinheiro,5.0,36.0
2025-04-21,11,Recife,Bebidas,Café,6.0,4,Crédito,3.0,24.0
2025-04-21,12,Recife,Bebidas,Suco de caju,8.0,3,Pix,5.0,24.0
2025-04-21,12,Recife,Doces,Cocada,5.0,4,Débito,5.0,20.0
2025-04-21,12,Petrolina,Pratos,Macaxeira com charque,25.0,3,Pix,4.0,75.0
2025-04-21,13,Recife,Bebidas,Suco de caju,8.0,5,Pix,3.0,40.0
2025-04-21,13,Recife,Bebidas,Suco de caju,8.0,3,Crédito,5.0,24.0
2025-04-21,14,Recife,Doces,Cocada,5.0,5,Pix,5.0,25.0
2025-04-21,15,Recife,Doces,Bolo de rolo,9.0,2,Crédito,4.0,18.0
2025-04-21,15,Recife,Bebidas,Café,6.0,1,Dinheiro,5.0,6.0
2025-04-21,16,Petrolina,Doces,Cartola,14.0,4,Pix,3.0,56.0
2025-04-21,16,Recife,Pratos,Baião de dois,28.0,5,Dinheiro,3.0,140.0
2025-04-21,21,Garanhuns,Salgados,Coxinha,7.5,5,Crédito,4.0,37.5
2025-04-21,21,Olinda,Bebidas,Café,6.0,4,Crédito,4.0,24.0
2025-04-22,9,Recife,Salgados,Pastel,8.0,5,Pix,4.0,40.0
2025-04-22,9,Petrolina,Pratos,Cuscuz com carne de sol,22.0,4,Pix,3.0,88.0
2025-04-22,9,Caruaru,Pratos,Cuscuz com carne de sol,22.0,5,Dinheiro,2.0,110.0
2025-04-22,13,Olinda,Doces,Bolo de rolo,9.0,5,Dinheiro,5.0,45.0
2025-04-22,15,Caruaru,Salgados,Coxinha,7.5,1,Débito,4.0,7.5
2025-04-22,18,Recife,Salgados,Tapioca,12.0,5,Pix,2.0,60.0
2025-04-22,19,Olinda,Salgados,Coxinha,7.5,3,Pix,5.0,22.5
2025-04-23,7,Petrolina,Doces,Cartola,14.0,1,Pix,3.0,14.0
2025-04-23,7,Olinda,Salgados,Tapioca,12.0,5,Dinheiro,5.0,60.0
2025-04-23,7,Olinda,Salgados,Tapioca,12.0,3,Pix,2.0,36.0
2025-04-23,9,Petrolina,Bebidas,Café,6.0,5,Pix,4.0,30.0
2025-04-23,10,Petrolina,Doces,Cartola,14.0,2,Pix,2.0,28.0
2025-04-23,10,Olinda,Doces,Cartola,14.0,2,Pix,2.0,28.0
2025-04-23,11,Recife,Pratos,Cuscuz com carne de sol,22.0,5,Pix,4.0,110.0
2025-04-23,12,Petrolina,Bebidas,Suco de caju,8.0,1,Dinheiro,5.0,8.0
2025-04-23,14,Petrolina,Pratos,Macaxeira com charque,25.0,4,Crédito,3.0,100.0
2025-04-23,16,Petrolina,Doces,Cocada,5.0,3,Débito,3.0,15.0
2025-04-23,16,Recife,Pratos,Baião de dois,28.0,1,Débito,2.0,28.0
2025-04-23,16,Petrolina,Doces,Cocada,5.0,5,Pix,4.0,25.0
2025-04-23,17,Petrolina,Salgados,Tapioca,12.0,3,Débito,4.0,36.0
2025-04-23,18,Recife,Bebidas,Caldo de cana,7.0,5,Crédito,4.0,35.0
2025-04-23,19,Caruaru,Pratos,Baião de dois,28.0,2,Pix,2.0,56.0
2025-04-23,21,Garanhuns,Doces,Cartola,14.0,3,Pix,3.0,42.0
2025-04-24,7,Petrolina,Salgados,Coxinha,7.5,1,Débito,5.0,7.5
2025-04-24,7,Olinda,Salgados,Coxinha,7.5,3,Crédito,2.0,22.5
2025-04-24,7,Petrolina,Pratos,Macaxeira com charque,25.0,4,Crédito,3.0,100.0
2025-04-24,8,Petrolina,Pratos,Macaxeira com charque,25.0,1,Pix,5.0,25.0
2025-04-24,9,Recife,Salgados,Coxinha,7.5,2,Débito,3.0,15.0
2025-04-24,12,Recife,Pratos,Cuscuz com carne de sol,22.0,4,Pix,5.0,88.0
2025-04-24,12,Garanhuns,Bebidas,Café,6.0,3,Pix,1.0,18.0
2025-04-24,13,Recife,Salgados,Coxinha,7.5,1,Pix,5.0,7.5
2025-04-24,14,Recife,Bebidas,Suco de caju,8.0,5,Crédito,2.0,40.0
2025-04-24,15,Petrolina,Bebidas,Suco de caju,8.0,5,Crédito,4.0,40.0
2025-04-24,16,Petrolina,Doces,Bolo de rolo,9.0,1,Crédito,2.0,9.0
2025-04-24,17,Caruaru,Salgados,Pastel,8.0,2,Pix,1.0,16.0
2025-04-24,17,Recife,Pratos,Cuscuz com carne de sol,22.0,5,Crédito,3.0,110.0
2025-04-24,18,Petrolina,Salgados,Pastel,8.0,1,Pix,4.0,8.0
2025-04-24,18,Recife,Doces,Bolo de rolo,9.0,2,Pix,1.0,18.0
2025-04-25,7,Petrolina,Pratos,Baião de dois,28.0,4,Pix,3.0,112.0
2025-04-25,8,Olinda,Pratos,Cuscuz com carne de sol,22.0,5,Pix,2.0,110.0
2025-04-25,9,Olinda,Bebidas,Suco de caju,8.0,3,Pix,1.0,24.0
2025-04-25,11,Caruaru,Bebidas,Suco de caju,8.0,1,Débito,3.0,8.0
2025-04-25,11,Recife,Salgados,Coxinha,7.5,5,Débito,1.0,37.5
2025-04-25,13,Garanhuns,Salgados,Tapioca,12.0,3,Dinheiro,2.0,36.0
2025-04-25,14,Recife,Pratos,Cuscuz com carne de sol,22.0,1,Crédito,3.0,22.0
2025-04-25,14,Recife,Doces,Cocada,5.0,5,Crédito,2.0,25.0
2025-04-25,14,Caruaru,Salgados,Tapioca,12.0,4,Crédito,3.0,48.0
2025-04-25,17,Recife,Salgados,Coxinha,7.5,1,Dinheiro,1.0,7.5
2025-04-25,17,Olinda,Bebidas,Suco de caju,8.0,2,Débito,1.0,16.0
2025-04-25,19,Caruaru,Salgados,Tapioca,12.0,3,Pix,3.0,36.0
2025-04-25,20,Caruaru,Salgados,Pastel,8.0,2,Pix,5.0,16.0
2025-04-25,20,Recife,Bebidas,Caldo de cana,7.0,1,Crédito,4.0,7.0
2025-04-25,21,Caruaru,Salgados,Coxinha,7.5,2,Débito,2.0,15.0
2025-04-25,21,Recife,Doces,Cartola,14.0,5,Pix,2.0,70.0
2025-04-26,7,Recife,Salgados,Tapioca,12.0,3,Débito,1.0,36.0
2025-04-26,7,Recife,Pratos,Baião de dois,28.0,1,Crédito,2.0,28.0
2025-04-26,8,Recife,Pratos,Macaxeira com charque,25.0,1,Pix,1.0,25.0
2025-04-26,9,Recife,Bebidas,Suco de caju,8.0,2,Pix,5.0,16.0
2025-04-26,9,Recife,Doces,Bolo de rolo,9.0,1,Débito,1.0,9.0
2025-04-26,10,Olinda,Salgados,Pastel,8.0,1,Pix,4.0,8.0
2025-04-26,10,Recife,Pratos,Cuscuz com carne de sol,22.0,5,Dinheiro,1.0,110.0
2025-04-26,10,Recife,Doces,Bolo de rolo,9.0,1,Dinheiro,2.0,9.0
2025-04-26,11,Recife,Salgados,Pastel,8.0,4,Débito,4.0,32.0
2025-04-26,12,Recife,Doces,Cocada,5.0,3,Crédito,3.0,15.0
2025-04-26,13,Petrolina,Doces,Bolo de rolo,9.0,2,Dinheiro,3.0,18.0
2025-04-26,16,Garanhuns,Pratos,Baião de dois,28.0,5,Dinheiro,5.0,140.0
2025-04-26,16,Caruaru,Salgados,Coxinha,7.5,3,Pix,2.0,22.5
2025-04-26,19,Caruaru,Bebidas,Suco de caju,8.0,3,Pix,5.0,24.0
2025-04-26,20,Petrolina,Bebidas,Suco de caju,8.0,4,Débito,5.0,32.0
2025-04-26,20,Caruaru,Bebidas,Caldo de cana,7.0,1,Dinheiro,2.0,7.0
2025-04-26,21,Recife,Doces,Cartola,14.0,4,Pix,1.0,56.0
2025-04-27,7,Garanhuns,Bebidas,Café,6.0,5,Pix,4.0,30.0
2025-04-27,9,Petrolina,Doces,Cocada,5.0,1,Crédito,1.0,5.0
2025-04-27,9,Caruaru,Doces,Cartola,14.0,2,Dinheiro,1.0,28.0
2025-04-27,10,Olinda,Pratos,Macaxeira com charque,25.0,4,Crédito,4.0,100.0
2025-04-27,16,Petrolina,Salgados,Coxinha,7.5,5,Pix,5.0,37.5
2025-04-27,16,Recife,Doces,Cocada,5.0,1,Crédito,2.0,5.0
2025-04-27,16,Recife,Doces,Cartola,14.0,3,Pix,2.0,42.0
2025-04-27,17,Caruaru,Pratos,Baião de dois,28.0,1,Pix,1.0,28.0
2025-04-27,17,Olinda,Salgados,Tapioca,12.0,5,Débito,4.0,60.0
2025-04-27,17,Recife,Doces,Cartola,14.0,1,Crédito,5.0,14.0
2025-04-27,18,Caruaru,Doces,Cartola,14.0,3,Dinheiro,4.0,42.0
2025-04-27,18,Recife,Pratos,Baião de dois,28.0,5,Crédito,4.0,140.0
2025-04-27,19,Petrolina,Salgados,Coxinha,7.5,3,Débito,2.0,22.5
2025-04-27,20,Olinda,Doces,Bolo de rolo,9.0,5,Pix,3.0,45.0
2025-04-28,7,Petrolina,Doces,Bolo de rolo,9.0,4,Crédito,3.0,36.0
2025-04-28,7,Recife,Doces,Cocada,5.0,5,Pix,5.0,25.0
2025-04-28,8,Petrolina,Doces,Bolo de rolo,9.0,5,Pix,4.0,45.0
2025-04-28,10,Caruaru,Salgados,Pastel,8.0,4,Dinheiro,4.0,32.0
2025-04-28,11,Caruaru,Doces,Bolo de rolo,9.0,3,Débito,4.0,27.0
2025-04-28,11,Garanhuns,Pratos,Baião de dois,28.0,3,Débito,2.0,84.0
2025-04-28,12,Caruaru,Salgados,Pastel,8.0,1,Pix,2.0,8.0
2025-04-28,12,Caruaru,Bebidas,Suco de caju,8.0,3,Crédito,4.0,24.0
2025-04-28,12,Recife,Bebidas,Suco de caju,8.0,2,Pix,5.0,16.0
2025-04-28,12,Caruaru,Doces,Cocada,5.0,2,Pix,2.0,10.0
2025-04-28,13,Petrolina,Doces,Bolo de rolo,9.0,1,Pix,4.0,9.0
2025-04-28,14,Caruaru,Doces,Cocada,5.0,5,Pix,5.0,25.0
2025-04-28,16,Recife,Doces,Bolo de rolo,9.0,2,Dinheiro,1.0,18.0
2025-04-28,17,Recife,Salgados,Tapioca,12.0,3,Pix,1.0,36.0
2025-04-28,17,Recife,Salgados,Coxinha,7.5,5,Débito,1.0,37.5
2025-04-28,18,Recife,Salgados,Pastel,8.0,1,Débito,4.0,8.0
2025-04-28,18,Recife,Pratos,Macaxeira com charque,25.0,5,Pix,2.0,125.0
2025-04-28,19,Olinda,Bebidas,Suco de caju,8.0,2,Crédito,5.0,16.0
2025-04-28,19,Olinda,Pratos,Baião de dois,28.0,3,Pix,1.0,84.0
2025-04-28,19,Recife,Salgados,Coxinha,7.5,1,Crédito,2.0,7.5
2025-04-28,19,Recife,Bebidas,Café,6.0,5,Pix,4.0,30.0
2025-04-28,20,Recife,Pratos,Baião de dois,28.0,5,Débito,3.0,140.0
2025-04-28,21,Petrolina,Doces,Cocada,5.0,5,Dinheiro,,25.0
2025-04-29,8,Recife,Pratos,Macaxeira com charque,25.0,5,Dinheiro,3.0,125.0
2025-04-29,9,Recife,Pratos,Cuscuz com carne de sol,22.0,2,Pix,5.0,44.0
2025-04-29,12,Petrolina,Doces,Bolo de rolo,9.0,1,Pix,5.0,9.0
2025-04-29,12,Caruaru,Salgados,Coxinha,7.5,2,Débito,1.0,15.0
2025-04-29,13,Garanhuns,Doces,Bolo de rolo,9.0,5,Débito,1.0,45.0
2025-04-29,15,Recife,Salgados,Tapioca,12.0,3,Crédito,2.0,36.0
2025-04-29,16,Caruaru,Salgados,Tapioca,12.0,1,Débito,2.0,12.0
2025-04-29,17,Garanhuns,Pratos,Cuscuz com carne de sol,22.0,2,Crédito,2.0,44.0
2025-04-29,19,Petrolina,Pratos,Macaxeira com charque,25.0,2,Crédito,1.0,50.0
2025-04-29,19,Olinda,Doces,Cocada,5.0,5,Pix,5.0,25.0
2025-04-29,19,Caruaru,Pratos,Macaxeira com charque,25.0,3,Débito,1.0,75.0
2025-04-29,20,Garanhuns,Doces,Cartola,14.0,5,Pix,3.0,70.0
2025-04-30,8,Recife,Doces,Cartola,14.0,4,Pix,5.0,56.0
2025-04-30,9,Garanhuns,Bebidas,Café,6.0,2,Pix,5.0,12.0
2025-04-30,9,Garanhuns,Salgados,Pastel,8.0,3,Pix,2.0,24.0
2025-04-30,9,Recife,Bebidas,Suco de caju,8.0,3,Pix,5.0,24.0
2025-04-30,12,Petrolina,Pratos,Baião de dois,28.0,5,Dinheiro,1.0,140.0
2025-04-30,12,Olinda,Salgados,Tapioca,12.0,3,Pix,3.0,36.0
2025-04-30,14,Olinda,Doces,Cocada,5.0,1,Pix,3.0,5.0
2025-04-30,15,Recife,Doces,Bolo de rolo,9.0,4,Débito,4.0,36.0
2025-04-30,15,Caruaru,Doces,Bolo de rolo,9.0,4,Pix,2.0,36.0
2025-05-01,7,Olinda,Doces,Cartola,14.0,1,Dinheiro,4.0,14.0
2025-05-01,7,Petrolina,Pratos,Baião de dois,28.0,5,Pix,3.0,140.0
2025-05-01,7,Recife,Doces,Bolo de rolo,9.0,2,Crédito,2.0,18.0
2025-05-01,8,Garanhuns,Pratos,Macaxeira com charque,25.0,3,Pix,1.0,75.0
2025-05-01,9,Petrolina,Doces,Cocada,5.0,3,Pix,1.0,15.0
2025-05-01,9,Recife,Salgados,Tapioca,12.0,5,Débito,5.0,60.0
2025-05-01,10,Olinda,Pratos,Baião de dois,28.0,4,Crédito,4.0,112.0
2025-05-01,10,Garanhuns,Pratos,Macaxeira com charque,25.0,2,Dinheiro,1.0,50.0
2025-05-01,10,Caruaru,Bebidas,Suco de caju,8.0,3,Crédito,5.0,24.0
2025-05-01,11,Recife,Bebidas,Caldo de cana,7.0,2,Débito,5.0,14.0
2025-05-01,11,Petrolina,Pratos,Baião de dois,28.0,2,Crédito,2.0,56.0
2025-05-01,12,Recife,Doces,Cartola,14.0,1,Pix,2.0,14.0
2025-05-01,13,Caruaru,Bebidas,Caldo de cana,7.0,3,Pix,1.0,21.0
2025-05-01,13,Caruaru,Salgados,Coxinha,7.5,3,Pix,2.0,22.5
2025-05-01,14,Recife,Pratos,Baião de dois,28.0,2,Pix,4.0,56.0
2025-05-01,14,Recife,Bebidas,Café,6.0,1,Crédito,4.0,6.0
2025-05-01,15,Garanhuns,Salgados,Coxinha,7.5,2,Crédito,5.0,15.0
2025-05-01,16,Olinda,Pratos,Macaxeira com charque,25.0,2,Pix,4.0,50.0
2025-05-01,16,Caruaru,Bebidas,Suco de caju,8.0,2,Débito,5.0,16.0
2025-05-01,21,Petrolina,Salgados,Pastel,8.0,5,Pix,2.0,40.0
2025-05-01,21,Recife,Salgados,Pastel,8.0,5,Débito,5.0,40.0
2025-05-02,10,Recife,Pratos,Cuscuz com carne de sol,22.0,1,Dinheiro,5.0,22.0
2025-05-02,10,Garanhuns,Salgados,Pastel,8.0,5,Débito,3.0,40.0
2025-05-02,11,Petrolina,Salgados,Tapioca,12.0,3,Pix,4.0,36.0
2025-05-02,12,Caruaru,Salgados,Tapioca,12.0,5,Pix,3.0,60.0
2025-05-02,13,Petrolina,Doces,Cartola,14.0,5,Pix,4.0,70.0
2025-05-02,13,Olinda,Bebidas,Caldo de cana,7.0,4,Pix,3.0,28.0
2025-05-02,18,Petrolina,Doces,Bolo de rolo,9.0,3,Pix,,27.0
2025-05-02,18,Recife,Salgados,Pastel,8.0,5,Débito,,40.0
2025-05-02,19,Petrolina,Doces,Cocada,5.0,4,Pix,5.0,20.0
2025-05-02,20,Garanhuns,Salgados,Pastel,8.0,2,Pix,,16.0
2025-05-02,20,Recife,Salgados,Coxinha,7.5,5,Pix,4.0,37.5
2025-05-03,7,Caruaru,Pratos,Baião de dois,28.0,1,Dinheiro,2.0,28.0
2025-05-03,7,Recife,Bebidas,Caldo de cana,7.0,4,Pix,1.0,28.0
2025-05-03,8,Olinda,Salgados,Coxinha,7.5,4,Pix,2.0,30.0
2025-05-03,10,Petrolina,Bebidas,Caldo de cana,7.0,2,Pix,3.0,14.0
2025-05-03,12,Garanhuns,Pratos,Cuscuz com carne de sol,22.0,4,Pix,4.0,88.0
2025-05-03,13,Recife,Bebidas,Caldo de cana,7.0,3,Pix,1.0,21.0
2025-05-03,13,Garanhuns,Doces,Cocada,5.0,5,Pix,2.0,25.0
2025-05-03,14,Caruaru,Bebidas,Caldo de cana,7.0,2,Crédito,4.0,14.0
2025-05-03,14,Recife,Pratos,Macaxeira com charque,25.0,2,Pix,3.0,50.0
2025-05-03,18,Olinda,Doces,Cocada,5.0,1,Débito,5.0,5.0
2025-05-03,18,Recife,Doces,Cartola,14.0,2,Pix,2.0,28.0
2025-05-03,21,Recife,Pratos,Cuscuz com carne de sol,22.0,1,Pix,4.0,22.0
2025-05-03,21,Garanhuns,Bebidas,Suco de caju,8.0,2,Dinheiro,1.0,16.0
2025-05-04,8,Recife,Pratos,Macaxeira com charque,25.0,4,Débito,2.0,100.0
2025-05-04,9,Petrolina,Salgados,Coxinha,7.5,5,Pix,3.0,37.5
2025-05-04,9,Petrolina,Doces,Cocada,5.0,1,Pix,3.0,5.0
2025-05-04,11,Olinda,Doces,Cocada,5.0,1,Débito,5.0,5.0
2025-05-04,12,Caruaru,Salgados,Pastel,8.0,2,Crédito,4.0,16.0
2025-05-04,12,Olinda,Bebidas,Suco de caju,8.0,3,Pix,1.0,24.0
2025-05-04,13,Olinda,Bebidas,Caldo de cana,7.0,1,Débito,2.0,7.0
2025-05-04,14,Recife,Pratos,Macaxeira com charque,25.0,1,Pix,1.0,25.0
2025-05-04,16,Petrolina,Salgados,Coxinha,7.5,4,Pix,4.0,30.0
2025-05-04,19,Garanhuns,Pratos,Macaxeira com charque,25.0,2,Débito,2.0,50.0
2025-05-04,19,Recife,Salgados,Pastel,8.0,5,Pix,4.0,40.0
2025-05-04,20,Recife,Salgados,Coxinha,7.5,2,Pix,,15.0
2025-05-04,21,Recife,Pratos,Baião de dois,28.0,3,Crédito,2.0,84.0
2025-05-05,7,Recife,Pratos,Baião de dois,28.0,4,Crédito,1.0,112.0
2025-05-05,7,Recife,Doces,Bolo de rolo,9.0,3,Dinheiro,5.0,27.0
2025-05-05,7,Petrolina,Pratos,Baião de dois,28.0,4,Pix,4.0,112.0
2025-05-05,7,Recife,Doces,Cartola,14.0,4,Débito,5.0,56.0
2025-05-05,7,Petrolina,Pratos,Baião de dois,28.0,3,Débito,1.0,84.0
2025-05-05,7,Recife,Bebidas,Café,6.0,1,Pix,4.0,6.0
2025-05-05,7,Recife,Doces,Bolo de rolo,9.0,4,Crédito,5.0,36.0
2025-05-05,9,Petrolina,Doces,Cocada,5.0,4,Débito,3.0,20.0
2025-05-05,9,Recife,Bebidas,Suco de caju,8.0,3,Pix,1.0,24.0
2025-05-05,9,Caruaru,Salgados,Coxinha,7.5,4,Pix,5.0,30.0
2025-05-05,9,Petrolina,Salgados,Tapioca,12.0,5,Pix,5.0,60.0
2025-05-05,9,Caruaru,Doces,Cocada,5.0,4,Débito,5.0,20.0
2025-05-05,10,Garanhuns,Doces,Bolo de rolo,9.0,2,Crédito,1.0,18.0
2025-05-05,12,Recife,Bebidas,Café,6.0,1,Crédito,3.0,6.0
2025-05-05,12,Olinda,Doces,Bolo de rolo,9.0,3,Pix,5.0,27.0
2025-05-05,13,Petrolina,Pratos,Cuscuz com carne de sol,22.0,1,Débito,3.0,22.0
2025-05-05,14,Petrolina,Doces,Cocada,5.0,3,Pix,4.0,15.0
2025-05-05,16,Olinda,Bebidas,Café,6.0,1,Pix,3.0,6.0
2025-05-06,7,Recife,Doces,Bolo de rolo,9.0,3,Débito,5.0,27.0
2025-05-06,8,Recife,Bebidas,Café,6.0,3,Dinheiro,4.0,18.0
2025-05-06,9,Recife,Bebidas,Suco de caju,8.0,1,Dinheiro,5.0,8.0
2025-05-06,10,Garanhuns,Bebidas,Suco de caju,8.0,2,Pix,3.0,16.0
2025-05-06,12,Recife,Bebidas,Café,6.0,1,Dinheiro,1.0,6.0
2025-05-06,13,Recife,Bebidas,Suco de caju,8.0,4,Pix,1.0,32.0
2025-05-06,13,Recife,Bebidas,Caldo de cana,7.0,1,Crédito,4.0,7.0
2025-05-06,14,Recife,Bebidas,Caldo de cana,7.0,5,Crédito,3.0,35.0
2025-05-06,15,Caruaru,Doces,Cartola,14.0,5,Débito,1.0,70.0
2025-05-06,16,Garanhuns,Bebidas,Suco de caju,8.0,1,Pix,2.0,8.0
2025-05-06,17,Caruaru,Bebidas,Suco de caju,8.0,3,Pix,4.0,24.0
2025-05-06,18,Olinda,Salgados,Pastel,8.0,5,Pix,2.0,40.0
2025-05-06,19,Garanhuns,Salgados,Coxinha,7.5,1,Crédito,5.0,7.5
2025-05-06,20,Caruaru,Pratos,Baião de dois,28.0,5,Pix,1.0,140.0
2025-05-06,21,Olinda,Salgados,Tapioca,12.0,5,Pix,3.0,60.0
2025-05-07,7,Caruaru,Doces,Cocada,5.0,1,Pix,4.0,5.0
2025-05-07,7,Recife,Doces,Cartola,14.0,5,Dinheiro,2.0,70.0
2025-05-07,8,Olinda,Doces,Cartola,14.0,4,Pix,1.0,56.0
2025-05-07,9,Olinda,Salgados,Coxinha,7.5,5,Crédito,1.0,37.5
2025-05-07,9,Olinda,Salgados,Pastel,8.0,4,Pix,3.0,32.0
2025-05-07,11,Recife,Salgados,Coxinha,7.5,1,Débito,1.0,7.5
2025-05-07,11,Caruaru,Doces,Bolo de rolo,9.0,3,Pix,1.0,27.0
2025-05-07,12,Caruaru,Bebidas,Suco de caju,8.0,5,Crédito,5.0,40.0
2025-05-07,13,Olinda,Pratos,Cuscuz com carne de sol,22.0,1,Crédito,5.0,22.0
2025-05-07,13,Caruaru,Bebidas,Caldo de cana,7.0,5,Dinheiro,1.0,35.0
2025-05-07,16,Olinda,Bebidas,Suco de caju,8.0,4,Débito,4.0,32.0
2025-05-07,17,Petrolina,Salgados,Tapioca,12.0,3,Pix,2.0,36.0
2025-05-07,19,Recife,Pratos,Macaxeira com charque,25.0,4,Crédito,1.0,100.0
2025-05-07,20,Caruaru,Bebidas,Caldo de cana,7.0,5,Crédito,3.0,35.0
2025-05-08,11,Recife,Salgados,Pastel,8.0,4,Pix,5.0,32.0
2025-05-08,11,Olinda,Bebidas,Café,6.0,1,Débito,1.0,6.0
2025-05-08,12,Recife,Salgados,Tapioca,12.0,1,Pix,2.0,12.0
2025-05-08,12,Olinda,Doces,Cocada,5.0,2,Débito,,10.0
2025-05-08,14,Caruaru,Salgados,Coxinha,7.5,4,Pix,2.0,30.0
2025-05-08,17,Recife,Salgados,Pastel,8.0,3,Crédito,4.0,24.0
2025-05-08,18,Recife,Doces,Cocada,5.0,4,Pix,1.0,20.0
2025-05-08,18,Recife,Pratos,Macaxeira com charque,25.0,1,Débito,3.0,25.0
2025-05-08,18,Petrolina,Pratos,Cuscuz com carne de sol,22.0,2,Pix,2.0,44.0
2025-05-08,21,Caruaru,Salgados,Pastel,8.0,3,Débito,2.0,24.0
2025-05-09,8,Petrolina,Doces,Cartola,14.0,3,Débito,3.0,42.0
2025-05-09,8,Caruaru,Doces,Bolo de rolo,9.0,2,Dinheiro,4.0,18.0
2025-05-09,9,Petrolina,Pratos,Macaxeira com charque,25.0,5,Pix,4.0,125.0
2025-05-09,10,Petrolina,Pratos,Cuscuz com carne de sol,22.0,1,Pix,5.0,22.0
2025-05-09,11,Garanhuns,Pratos,Macaxeira com charque,25.0,4,Débito,1.0,100.0
2025-05-09,12,Olinda,Bebidas,Caldo de cana,7.0,3,Crédito,1.0,21.0
2025-05-09,14,Petrolina,Bebidas,Café,6.0,1,Débito,2.0,6.0
2025-05-09,15,Garanhuns,Bebidas,Suco de caju,8.0,5,Pix,5.0,40.0
2025-05-09,16,Olinda,Pratos,Cuscuz com carne de sol,22.0,2,Débito,4.0,44.0
2025-05-09,17,Caruaru,Bebidas,Suco de caju,8.0,4,Crédito,5.0,32.0
2025-05-09,17,Recife,Doces,Cartola,14.0,3,Crédito,3.0,42.0
2025-05-09,18,Petrolina,Pratos,Macaxeira com charque,25.0,4,Débito,5.0,100.0
2025-05-09,19,Caruaru,Salgados,Pastel,8.0,3,Pix,1.0,24.0
2025-05-09,19,Olinda,Pratos,Baião de dois,28.0,5,Crédito,1.0,140.0
2025-05-09,19,Olinda,Bebidas,Caldo de cana,7.0,4,Débito,4.0,28.0
2025-05-10,8,Recife,Doces,Cartola,14.0,1,Pix,2.0,14.0
2025-05-10,8,Olinda,Pratos,Macaxeira com charque,25.0,2,Crédito,4.0,50.0
2025-05-10,9,Recife,Doces,Bolo de rolo,9.0,3,Crédito,2.0,27.0
2025-05-10,10,Caruaru,Doces,Bolo de rolo,9.0,1,Pix,3.0,9.0
2025-05-10,12,Recife,Doces,Cartola,14.0,4,Pix,2.0,56.0
2025-05-10,12,Recife,Pratos,Cuscuz com carne de sol,22.0,1,Pix,3.0,22.0
2025-05-10,13,Recife,Salgados,Tapioca,12.0,1,Crédito,1.0,12.0
2025-05-10,15,Caruaru,Doces,Cocada,5.0,2,Débito,5.0,10.0
2025-05-10,15,Olinda,Doces,Cocada,5.0,5,Dinheiro,1.0,25.0
2025-05-10,18,Petrolina,Salgados,Pastel,8.0,1,Pix,1.0,8.0
2025-05-10,19,Garanhuns,Doces,Bolo de rolo,9.0,5,Dinheiro,3.0,45.0
2025-05-10,20,Garanhuns,Salgados,Pastel,8.0,2,Crédito,4.0,16.0
2025-05-10,21,Recife,Bebidas,Suco de caju,8.0,4,Pix,2.0,32.0
2025-05-10,21,Recife,Pratos,Macaxeira com charque,25.0,1,Pix,5.0,25.0
2025-05-11,10,Olinda,Pratos,Baião de dois,28.0,5,Pix,1.0,140.0
2025-05-11,11,Caruaru,Pratos,Macaxeira com charque,25.0,4,Pix,3.0,100.0
2025-05-11,14,Petrolina,Bebidas,Suco de caju,8.0,5,Dinheiro,5.0,40.0
2025-05-11,14,Petrolina,Bebidas,Suco de caju,8.0,1,Crédito,5.0,8.0
2025-05-11,16,Petrolina,Pratos,Macaxeira com charque,25.0,5,Débito,4.0,125.0
2025-05-11,18,Recife,Doces,Cartola,14.0,5,Pix,4.0,70.0
2025-05-11,19,Olinda,Salgados,Tapioca,12.0,3,Crédito,3.0,36.0
2025-05-11,19,Olinda,Salgados,Pastel,8.0,3,Pix,5.0,24.0
2025-05-11,19,Recife,Pratos,Cuscuz com carne de sol,22.0,4,Crédito,2.0,88.0
2025-05-11,21,Recife,Salgados,Pastel,8.0,2,Pix,3.0,16.0
2025-05-12,8,Recife,Salgados,Coxinha,7.5,5,Dinheiro,1.0,37.5
2025-05-12,9,Recife,Salgados,Coxinha,7.5,4,Débito,5.0,30.0
2025-05-12,11,Recife,Salgados,Pastel,8.0,4,Dinheiro,5.0,32.0
2025-05-12,13,Petrolina,Doces,Cartola,14.0,5,Débito,4.0,70.0
2025-05-12,18,Caruaru,Bebidas,Café,6.0,4,Pix,1.0,24.0
2025-05-12,19,Olinda,Bebidas,Suco de caju,8.0,5,Pix,5.0,40.0
2025-05-12,19,Caruaru,Bebidas,Caldo de cana,7.0,4,Débito,3.0,28.0
2025-05-12,21,Recife,Salgados,Pastel,8.0,5,Pix,3.0,40.0
2025-05-13,8,Caruaru,Pratos,Cuscuz com carne de sol,22.0,2,Crédito,1.0,44.0
2025-05-13,8,Recife,Doces,Cartola,14.0,3,Pix,2.0,42.0
2025-05-13,12,Petrolina,Doces,Cocada,5.0,4,Crédito,4.0,20.0
2025-05-13,14,Recife,Pratos,Baião de dois,28.0,2,Débito,4.0,56.0
2025-05-13,19,Petrolina,Salgados,Pastel,8.0,5,Débito,4.0,40.0
2025-05-13,19,Recife,Salgados,Pastel,8.0,2,Crédito,4.0,16.0
2025-05-13,21,Garanhuns,Salgados,Coxinha,7.5,4,Dinheiro,2.0,30.0
2025-05-14,12,Recife,Bebidas,Suco de caju,8.0,1,Débito,3.0,8.0
2025-05-14,15,Recife,Salgados,Tapioca,12.0,2,Pix,4.0,24.0
2025-05-14,15,Recife,Doces,Cocada,5.0,3,Crédito,1.0,15.0
2025-05-14,17,Olinda,Salgados,Coxinha,7.5,3,Crédito,2.0,22.5
2025-05-14,17,Recife,Doces,Bolo de rolo,9.0,2,Crédito,4.0,18.0
2025-05-14,18,Caruaru,Doces,Cartola,14.0,3,Crédito,5.0,42.0
2025-05-14,18,Caruaru,Salgados,Coxinha,7.5,2,Pix,4.0,15.0
2025-05-14,18,Olinda,Bebidas,Caldo de cana,7.0,5,Pix,5.0,35.0
2025-05-14,19,Caruaru,Pratos,Baião de dois,28.0,1,Pix,1.0,28.0
2025-05-14,20,Recife,Bebidas,Café,6.0,1,Pix,4.0,6.0
2025-05-14,20,Caruaru,Pratos,Cuscuz com carne de sol,22.0,4,Pix,5.0,88.0
2025-05-14,21,Olinda,Bebidas,Caldo de cana,7.0,4,Crédito,3.0,28.0
2025-05-15,9,Recife,Pratos,Baião de dois,28.0,2,Dinheiro,4.0,56.0
2025-05-15,11,Recife,Bebidas,Caldo de cana,7.0,4,Crédito,4.0,28.0
2025-05-15,12,Olinda,Pratos,Baião de dois,28.0,4,Pix,5.0,112.0
2025-05-15,17,Olinda,Doces,Cocada,5.0,3,Dinheiro,3.0,15.0
2025-05-15,19,Petrolina,Pratos,Baião de dois,28.0,3,Débito,3.0,84.0
2025-05-15,20,Recife,Pratos,Macaxeira com charque,25.0,5,Débito,2.0,125.0
2025-05-15,21,Garanhuns,Bebidas,Caldo de cana,7.0,2,Crédito,5.0,14.0
2025-05-16,8,Recife,Doces,Cocada,5.0,4,Pix,3.0,20.0
2025-05-16,8,Caruaru,Pratos,Macaxeira com charque,25.0,5,Pix,4.0,125.0
2025-05-16,10,Petrolina,Bebidas,Café,6.0,3,Débito,5.0,18.0
2025-05-16,10,Garanhuns,Pratos,Cuscuz com carne de sol,22.0,4,Pix,5.0,88.0
2025-05-16,12,Caruaru,Pratos,Macaxeira com charque,25.0,3,Pix,4.0,75.0
2025-05-16,15,Recife,Pratos,Cuscuz com carne de sol,22.0,4,Pix,4.0,88.0
2025-05-16,16,Recife,Salgados,Pastel,8.0,4,Pix,4.0,32.0
2025-05-16,16,Caruaru,Doces,Bolo de rolo,9.0,1,Crédito,3.0,9.0
2025-05-16,17,Garanhuns,Pratos,Macaxeira com charque,25.0,5,Crédito,5.0,125.0
2025-05-16,17,Petrolina,Pratos,Cuscuz com carne de sol,22.0,5,Crédito,2.0,110.0
2025-05-16,18,Recife,Bebidas,Café,6.0,2,Crédito,4.0,12.0
2025-05-16,19,Caruaru,Bebidas,Suco de caju,8.0,3,Pix,3.0,24.0
2025-05-16,19,Olinda,Pratos,Cuscuz com carne de sol,22.0,4,Pix,2.0,88.0
2025-05-16,19,Recife,Salgados,Tapioca,12.0,4,Débito,2.0,48.0
2025-05-16,20,Recife,Pratos,Macaxeira com charque,25.0,5,Crédito,5.0,125.0
2025-05-16,20,Recife,Bebidas,Suco de caju,8.0,2,Débito,3.0,16.0
2025-05-16,21,Recife,Doces,Cartola,14.0,5,Pix,3.0,70.0
2025-05-17,9,Recife,Bebidas,Café,6.0,2,Pix,4.0,12.0
2025-05-17,9,Recife,Bebidas,Caldo de cana,7.0,1,Débito,1.0,7.0
2025-05-17,13,Caruaru,Salgados,Pastel,8.0,4,Crédito,4.0,32.0
2025-05-17,14,Olinda,Doces,Cocada,5.0,4,Crédito,2.0,20.0
2025-05-17,15,Petrolina,Bebidas,Caldo de cana,7.0,1,Débito,1.0,7.0
2025-05-17,16,Petrolina,Salgados,Pastel,8.0,1,Pix,4.0,8.0
2025-05-17,20,Petrolina,Doces,Cartola,14.0,2,Crédito,5.0,28.0
2025-05-17,21,Garanhuns,Pratos,Cuscuz com carne de sol,22.0,4,Crédito,4.0,88.0
2025-05-17,21,Recife,Pratos,Baião de dois,28.0,2,Dinheiro,5.0,56.0
2025-05-17,21,Petrolina,Bebidas,Caldo de cana,7.0,1,Pix,3.0,7.0
2025-05-18,9,Garanhuns,Salgados,Tapioca,12.0,3,Crédito,2.0,36.0
2025-05-18,10,Recife,Bebidas,Suco de caju,8.0,4,Pix,1.0,32.0
2025-05-18,12,Recife,Pratos,Macaxeira com charque,25.0,1,Crédito,4.0,25.0
2025-05-18,12,Recife,Bebidas,Café,6.0,1,Débito,4.0,6.0
2025-05-18,14,Petrolina,Bebidas,Suco de caju,8.0,2,Crédito,2.0,16.0
2025-05-18,15,Recife,Pratos,Baião de dois,28.0,5,Pix,3.0,140.0
2025-05-18,17,Garanhuns,Doces,Bolo de rolo,9.0,4,Débito,4.0,36.0
2025-05-18,18,Caruaru,Salgados,Tapioca,12.0,5,Pix,1.0,60.0
2025-05-18,19,Petrolina,Salgados,Tapioca,12.0,5,Pix,3.0,60.0
2025-05-18,19,Petrolina,Salgados,Coxinha,7.5,2,Pix,5.0,15.0
2025-05-18,19,Recife,Bebidas,Café,6.0,4,Dinheiro,,24.0
2025-05-18,21,Olinda,Doces,Cocada,5.0,2,Débito,5.0,10.0
2025-05-19,9,Olinda,Bebidas,Café,6.0,3,Crédito,1.0,18.0
2025-05-19,12,Olinda,Pratos,Cuscuz com carne de sol,22.0,4,Crédito,4.0,88.0
2025-05-19,12,Recife,Pratos,Macaxeira com charque,25.0,1,Dinheiro,3.0,25.0
2025-05-19,14,Olinda,Pratos,Cuscuz com carne de sol,22.0,5,Crédito,1.0,110.0
2025-05-19,15,Garanhuns,Pratos,Macaxeira com charque,25.0,1,Pix,2.0,25.0
2025-05-19,15,Olinda,Doces,Cocada,5.0,1,Débito,2.0,5.0
2025-05-19,15,Petrolina,Salgados,Pastel,8.0,2,Pix,5.0,16.0
2025-05-19,17,Caruaru,Pratos,Macaxeira com charque,25.0,1,Pix,5.0,25.0
2025-05-19,20,Garanhuns,Doces,Cartola,14.0,4,Dinheiro,5.0,56.0
2025-05-19,21,Olinda,Pratos,Macaxeira com charque,25.0,5,Débito,1.0,125.0
2025-05-20,11,Olinda,Bebidas,Caldo de cana,7.0,2,Pix,1.0,14.0
2025-05-20,12,Recife,Bebidas,Caldo de cana,7.0,4,Débito,3.0,28.0
2025-05-20,16,Olinda,Doces,Cartola,14.0,2,Crédito,4.0,28.0
2025-05-20,16,Olinda,Bebidas,Suco de caju,8.0,1,Pix,2.0,8.0
2025-05-20,17,Petrolina,Bebidas,Caldo de cana,7.0,3,Débito,4.0,21.0
2025-05-20,17,Olinda,Bebidas,Caldo de cana,7.0,4,Pix,5.0,28.0
2025-05-20,18,Petrolina,Salgados,Tapioca,12.0,1,Pix,5.0,12.0
2025-05-20,19,Olinda,Pratos,Macaxeira com charque,25.0,5,Pix,2.0,125.0
2025-05-20,19,Petrolina,Pratos,Macaxeira com charque,25.0,5,Pix,4.0,125.0
2025-05-20,20,Caruaru,Doces,Bolo de rolo,9.0,2,Débito,4.0,18.0
2025-05-21,7,Olinda,Pratos,Baião de dois,28.0,5,Crédito,1.0,140.0
2025-05-21,10,Garanhuns,Salgados,Coxinha,7.5,4,Crédito,,30.0
2025-05-21,11,Recife,Salgados,Pastel,8.0,1,Débito,2.0,8.0
2025-05-21,13,Petrolina,Bebidas,Suco de caju,8.0,3,Crédito,5.0,24.0
2025-05-21,15,Caruaru,Pratos,Cuscuz com carne de sol,22.0,4,Crédito,5.0,88.0
2025-05-21,16,Garanhuns,Bebidas,Suco de caju,8.0,2,Crédito,2.0,16.0
2025-05-21,17,Olinda,Salgados,Coxinha,7.5,2,Crédito,2.0,15.0
2025-05-21,20,Recife,Doces,Cartola,14.0,4,Pix,5.0,56.0
2025-05-22,7,Olinda,Doces,Cartola,14.0,2,Débito,5.0,28.0
2025-05-22,8,Caruaru,Pratos,Macaxeira com charque,25.0,3,Pix,1.0,75.0
2025-05-22,8,Recife,Salgados,Tapioca,12.0,4,Crédito,5.0,48.0
2025-05-22,9,Recife,Doces,Bolo de rolo,9.0,4,Débito,5.0,36.0
2025-05-22,9,Recife,Salgados,Pastel,8.0,4,Dinheiro,4.0,32.0
2025-05-22,10,Recife,Pratos,Macaxeira com charque,25.0,5,Débito,4.0,125.0
2025-05-22,11,Petrolina,Doces,Bolo de rolo,9.0,3,Dinheiro,3.0,27.0
2025-05-22,13,Recife,Bebidas,Suco de caju,8.0,1,Pix,3.0,8.0
2025-05-22,14,Petrolina,Salgados,Coxinha,7.5,5,Pix,1.0,37.5
2025-05-22,17,Recife,Bebidas,Café,6.0,3,Débito,4.0,18.0
2025-05-22,21,Recife,Pratos,Macaxeira com charque,25.0,1,Pix,3.0,25.0
2025-05-23,7,Olinda,Doces,Cartola,14.0,3,Crédito,3.0,42.0
2025-05-23,7,Caruaru,Pratos,Cuscuz com carne de sol,22.0,3,Pix,4.0,66.0
2025-05-23,8,Garanhuns,Bebidas,Suco de caju,8.0,3,Dinheiro,4.0,24.0
2025-05-23,9,Petrolina,Bebidas,Suco de caju,8.0,1,Crédito,5.0,8.0
2025-05-23,11,Caruaru,Pratos,Cuscuz com carne de sol,22.0,4,Dinheiro,2.0,88.0
2025-05-23,11,Recife,Bebidas,Caldo de cana,7.0,1,Débito,1.0,7.0
2025-05-23,13,Recife,Doces,Cartola,14.0,3,Dinheiro,1.0,42.0
2025-05-23,13,Olinda,Doces,Cartola,14.0,1,Crédito,3.0,14.0
2025-05-23,13,Recife,Salgados,Coxinha,7.5,2,Pix,4.0,15.0
2025-05-23,14,Recife,Salgados,Coxinha,7.5,2,Pix,3.0,15.0
2025-05-23,14,Caruaru,Pratos,Cuscuz com carne de sol,22.0,3,Pix,3.0,66.0
2025-05-23,14,Recife,Doces,Cocada,5.0,5,Débito,4.0,25.0
2025-05-23,14,Caruaru,Pratos,Cuscuz com carne de sol,22.0,5,Débito,2.0,110.0
2025-05-23,15,Petrolina,Bebidas,Suco de caju,8.0,2,Crédito,2.0,16.0
2025-05-23,18,Recife,Doces,Cartola,14.0,4,Pix,4.0,56.0
2025-05-23,20,Petrolina,Bebidas,Caldo de cana,7.0,2,Débito,3.0,14.0
2025-05-23,20,Petrolina,Doces,Bolo de rolo,9.0,3,Dinheiro,2.0,27.0
2025-05-24,7,Caruaru,Doces,Cocada,5.0,5,Pix,1.0,25.0
2025-05-24,8,Recife,Bebidas,Caldo de cana,7.0,3,Pix,3.0,21.0
2025-05-24,9,Recife,Doces,Cartola,14.0,3,Pix,2.0,42.0
2025-05-24,9,Caruaru,Salgados,Tapioca,12.0,4,Dinheiro,2.0,48.0
2025-05-24,11,Recife,Salgados,Coxinha,7.5,1,Débito,1.0,7.5
2025-05-24,11,Olinda,Doces,Cocada,5.0,3,Dinheiro,4.0,15.0
2025-05-24,11,Olinda,Bebidas,Café,6.0,5,Pix,5.0,30.0
2025-05-24,13,Recife,Pratos,Baião de dois,28.0,5,Crédito,5.0,140.0
2025-05-24,14,Recife,Doces,Cartola,14.0,3,Pix,2.0,42.0
2025-05-24,16,Petrolina,Salgados,Coxinha,7.5,2,Pix,4.0,15.0
2025-05-24,17,Petrolina,Salgados,Pastel,8.0,4,Crédito,3.0,32.0
2025-05-24,18,Recife,Bebidas,Caldo de cana,7.0,4,Pix,3.0,28.0
2025-05-24,18,Olinda,Pratos,Macaxeira com charque,25.0,4,Dinheiro,2.0,100.0
2025-05-24,19,Recife,Pratos,Macaxeira com charque,25.0,1,Débito,5.0,25.0
2025-05-25,11,Recife,Doces,Cocada,5.0,1,Pix,2.0,5.0
2025-05-25,12,Garanhuns,Salgados,Pastel,8.0,2,Dinheiro,5.0,16.0
2025-05-25,14,Petrolina,Doces,Bolo de rolo,9.0,1,Pix,4.0,9.0
2025-05-25,14,Recife,Salgados,Coxinha,7.5,5,Pix,,37.5
2025-05-25,15,Petrolina,Bebidas,Suco de caju,8.0,5,Pix,5.0,40.0
2025-05-25,17,Petrolina,Salgados,Pastel,8.0,1,Pix,1.0,8.0
2025-05-25,19,Olinda,Bebidas,Café,6.0,1,Pix,3.0,6.0
2025-05-25,19,Caruaru,Bebidas,Caldo de cana,7.0,4,Crédito,4.0,28.0
2025-05-25,19,Recife,Salgados,Coxinha,7.5,3,Pix,5.0,22.5
2025-05-25,20,Caruaru,Doces,Cartola,14.0,1,Pix,4.0,14.0
2025-05-25,21,Recife,Pratos,Baião de dois,28.0,2,Pix,1.0,56.0
2025-05-25,21,Recife,Doces,Cartola,14.0,3,Dinheiro,5.0,42.0
2025-05-25,21,Recife,Bebidas,Café,6.0,3,Crédito,5.0,18.0
2025-05-26,7,Petrolina,Bebidas,Caldo de cana,7.0,4,Pix,1.0,28.0
2025-05-26,8,Olinda,Doces,Bolo de rolo,9.0,1,Débito,1.0,9.0
2025-05-26,8,Recife,Doces,Bolo de rolo,9.0,2,Pix,4.0,18.0
2025-05-26,9,Recife,Salgados,Coxinha,7.5,3,Dinheiro,4.0,22.5
2025-05-26,10,Caruaru,Doces,Bolo de rolo,9.0,3,Pix,3.0,27.0
2025-05-26,12,Caruaru,Doces,Cocada,5.0,5,Pix,2.0,25.0
2025-05-26,12,Petrolina,Salgados,Pastel,8.0,1,Pix,1.0,8.0
2025-05-26,13,Olinda,Salgados,Tapioca,12.0,5,Pix,5.0,60.0
2025-05-26,13,Garanhuns,Pratos,Baião de dois,28.0,4,Crédito,4.0,112.0
2025-05-26,14,Olinda,Bebidas,Café,6.0,2,Pix,4.0,12.0
2025-05-26,16,Recife,Doces,Cocada,5.0,1,Dinheiro,4.0,5.0
2025-05-26,18,Recife,Doces,Cartola,14.0,4,Pix,1.0,56.0
2025-05-26,19,Recife,Salgados,Coxinha,7.5,1,Dinheiro,4.0,7.5
2025-05-26,19,Garanhuns,Pratos,Cuscuz com carne de sol,22.0,4,Crédito,2.0,88.0
2025-05-26,20,Recife,Doces,Cartola,14.0,4,Crédito,2.0,56.0
2025-05-26,21,Garanhuns,Pratos,Macaxeira com charque,25.0,4,Débito,2.0,100.0
2025-05-26,21,Petrolina,Doces,Cartola,14.0,2,Crédito,2.0,28.0
2025-05-27,7,Garanhuns,Bebidas,Suco de caju,8.0,5,Crédito,5.0,40.0
2025-05-27,8,Petrolina,Bebidas,Café,6.0,1,Crédito,4.0,6.0
2025-05-27,9,Caruaru,Pratos,Baião de dois,28.0,2,Crédito,2.0,56.0
2025-05-27,11,Garanhuns,Doces,Bolo de rolo,9.0,4,Pix,2.0,36.0
2025-05-27,11,Petrolina,Doces,Bolo de rolo,9.0,3,Pix,2.0,27.0
2025-05-27,12,Petrolina,Pratos,Macaxeira com charque,25.0,4,Pix,5.0,100.0
2025-05-27,15,Petrolina,Pratos,Macaxeira com charque,25.0,4,Débito,2.0,100.0
2025-05-27,16,Recife,Pratos,Cuscuz com carne de sol,22.0,2,Crédito,5.0,44.0
2025-05-27,17,Recife,Salgados,Tapioca,12.0,1,Pix,4.0,12.0
2025-05-27,21,Garanhuns,Pratos,Cuscuz com carne de sol,22.0,2,Débito,2.0,44.0
2025-05-28,7,Petrolina,Salgados,Tapioca,12.0,1,Dinheiro,1.0,12.0
2025-05-28,7,Olinda,Pratos,Cuscuz com carne de sol,22.0,2,Débito,5.0,44.0
2025-05-28,8,Caruaru,Salgados,Coxinha,7.5,4,Crédito,1.0,30.0
2025-05-28,8,Petrolina,Doces,Cartola,14.0,4,Crédito,2.0,56.0
2025-05-28,11,Caruaru,Salgados,Tapioca,12.0,1,Pix,2.0,12.0
2025-05-28,12,Recife,Doces,Bolo de rolo,9.0,2,Pix,2.0,18.0
2025-05-28,12,Olinda,Doces,Cocada,5.0,4,Crédito,1.0,20.0
2025-05-28,14,Recife,Bebidas,Caldo de cana,7.0,4,Crédito,4.0,28.0
2025-05-28,15,Recife,Salgados,Coxinha,7.5,5,Pix,1.0,37.5
2025-05-28,16,Recife,Bebidas,Café,6.0,5,Débito,3.0,30.0
2025-05-28,20,Caruaru,Doces,Cartola,14.0,3,Pix,2.0,42.0
2025-05-28,20,Caruaru,Bebidas,Café,6.0,2,Crédito,5.0,12.0
2025-05-28,20,Garanhuns,Salgados,Pastel,8.0,3,Pix,5.0,24.0
2025-05-28,21,Petrolina,Bebidas,Suco de caju,8.0,5,Pix,5.0,40.0
2025-05-29,8,Caruaru,Pratos,Macaxeira com charque,25.0,3,Pix,1.0,75.0
2025-05-29,9,Caruaru,Pratos,Macaxeira com charque,25.0,4,Dinheiro,1.0,100.0
2025-05-29,9,Recife,Doces,Cartola,14.0,2,Pix,2.0,28.0
2025-05-29,11,Petrolina,Bebidas,Caldo de cana,7.0,5,Pix,4.0,35.0
2025-05-29,12,Garanhuns,Salgados,Pastel,8.0,5,Débito,2.0,40.0
2025-05-29,15,Garanhuns,Pratos,Macaxeira com charque,25.0,1,Pix,2.0,25.0
2025-05-29,16,Caruaru,Bebidas,Suco de caju,8.0,3,Débito,2.0,24.0
2025-05-29,16,Olinda,Bebidas,Caldo de cana,7.0,2,Pix,2.0,14.0
2025-05-29,17,Garanhuns,Doces,Cartola,14.0,5,Crédito,4.0,70.0
2025-05-29,18,Garanhuns,Bebidas,Café,6.0,2,Crédito,5.0,12.0
2025-05-29,19,Petrolina,Bebidas,Caldo de cana,7.0,4,Pix,2.0,28.0
2025-05-30,8,Olinda,Pratos,Macaxeira com charque,25.0,5,Crédito,5.0,125.0
2025-05-30,8,Recife,Pratos,Macaxeira com charque,25.0,3,Crédito,5.0,75.0
2025-05-30,8,Olinda,Pratos,Baião de dois,28.0,1,Débito,5.0,28.0
2025-05-30,8,Recife,Doces,Bolo de rolo,9.0,3,Pix,1.0,27.0
2025-05-30,9,Caruaru,Bebidas,Suco de caju,8.0,1,Pix,3.0,8.0
2025-05-30,12,Petrolina,Salgados,Tapioca,12.0,5,Pix,3.0,60.0
2025-05-30,13,Caruaru,Pratos,Cuscuz com carne de sol,22.0,2,Crédito,1.0,44.0
2025-05-30,13,Recife,Salgados,Coxinha,7.5,3,Crédito,2.0,22.5
2025-05-30,13,Recife,Salgados,Coxinha,7.5,3,Débito,5.0,22.5
2025-05-30,14,Caruaru,Bebidas,Caldo de cana,7.0,1,Pix,1.0,7.0
2025-05-30,15,Recife,Salgados,Pastel,8.0,1,Pix,4.0,8.0
2025-05-30,16,Garanhuns,Bebidas,Café,6.0,1,Crédito,2.0,6.0
2025-05-30,16,Caruaru,Pratos,Cuscuz com carne de sol,22.0,4,Pix,3.0,88.0
2025-05-30,17,Recife,Doces,Bolo de rolo,9.0,5,Dinheiro,2.0,45.0
2025-05-30,20,Recife,Salgados,Tapioca,12.0,3,Dinheiro,1.0,36.0
2025-05-30,21,Caruaru,Pratos,Macaxeira com charque,25.0,1,Pix,2.0,25.0
2025-05-30,21,Recife,Doces,Cartola,14.0,3,Pix,5.0,42.0
2025-05-31,10,Garanhuns,Bebidas,Café,6.0,2,Pix,4.0,12.0
2025-05-31,11,Caruaru,Salgados,Coxinha,7.5,3,Dinheiro,1.0,22.5
2025-05-31,11,Recife,Doces,Cartola,14.0,3,Pix,3.0,42.0
2025-05-31,13,Petrolina,Doces,Bolo de rolo,9.0,5,Débito,2.0,45.0
2025-05-31,14,Caruaru,Doces,Cartola,14.0,5,Dinheiro,3.0,70.0
2025-05-31,14,Petrolina,Bebidas,Café,6.0,4,Crédito,3.0,24.0
2025-05-31,15,Caruaru,Pratos,Baião de dois,28.0,4,Pix,1.0,112.0
2025-05-31,15,Recife,Doces,Cocada,5.0,3,Débito,1.0,15.0
2025-05-31,16,Olinda,Bebidas,Café,6.0,2,Crédito,,12.0
2025-05-31,17,Caruaru,Salgados,Coxinha,7.5,3,Pix,4.0,22.5
2025-05-31,18,Petrolina,Pratos,Macaxeira com charque,25.0,1,Pix,4.0,25.0
2025-05-31,19,Recife,Salgados,Tapioca,12.0,4,Crédito,,48.0
2025-06-01,9,Recife,Salgados,Tapioca,12.0,4,Pix,5.0,48.0
2025-06-01,10,Caruaru,Doces,Cocada,5.0,1,Pix,4.0,5.0
2025-06-01,11,Garanhuns,Doces,Cocada,5.0,1,Dinheiro,4.0,5.0
2025-06-01,11,Petrolina,Pratos,Cuscuz com carne de sol,22.0,5,Pix,5.0,110.0
2025-06-01,12,Garanhuns,Salgados,Coxinha,7.5,5,Pix,3.0,37.5
2025-06-01,12,Recife,Bebidas,Caldo de cana,7.0,2,Débito,4.0,14.0
2025-06-01,13,Caruaru,Bebidas,Café,6.0,5,Pix,2.0,30.0
2025-06-01,13,Recife,Pratos,Baião de dois,28.0,2,Débito,4.0,56.0
2025-06-01,13,Recife,Bebidas,Caldo de cana,7.0,1,Crédito,5.0,7.0
2025-06-01,14,Garanhuns,Salgados,Tapioca,12.0,1,Dinheiro,3.0,12.0
2025-06-01,14,Garanhuns,Doces,Bolo de rolo,9.0,3,Pix,5.0,27.0
2025-06-01,16,Petrolina,Pratos,Macaxeira com charque,25.0,3,Pix,1.0,75.0
2025-06-01,17,Petrolina,Salgados,Tapioca,12.0,5,Débito,3.0,60.0
2025-06-01,19,Caruaru,Doces,Bolo de rolo,9.0,4,Débito,5.0,36.0
2025-06-01,20,Caruaru,Doces,Cartola,14.0,4,Dinheiro,2.0,56.0
2025-06-01,21,Petrolina,Bebidas,Suco de caju,8.0,2,Pix,,16.0
2025-06-02,7,Recife,Bebidas,Café,6.0,3,Débito,5.0,18.0
2025-06-02,10,Recife,Bebidas,Caldo de cana,7.0,1,Crédito,3.0,7.0
2025-06-02,10,Caruaru,Salgados,Coxinha,7.5,3,Pix,4.0,22.5
2025-06-02,11,Olinda,Salgados,Pastel,8.0,5,Crédito,3.0,40.0
2025-06-02,11,Olinda,Doces,Cocada,5.0,3,Crédito,3.0,15.0
2025-06-02,13,Caruaru,Doces,Bolo de rolo,9.0,3,Débito,5.0,27.0
2025-06-02,13,Olinda,Pratos,Cuscuz com carne de sol,22.0,3,Pix,4.0,66.0
2025-06-02,13,Garanhuns,Salgados,Tapioca,12.0,2,Pix,5.0,24.0
2025-06-02,19,Petrolina,Salgados,Coxinha,7.5,3,Pix,2.0,22.5
2025-06-02,19,Petrolina,Doces,Cartola,14.0,1,Crédito,2.0,14.0
2025-06-03,7,Recife,Salgados,Tapioca,12.0,2,Dinheiro,3.0,24.0
2025-06-03,8,Olinda,Pratos,Baião de dois,28.0,4,Pix,2.0,112.0
2025-06-03,11,Caruaru,Salgados,Pastel,8.0,3,Pix,2.0,24.0
2025-06-03,11,Petrolina,Salgados,Coxinha,7.5,1,Pix,5.0,7.5
2025-06-03,12,Recife,Salgados,Pastel,8.0,5,Pix,2.0,40.0
2025-06-03,12,Caruaru,Bebidas,Suco de caju,8.0,2,Pix,1.0,16.0
2025-06-03,12,Recife,Doces,Cartola,14.0,4,Pix,2.0,56.0
2025-06-03,14,Recife,Pratos,Macaxeira com charque,25.0,2,Crédito,5.0,50.0
2025-06-03,16,Recife,Pratos,Baião de dois,28.0,2,Pix,3.0,56.0
2025-06-03,16,Recife,Doces,Bolo de rolo,9.0,3,Pix,4.0,27.0
2025-06-03,16,Caruaru,Bebidas,Café,6.0,2,Crédito,1.0,12.0
2025-06-03,19,Recife,Salgados,Coxinha,7.5,5,Pix,2.0,37.5
2025-06-03,19,Garanhuns,Pratos,Cuscuz com carne de sol,22.0,1,Débito,4.0,22.0
2025-06-03,20,Petrolina,Doces,Cartola,14.0,5,Débito,1.0,70.0
2025-06-04,7,Recife,Salgados,Tapioca,12.0,3,Pix,5.0,36.0
2025-06-04,7,Petrolina,Bebidas,Suco de caju,8.0,4,Crédito,2.0,32.0
2025-06-04,8,Recife,Bebidas,Café,6.0,3,Dinheiro,4.0,18.0
2025-06-04,8,Olinda,Bebidas,Suco de caju,8.0,5,Pix,1.0,40.0
2025-06-04,12,Recife,Bebidas,Suco de caju,8.0,4,Pix,5.0,32.0
2025-06-04,13,Caruaru,Bebidas,Caldo de cana,7.0,2,Pix,3.0,14.0
2025-06-04,14,Recife,Pratos,Baião de dois,28.0,5,Crédito,3.0,140.0
2025-06-04,16,Petrolina,Doces,Cocada,5.0,1,Dinheiro,3.0,5.0
2025-06-04,16,Caruaru,Pratos,Cuscuz com carne de sol,22.0,1,Débito,3.0,22.0
2025-06-04,16,Garanhuns,Bebidas,Café,6.0,5,Pix,5.0,30.0
2025-06-04,16,Olinda,Bebidas,Suco de caju,8.0,2,Dinheiro,3.0,16.0
2025-06-04,18,Petrolina,Pratos,Cuscuz com carne de sol,22.0,3,Dinheiro,1.0,66.0
2025-06-04,19,Caruaru,Pratos,Macaxeira com charque,25.0,5,Débito,2.0,125.0
2025-06-04,20,Caruaru,Doces,Cocada,5.0,5,Pix,5.0,25.0
2025-06-05,8,Garanhuns,Salgados,Pastel,8.0,5,Crédito,3.0,40.0
2025-06-05,10,Recife,Bebidas,Caldo de cana,7.0,4,Crédito,4.0,28.0
2025-06-05,10,Recife,Salgados,Pastel,8.0,1,Débito,1.0,8.0
2025-06-05,11,Recife,Pratos,Cuscuz com carne de sol,22.0,5,Crédito,1.0,110.0
2025-06-05,11,Caruaru,Bebidas,Café,6.0,3,Pix,5.0,18.0
2025-06-05,12,Caruaru,Pratos,Baião de dois,28.0,2,Crédito,3.0,56.0
2025-06-05,13,Recife,Pratos,Macaxeira com charque,25.0,4,Débito,2.0,100.0
2025-06-05,17,Recife,Salgados,Pastel,8.0,4,Pix,2.0,32.0
2025-06-05,19,Olinda,Bebidas,Suco de caju,8.0,1,Pix,4.0,8.0
2025-06-05,21,Recife,Pratos,Macaxeira com charque,25.0,5,Dinheiro,4.0,125.0
2025-06-06,7,Petrolina,Salgados,Tapioca,12.0,2,Crédito,4.0,24.0
2025-06-06,7,Recife,Salgados,Coxinha,7.5,4,Pix,5.0,30.0
2025-06-06,8,Caruaru,Doces,Bolo de rolo,9.0,2,Dinheiro,1.0,18.0
2025-06-06,10,Caruaru,Doces,Bolo de rolo,9.0,2,Pix,4.0,18.0
2025-06-06,11,Petrolina,Salgados,Pastel,8.0,1,Débito,3.0,8.0
2025-06-06,12,Caruaru,Pratos,Macaxeira com charque,25.0,2,Crédito,1.0,50.0
2025-06-06,12,Petrolina,Salgados,Pastel,8.0,5,Pix,1.0,40.0
2025-06-06,13,Recife,Doces,Bolo de rolo,9.0,1,Dinheiro,5.0,9.0
2025-06-06,14,Recife,Bebidas,Café,6.0,4,Débito,2.0,24.0
2025-06-06,14,Petrolina,Doces,Bolo de rolo,9.0,3,Dinheiro,2.0,27.0
2025-06-06,15,Recife,Bebidas,Café,6.0,5,Crédito,5.0,30.0
2025-06-06,18,Caruaru,Doces,Bolo de rolo,9.0,3,Débito,1.0,27.0
2025-06-06,20,Recife,Pratos,Cuscuz com carne de sol,22.0,4,Crédito,4.0,88.0
2025-06-06,20,Recife,Doces,Cartola,14.0,5,Débito,4.0,70.0
2025-06-06,21,Recife,Doces,Cartola,14.0,2,Débito,5.0,28.0
2025-06-06,21,Garanhuns,Doces,Cocada,5.0,1,Pix,4.0,5.0
2025-06-07,8,Caruaru,Bebidas,Caldo de cana,7.0,4,Pix,3.0,28.0
2025-06-07,9,Recife,Doces,Cartola,14.0,4,Pix,5.0,56.0
2025-06-07,10,Recife,Doces,Cartola,14.0,3,Débito,4.0,42.0
2025-06-07,12,Petrolina,Salgados,Coxinha,7.5,4,Débito,1.0,30.0
2025-06-07,12,Olinda,Doces,Bolo de rolo,9.0,4,Pix,2.0,36.0
2025-06-07,13,Recife,Pratos,Cuscuz com carne de sol,22.0,1,Pix,5.0,22.0
2025-06-07,14,Garanhuns,Bebidas,Café,6.0,5,Pix,1.0,30.0
2025-06-07,15,Recife,Pratos,Cuscuz com carne de sol,22.0,5,Pix,3.0,110.0
2025-06-07,15,Caruaru,Pratos,Cuscuz com carne de sol,22.0,2,Pix,2.0,44.0
2025-06-07,17,Olinda,Bebidas,Café,6.0,3,Débito,5.0,18.0
2025-06-07,17,Petrolina,Pratos,Macaxeira com charque,25.0,5,Débito,5.0,125.0
2025-06-07,18,Caruaru,Bebidas,Caldo de cana,7.0,5,Débito,3.0,35.0
2025-06-07,19,Recife,Bebidas,Caldo de cana,7.0,5,Pix,1.0,35.0
2025-06-07,20,Recife,Salgados,Coxinha,7.5,1,Pix,3.0,7.5
2025-06-07,21,Garanhuns,Doces,Cocada,5.0,2,Crédito,5.0,10.0
2025-06-08,7,Recife,Pratos,Macaxeira com charque,25.0,3,Débito,4.0,75.0
2025-06-08,9,Garanhuns,Pratos,Cuscuz com carne de sol,22.0,2,Dinheiro,5.0,44.0
2025-06-08,11,Petrolina,Pratos,Cuscuz com carne de sol,22.0,1,Débito,4.0,22.0
2025-06-08,11,Recife,Salgados,Tapioca,12.0,3,Débito,1.0,36.0
2025-06-08,13,Recife,Salgados,Coxinha,7.5,2,Pix,3.0,15.0
2025-06-08,13,Recife,Doces,Cartola,14.0,5,Pix,2.0,70.0
2025-06-08,13,Caruaru,Doces,Cocada,5.0,3,Crédito,1.0,15.0
2025-06-08,14,Recife,Bebidas,Café,6.0,1,Débito,2.0,6.0
2025-06-08,15,Recife,Doces,Bolo de rolo,9.0,5,Crédito,1.0,45.0
2025-06-08,15,Recife,Salgados,Coxinha,7.5,3,Crédito,3.0,22.5
2025-06-08,16,Olinda,Doces,Cartola,14.0,1,Pix,4.0,14.0
2025-06-08,19,Caruaru,Doces,Cartola,14.0,1,Crédito,1.0,14.0
2025-06-08,19,Recife,Doces,Bolo de rolo,9.0,2,Pix,1.0,18.0
2025-06-08,20,Petrolina,Doces,Cartola,14.0,3,Pix,3.0,42.0
2025-06-08,20,Recife,Pratos,Baião de dois,28.0,4,Pix,3.0,112.0
2025-06-08,21,Recife,Bebidas,Café,6.0,3,Crédito,2.0,18.0
2025-06-09,7,Recife,Bebidas,Café,6.0,1,Pix,1.0,6.0
2025-06-09,8,Petrolina,Doces,Cartola,14.0,3,Pix,5.0,42.0
2025-06-09,9,Petrolina,Pratos,Cuscuz com carne de sol,22.0,3,Débito,1.0,66.0
2025-06-09,9,Recife,Bebidas,Caldo de cana,7.0,4,Dinheiro,4.0,28.0
2025-06-09,9,Petrolina,Bebidas,Caldo de cana,7.0,5,Pix,1.0,35.0
2025-06-09,10,Recife,Salgados,Pastel,8.0,2,Pix,2.0,16.0
2025-06-09,10,Recife,Doces,Bolo de rolo,9.0,1,Pix,1.0,9.0
2025-06-09,10,Recife,Pratos,Baião de dois,28.0,1,Pix,5.0,28.0
2025-06-09,11,Petrolina,Pratos,Cuscuz com carne de sol,22.0,5,Pix,4.0,110.0
2025-06-09,13,Olinda,Pratos,Macaxeira com charque,25.0,1,Dinheiro,5.0,25.0
2025-06-09,14,Recife,Salgados,Pastel,8.0,3,Pix,1.0,24.0
2025-06-09,15,Recife,Doces,Bolo de rolo,9.0,1,Crédito,2.0,9.0
2025-06-09,16,Recife,Salgados,Tapioca,12.0,2,Crédito,4.0,24.0
2025-06-09,17,Caruaru,Salgados,Coxinha,7.5,5,Débito,1.0,37.5
2025-06-09,20,Garanhuns,Pratos,Cuscuz com carne de sol,22.0,5,Pix,5.0,110.0
2025-06-09,21,Recife,Salgados,Pastel,8.0,3,Pix,1.0,24.0
2025-06-09,21,Caruaru,Salgados,Tapioca,12.0,2,Crédito,4.0,24.0
2025-06-09,21,Olinda,Salgados,Coxinha,7.5,4,Débito,1.0,30.0
2025-06-10,7,Olinda,Salgados,Coxinha,7.5,5,Débito,4.0,37.5
2025-06-10,8,Olinda,Bebidas,Caldo de cana,7.0,2,Dinheiro,4.0,14.0
2025-06-10,9,Garanhuns,Bebidas,Caldo de cana,7.0,4,Débito,5.0,28.0
2025-06-10,10,Recife,Pratos,Macaxeira com charque,25.0,1,Pix,4.0,25.0
2025-06-10,11,Olinda,Salgados,Coxinha,7.5,3,Débito,4.0,22.5
2025-06-10,11,Petrolina,Salgados,Pastel,8.0,4,Pix,3.0,32.0
2025-06-10,12,Garanhuns,Salgados,Coxinha,7.5,4,Crédito,5.0,30.0
2025-06-10,12,Recife,Pratos,Baião de dois,28.0,4,Crédito,5.0,112.0
2025-06-10,13,Petrolina,Bebidas,Café,6.0,2,Dinheiro,4.0,12.0
2025-06-10,14,Garanhuns,Pratos,Macaxeira com charque,25.0,5,Débito,5.0,125.0
2025-06-10,14,Olinda,Salgados,Pastel,8.0,5,Pix,4.0,40.0
2025-06-10,14,Garanhuns,Doces,Cocada,5.0,3,Crédito,2.0,15.0
2025-06-10,15,Recife,Doces,Bolo de rolo,9.0,2,Crédito,5.0,18.0
2025-06-10,15,Petrolina,Pratos,Macaxeira com charque,25.0,5,Débito,5.0,125.0
2025-06-10,15,Petrolina,Pratos,Cuscuz com carne de sol,22.0,1,Pix,4.0,22.0
2025-06-10,15,Caruaru,Doces,Bolo de rolo,9.0,2,Crédito,4.0,18.0
2025-06-10,16,Garanhuns,Bebidas,Caldo de cana,7.0,2,Crédito,4.0,14.0
2025-06-10,17,Recife,Bebidas,Suco de caju,8.0,1,Pix,5.0,8.0
2025-06-10,17,Petrolina,Bebidas,Caldo de cana,7.0,1,Débito,5.0,7.0
2025-06-10,19,Recife,Bebidas,Suco de caju,8.0,3,Pix,2.0,24.0
2025-06-10,20,Petrolina,Salgados,Tapioca,12.0,3,Crédito,5.0,36.0
2025-06-10,21,Recife,Salgados,Coxinha,7.5,3,Pix,1.0,22.5
2025-06-11,10,Recife,Salgados,Pastel,8.0,1,Pix,3.0,8.0
2025-06-11,12,Caruaru,Bebidas,Caldo de cana,7.0,5,Pix,5.0,35.0
2025-06-11,12,Recife,Salgados,Coxinha,7.5,1,Pix,2.0,7.5
2025-06-11,14,Recife,Pratos,Macaxeira com charque,25.0,2,Crédito,5.0,50.0
2025-06-11,15,Caruaru,Salgados,Pastel,8.0,5,Crédito,5.0,40.0
2025-06-11,15,Recife,Bebidas,Suco de caju,8.0,4,Crédito,5.0,32.0
2025-06-11,15,Olinda,Pratos,Baião de dois,28.0,4,Pix,3.0,112.0
2025-06-11,18,Recife,Doces,Cocada,5.0,3,Débito,1.0,15.0
2025-06-11,18,Recife,Bebidas,Café,6.0,2,Débito,1.0,12.0
2025-06-11,20,Olinda,Pratos,Cuscuz com carne de sol,22.0,3,Crédito,4.0,66.0
2025-06-11,20,Olinda,Salgados,Coxinha,7.5,2,Pix,1.0,15.0
2025-06-11,20,Recife,Salgados,Pastel,8.0,3,Dinheiro,3.0,24.0
2025-06-12,7,Olinda,Doces,Cartola,14.0,3,Crédito,4.0,42.0
2025-06-12,9,Caruaru,Pratos,Macaxeira com charque,25.0,4,Pix,5.0,100.0
2025-06-12,10,Caruaru,Doces,Cocada,5.0,1,Débito,1.0,5.0
2025-06-12,11,Recife,Salgados,Coxinha,7.5,1,Dinheiro,1.0,7.5
2025-06-12,12,Recife,Salgados,Tapioca,12.0,3,Pix,3.0,36.0
2025-06-12,12,Caruaru,Salgados,Coxinha,7.5,2,Pix,2.0,15.0
2025-06-12,12,Recife,Pratos,Macaxeira com charque,25.0,4,Crédito,5.0,100.0
2025-06-12,13,Recife,Bebidas,Suco de caju,8.0,2,Crédito,3.0,16.0
2025-06-12,13,Recife,Pratos,Cuscuz com carne de sol,22.0,5,Pix,4.0,110.0
2025-06-12,15,Petrolina,Doces,Bolo de rolo,9.0,4,Crédito,3.0,36.0
2025-06-12,17,Caruaru,Doces,Bolo de rolo,9.0,5,Débito,3.0,45.0
2025-06-12,17,Petrolina,Bebidas,Suco de caju,8.0,5,Crédito,5.0,40.0
2025-06-12,17,Caruaru,Doces,Cocada,5.0,4,Débito,4.0,20.0
2025-06-12,18,Olinda,Doces,Bolo de rolo,9.0,1,Pix,5.0,9.0
2025-06-12,19,Caruaru,Pratos,Baião de dois,28.0,2,Crédito,5.0,56.0
2025-06-13,7,Recife,Bebidas,Café,6.0,4,Dinheiro,3.0,24.0
2025-06-13,8,Recife,Pratos,Cuscuz com carne de sol,22.0,3,Pix,1.0,66.0
2025-06-13,8,Garanhuns,Salgados,Pastel,8.0,5,Pix,1.0,40.0
2025-06-13,10,Petrolina,Bebidas,Suco de caju,8.0,3,Pix,5.0,24.0
2025-06-13,10,Caruaru,Salgados,Tapioca,12.0,4,Pix,5.0,48.0
2025-06-13,10,Olinda,Salgados,Pastel,8.0,5,Pix,2.0,40.0
2025-06-13,10,Olinda,Pratos,Baião de dois,28.0,2,Crédito,1.0,56.0
2025-06-13,14,Recife,Pratos,Cuscuz com carne de sol,22.0,3,Pix,4.0,66.0
2025-06-13,15,Olinda,Pratos,Macaxeira com charque,25.0,4,Pix,4.0,100.0
2025-06-13,15,Petrolina,Bebidas,Suco de caju,8.0,3,Pix,4.0,24.0
2025-06-13,16,Caruaru,Doces,Bolo de rolo,9.0,5,Pix,5.0,45.0
2025-06-13,16,Caruaru,Pratos,Baião de dois,28.0,1,Crédito,1.0,28.0
2025-06-13,16,Olinda,Pratos,Macaxeira com charque,25.0,4,Pix,2.0,100.0
2025-06-13,16,Recife,Pratos,Cuscuz com carne de sol,22.0,1,Pix,3.0,22.0
2025-06-13,17,Petrolina,Bebidas,Café,6.0,2,Débito,5.0,12.0
2025-06-13,19,Recife,Doces,Cocada,5.0,1,Crédito,3.0,5.0
2025-06-13,20,Recife,Doces,Bolo de rolo,9.0,4,Dinheiro,5.0,36.0
2025-06-13,20,Petrolina,Salgados,Tapioca,12.0,4,Pix,2.0,48.0
2025-06-13,21,Recife,Salgados,Tapioca,12.0,2,Crédito,5.0,24.0
2025-06-14,7,Recife,Doces,Bolo de rolo,9.0,1,Crédito,3.0,9.0
2025-06-14,8,Olinda,Pratos,Cuscuz com carne de sol,22.0,5,Pix,2.0,110.0
2025-06-14,8,Recife,Pratos,Baião de dois,28.0,5,Crédito,1.0,140.0
2025-06-14,11,Recife,Pratos,Macaxeira com charque,25.0,1,Pix,3.0,25.0
2025-06-14,13,Recife,Bebidas,Suco de caju,8.0,5,Crédito,5.0,40.0
2025-06-14,14,Recife,Salgados,Coxinha,7.5,4,Pix,5.0,30.0
2025-06-14,16,Olinda,Salgados,Coxinha,7.5,1,Dinheiro,2.0,7.5
2025-06-14,16,Recife,Doces,Bolo de rolo,9.0,1,Crédito,4.0,9.0
2025-06-14,17,Petrolina,Pratos,Cuscuz com carne de sol,22.0,4,Pix,3.0,88.0
2025-06-14,17,Petrolina,Pratos,Macaxeira com charque,25.0,3,Pix,4.0,75.0
2025-06-14,18,Recife,Bebidas,Caldo de cana,7.0,3,Crédito,2.0,21.0
2025-06-14,18,Petrolina,Salgados,Pastel,8.0,4,Dinheiro,4.0,32.0
2025-06-14,21,Garanhuns,Bebidas,Suco de caju,8.0,3,Pix,3.0,24.0
2025-06-14,21,Olinda,Pratos,Baião de dois,28.0,3,Pix,1.0,84.0
2025-06-15,7,Recife,Bebidas,Suco de caju,8.0,2,Pix,4.0,16.0
2025-06-15,7,Caruaru,Doces,Cocada,5.0,5,Dinheiro,2.0,25.0
2025-06-15,8,Recife,Bebidas,Caldo de cana,7.0,2,Pix,3.0,14.0
2025-06-15,8,Caruaru,Salgados,Pastel,8.0,2,Crédito,4.0,16.0
2025-06-15,9,Garanhuns,Bebidas,Caldo de cana,7.0,1,Pix,2.0,7.0
2025-06-15,9,Petrolina,Pratos,Baião de dois,28.0,4,Pix,,112.0
2025-06-15,11,Petrolina,Salgados,Pastel,8.0,1,Débito,3.0,8.0
2025-06-15,11,Olinda,Doces,Cartola,14.0,3,Crédito,3.0,42.0
2025-06-15,14,Garanhuns,Pratos,Baião de dois,28.0,1,Crédito,3.0,28.0
2025-06-15,14,Petrolina,Doces,Cartola,14.0,3,Pix,2.0,42.0
2025-06-15,15,Recife,Salgados,Pastel,8.0,4,Pix,1.0,32.0
2025-06-15,16,Petrolina,Salgados,Tapioca,12.0,5,Pix,4.0,60.0
2025-06-15,16,Recife,Pratos,Macaxeira com charque,25.0,2,Pix,4.0,50.0
2025-06-15,19,Olinda,Doces,Cocada,5.0,5,Débito,2.0,25.0
2025-06-16,7,Caruaru,Salgados,Coxinha,7.5,5,Crédito,2.0,37.5
2025-06-16,10,Caruaru,Pratos,Baião de dois,28.0,2,Pix,5.0,56.0
2025-06-16,13,Recife,Salgados,Tapioca,12.0,5,Pix,4.0,60.0
2025-06-16,14,Olinda,Doces,Bolo de rolo,9.0,5,Débito,2.0,45.0
2025-06-16,17,Olinda,Bebidas,Café,6.0,1,Pix,2.0,6.0
2025-06-16,17,Garanhuns,Doces,Cartola,14.0,4,Crédito,4.0,56.0
2025-06-16,20,Caruaru,Salgados,Tapioca,12.0,5,Pix,2.0,60.0
2025-06-17,8,Petrolina,Bebidas,Caldo de cana,7.0,3,Débito,4.0,21.0
2025-06-17,12,Olinda,Doces,Cartola,14.0,2,Pix,4.0,28.0
2025-06-17,12,Caruaru,Salgados,Pastel,8.0,4,Pix,3.0,32.0
2025-06-17,15,Recife,Salgados,Pastel,8.0,1,Débito,3.0,8.0
2025-06-17,15,Petrolina,Pratos,Baião de dois,28.0,3,Débito,3.0,84.0
2025-06-17,16,Recife,Pratos,Cuscuz com carne de sol,22.0,5,Pix,4.0,110.0
2025-06-17,17,Caruaru,Pratos,Baião de dois,28.0,5,Pix,3.0,140.0
2025-06-17,18,Olinda,Pratos,Macaxeira com charque,25.0,2,Crédito,5.0,50.0
2025-06-17,18,Recife,Salgados,Pastel,8.0,5,Pix,5.0,40.0
2025-06-17,18,Olinda,Salgados,Coxinha,7.5,4,Débito,5.0,30.0
2025-06-17,19,Petrolina,Doces,Cartola,14.0,3,Crédito,5.0,42.0
2025-06-17,19,Petrolina,Pratos,Baião de dois,28.0,4,Crédito,,112.0
2025-06-17,21,Olinda,Salgados,Coxinha,7.5,1,Crédito,1.0,7.5
2025-06-17,21,Olinda,Pratos,Baião de dois,28.0,4,Pix,3.0,112.0
2025-06-18,10,Olinda,Salgados,Pastel,8.0,1,Dinheiro,3.0,8.0
2025-06-18,10,Caruaru,Doces,Cocada,5.0,1,Débito,3.0,5.0
2025-06-18,10,Olinda,Doces,Bolo de rolo,9.0,2,Dinheiro,4.0,18.0
2025-06-18,14,Recife,Doces,Cartola,14.0,5,Crédito,1.0,70.0
2025-06-18,14,Petrolina,Pratos,Cuscuz com carne de sol,22.0,3,Pix,1.0,66.0
2025-06-18,14,Recife,Salgados,Tapioca,12.0,1,Dinheiro,3.0,12.0
2025-06-18,18,Recife,Salgados,Pastel,8.0,5,Débito,3.0,40.0
2025-06-18,19,Olinda,Pratos,Cuscuz com carne de sol,22.0,3,Crédito,5.0,66.0
2025-06-18,20,Caruaru,Bebidas,Caldo de cana,7.0,5,Débito,2.0,35.0
2025-06-18,21,Olinda,Salgados,Pastel,8.0,4,Pix,4.0,32.0
2025-06-18,21,Petrolina,Pratos,Cuscuz com carne de sol,22.0,5,Dinheiro,4.0,110.0
2025-06-19,7,Garanhuns,Pratos,Macaxeira com charque,25.0,1,Crédito,1.0,25.0
2025-06-19,7,Garanhuns,Bebidas,Caldo de cana,7.0,4,Pix,2.0,28.0
2025-06-19,8,Recife,Bebidas,Café,6.0,1,Dinheiro,5.0,6.0
2025-06-19,8,Recife,Doces,Cocada,5.0,2,Crédito,5.0,10.0
2025-06-19,14,Petrolina,Bebidas,Suco de caju,8.0,2,Dinheiro,4.0,16.0
2025-06-19,15,Petrolina,Bebidas,Café,6.0,2,Pix,3.0,12.0
2025-06-19,16,Caruaru,Bebidas,Suco de caju,8.0,4,Dinheiro,4.0,32.0
2025-06-19,16,Petrolina,Pratos,Cuscuz com carne de sol,22.0,5,Pix,1.0,110.0
2025-06-19,16,Caruaru,Doces,Cocada,5.0,2,Pix,5.0,10.0
2025-06-19,16,Recife,Bebidas,Suco de caju,8.0,4,Débito,4.0,32.0
2025-06-19,17,Petrolina,Salgados,Tapioca,12.0,4,Pix,4.0,48.0
2025-06-19,18,Olinda,Salgados,Coxinha,7.5,3,Débito,2.0,22.5
2025-06-19,18,Recife,Pratos,Macaxeira com charque,25.0,2,Crédito,1.0,50.0
2025-06-19,18,Olinda,Pratos,Macaxeira com charque,25.0,3,Débito,5.0,75.0
2025-06-19,20,Recife,Bebidas,Suco de caju,8.0,2,Pix,3.0,16.0
2025-06-19,20,Caruaru,Pratos,Macaxeira com charque,25.0,3,Débito,3.0,75.0
2025-06-20,7,Recife,Bebidas,Caldo de cana,7.0,5,Débito,4.0,35.0
2025-06-20,11,Recife,Pratos,Macaxeira com charque,25.0,5,Crédito,2.0,125.0
2025-06-20,12,Recife,Bebidas,Caldo de cana,7.0,3,Pix,4.0,21.0
2025-06-20,12,Recife,Pratos,Cuscuz com carne de sol,22.0,5,Débito,2.0,110.0
2025-06-20,12,Garanhuns,Doces,Cocada,5.0,2,Pix,4.0,10.0
2025-06-20,14,Caruaru,Bebidas,Suco de caju,8.0,5,Dinheiro,4.0,40.0
2025-06-20,14,Recife,Doces,Cartola,14.0,5,Crédito,2.0,70.0
2025-06-20,14,Caruaru,Doces,Cartola,14.0,2,Pix,2.0,28.0
2025-06-20,16,Caruaru,Bebidas,Suco de caju,8.0,5,Pix,2.0,40.0
2025-06-20,16,Petrolina,Salgados,Pastel,8.0,5,Débito,1.0,40.0
2025-06-20,16,Recife,Salgados,Tapioca,12.0,5,Débito,3.0,60.0
2025-06-20,17,Olinda,Salgados,Pastel,8.0,5,Crédito,5.0,40.0
2025-06-20,18,Petrolina,Salgados,Tapioca,12.0,4,Pix,5.0,48.0
2025-06-20,19,Caruaru,Pratos,Macaxeira com charque,25.0,2,Dinheiro,3.0,50.0
2025-06-20,21,Olinda,Doces,Bolo de rolo,9.0,5,Pix,4.0,45.0
2025-06-21,8,Petrolina,Salgados,Coxinha,7.5,5,Pix,4.0,37.5
2025-06-21,8,Garanhuns,Salgados,Tapioca,12.0,4,Crédito,5.0,48.0
2025-06-21,11,Petrolina,Bebidas,Suco de caju,8.0,4,Crédito,2.0,32.0
2025-06-21,11,Recife,Salgados,Coxinha,7.5,4,Débito,3.0,30.0
2025-06-21,12,Recife,Salgados,Coxinha,7.5,5,Dinheiro,4.0,37.5
2025-06-21,12,Petrolina,Doces,Cocada,5.0,3,Pix,1.0,15.0
2025-06-21,12,Garanhuns,Pratos,Macaxeira com charque,25.0,3,Débito,,75.0
2025-06-21,14,Petrolina,Pratos,Macaxeira com charque,25.0,5,Crédito,5.0,125.0
2025-06-21,14,Garanhuns,Bebidas,Caldo de cana,7.0,1,Débito,4.0,7.0
2025-06-21,15,Petrolina,Doces,Cocada,5.0,5,Débito,5.0,25.0
2025-06-21,16,Recife,Salgados,Pastel,8.0,1,Crédito,4.0,8.0
2025-06-21,17,Recife,Pratos,Cuscuz com carne de sol,22.0,3,Crédito,1.0,66.0
2025-06-21,18,Caruaru,Salgados,Pastel,8.0,2,Débito,5.0,16.0
2025-06-21,20,Recife,Salgados,Pastel,8.0,5,Crédito,4.0,40.0
2025-06-22,7,Recife,Pratos,Macaxeira com charque,25.0,4,Pix,3.0,100.0
2025-06-22,8,Caruaru,Bebidas,Caldo de cana,7.0,2,Dinheiro,3.0,14.0
2025-06-22,8,Caruaru,Pratos,Cuscuz com carne de sol,22.0,1,Débito,1.0,22.0
2025-06-22,8,Caruaru,Doces,Bolo de rolo,9.0,2,Pix,1.0,18.0
2025-06-22,8,Petrolina,Bebidas,Suco de caju,8.0,5,Débito,3.0,40.0
2025-06-22,8,Caruaru,Pratos,Baião de dois,28.0,4,Pix,2.0,112.0
2025-06-22,9,Olinda,Salgados,Tapioca,12.0,1,Débito,4.0,12.0
2025-06-22,10,Garanhuns,Doces,Bolo de rolo,9.0,2,Dinheiro,5.0,18.0
2025-06-22,11,Caruaru,Bebidas,Suco de caju,8.0,3,Débito,5.0,24.0
2025-06-22,12,Recife,Pratos,Cuscuz com carne de sol,22.0,4,Crédito,2.0,88.0
2025-06-22,12,Recife,Pratos,Baião de dois,28.0,4,Pix,4.0,112.0
2025-06-22,13,Recife,Doces,Cartola,14.0,5,Pix,3.0,70.0
2025-06-22,14,Recife,Salgados,Coxinha,7.5,5,Crédito,5.0,37.5
2025-06-22,14,Petrolina,Bebidas,Suco de caju,8.0,5,Débito,4.0,40.0
2025-06-22,14,Olinda,Bebidas,Café,6.0,3,Pix,2.0,18.0
2025-06-22,16,Recife,Doces,Cartola,14.0,4,Débito,5.0,56.0
2025-06-22,18,Recife,Pratos,Cuscuz com carne de sol,22.0,4,Débito,5.0,88.0
2025-06-22,19,Caruaru,Pratos,Macaxeira com charque,25.0,5,Débito,4.0,125.0
2025-06-22,19,Caruaru,Doces,Cocada,5.0,1,Débito,5.0,5.0
2025-06-22,21,Caruaru,Pratos,Baião de dois,28.0,1,Pix,4.0,28.0
2025-06-22,21,Caruaru,Bebidas,Suco de caju,8.0,4,Crédito,1.0,32.0
2025-06-23,7,Recife,Bebidas,Café,6.0,5,Pix,1.0,30.0
2025-06-23,9,Caruaru,Doces,Cocada,5.0,3,Crédito,5.0,15.0
2025-06-23,11,Recife,Bebidas,Caldo de cana,7.0,4,Crédito,1.0,28.0
2025-06-23,11,Petrolina,Bebidas,Suco de caju,8.0,1,Pix,2.0,8.0
2025-06-23,12,Recife,Salgados,Tapioca,12.0,3,Débito,5.0,36.0
2025-06-23,13,Caruaru,Bebidas,Suco de caju,8.0,4,Crédito,3.0,32.0
2025-06-23,13,Petrolina,Bebidas,Café,6.0,1,Débito,3.0,6.0
2025-06-23,13,Caruaru,Pratos,Cuscuz com carne de sol,22.0,2,Pix,4.0,44.0
2025-06-23,13,Petrolina,Salgados,Coxinha,7.5,4,Dinheiro,4.0,30.0
2025-06-23,14,Recife,Bebidas,Suco de caju,8.0,1,Pix,5.0,8.0
2025-06-23,14,Petrolina,Pratos,Macaxeira com charque,25.0,5,Dinheiro,5.0,125.0
2025-06-23,16,Caruaru,Bebidas,Caldo de cana,7.0,5,Débito,1.0,35.0
2025-06-23,16,Recife,Bebidas,Caldo de cana,7.0,3,Débito,1.0,21.0
2025-06-23,17,Olinda,Salgados,Pastel,8.0,5,Crédito,1.0,40.0
2025-06-23,18,Caruaru,Doces,Bolo de rolo,9.0,3,Pix,1.0,27.0
2025-06-23,18,Olinda,Pratos,Cuscuz com carne de sol,22.0,3,Pix,4.0,66.0
2025-06-23,18,Caruaru,Pratos,Macaxeira com charque,25.0,1,Débito,4.0,25.0
2025-06-23,18,Recife,Pratos,Baião de dois,28.0,1,Débito,4.0,28.0
2025-06-23,19,Olinda,Bebidas,Caldo de cana,7.0,1,Pix,1.0,7.0
2025-06-23,19,Caruaru,Bebidas,Suco de caju,8.0,2,Crédito,1.0,16.0
2025-06-23,19,Recife,Salgados,Pastel,8.0,5,Crédito,1.0,40.0
2025-06-23,20,Recife,Pratos,Cuscuz com carne de sol,22.0,3,Pix,3.0,66.0
2025-06-23,21,Petrolina,Bebidas,Suco de caju,8.0,1,Débito,3.0,8.0
2025-06-23,21,Recife,Bebidas,Café,6.0,1,Dinheiro,3.0,6.0
2025-06-23,21,Petrolina,Bebidas,Caldo de cana,7.0,1,Débito,2.0,7.0
2025-06-24,8,Recife,Salgados,Pastel,8.0,4,Crédito,4.0,32.0
2025-06-24,8,Olinda,Bebidas,Café,6.0,1,Débito,5.0,6.0
2025-06-24,10,Petrolina,Doces,Cocada,5.0,3,Dinheiro,3.0,15.0
2025-06-24,13,Recife,Bebidas,Caldo de cana,7.0,2,Crédito,3.0,14.0
2025-06-24,15,Olinda,Bebidas,Caldo de cana,7.0,3,Pix,5.0,21.0
2025-06-24,15,Recife,Pratos,Cuscuz com carne de sol,22.0,5,Crédito,2.0,110.0
2025-06-24,16,Olinda,Doces,Cocada,5.0,3,Pix,3.0,15.0
2025-06-24,17,Olinda,Bebidas,Caldo de cana,7.0,2,Pix,2.0,14.0
2025-06-24,18,Recife,Salgados,Coxinha,7.5,5,Débito,2.0,37.5
2025-06-24,19,Garanhuns,Salgados,Coxinha,7.5,1,Pix,3.0,7.5
2025-06-24,20,Petrolina,Bebidas,Suco de caju,8.0,2,Pix,5.0,16.0
2025-06-24,20,Olinda,Doces,Cocada,5.0,5,Pix,4.0,25.0
2025-06-24,20,Recife,Doces,Bolo de rolo,9.0,5,Débito,1.0,45.0
2025-06-24,21,Caruaru,Salgados,Tapioca,12.0,5,Pix,3.0,60.0
2025-06-25,8,Petrolina,Salgados,Tapioca,12.0,2,Débito,3.0,24.0
2025-06-25,10,Caruaru,Salgados,Tapioca,12.0,5,Pix,1.0,60.0
2025-06-25,12,Caruaru,Bebidas,Caldo de cana,7.0,5,Pix,3.0,35.0
2025-06-25,14,Petrolina,Pratos,Baião de dois,28.0,1,Pix,2.0,28.0
2025-06-25,14,Recife,Bebidas,Suco de caju,8.0,4,Pix,4.0,32.0
2025-06-25,20,Caruaru,Pratos,Cuscuz com carne de sol,22.0,1,Débito,5.0,22.0
2025-06-25,20,Petrolina,Pratos,Macaxeira com charque,25.0,5,Crédito,1.0,125.0
2025-06-25,21,Recife,Pratos,Macaxeira com charque,25.0,5,Crédito,4.0,125.0
2025-06-26,8,Olinda,Salgados,Pastel,8.0,4,Pix,3.0,32.0
2025-06-26,9,Caruaru,Salgados,Pastel,8.0,3,Pix,4.0,24.0
2025-06-26,10,Recife,Doces,Cocada,5.0,1,Dinheiro,1.0,5.0
2025-06-26,10,Recife,Pratos,Cuscuz com carne de sol,22.0,4,Pix,2.0,88.0
2025-06-26,11,Caruaru,Doces,Bolo de rolo,9.0,4,Pix,3.0,36.0
2025-06-26,11,Olinda,Bebidas,Café,6.0,2,Pix,2.0,12.0
2025-06-26,12,Recife,Salgados,Pastel,8.0,3,Débito,3.0,24.0
2025-06-26,13,Caruaru,Pratos,Baião de dois,28.0,1,Dinheiro,4.0,28.0
2025-06-26,14,Recife,Doces,Bolo de rolo,9.0,4,Dinheiro,5.0,36.0
2025-06-26,16,Garanhuns,Doces,Cartola,14.0,5,Crédito,5.0,70.0
2025-06-26,17,Petrolina,Doces,Cartola,14.0,3,Dinheiro,3.0,42.0
2025-06-26,19,Recife,Salgados,Coxinha,7.5,2,Crédito,5.0,15.0
2025-06-26,20,Caruaru,Bebidas,Caldo de cana,7.0,5,Pix,3.0,35.0
2025-06-26,20,Caruaru,Pratos,Macaxeira com charque,25.0,4,Dinheiro,3.0,100.0
2025-06-26,21,Petrolina,Doces,Bolo de rolo,9.0,3,Débito,1.0,27.0
2025-06-26,21,Caruaru,Pratos,Macaxeira com charque,25.0,3,Pix,2.0,75.0
2025-06-26,21,Recife,Pratos,Baião de dois,28.0,3,Crédito,3.0,84.0
2025-06-27,7,Recife,Bebidas,Suco de caju,8.0,1,Crédito,3.0,8.0
2025-06-27,8,Olinda,Doces,Cartola,14.0,2,Crédito,3.0,28.0
2025-06-27,9,Garanhuns,Doces,Cocada,5.0,3,Débito,4.0,15.0
2025-06-27,9,Olinda,Doces,Cocada,5.0,5,Pix,5.0,25.0
2025-06-27,10,Olinda,Salgados,Coxinha,7.5,1,Pix,3.0,7.5
2025-06-27,11,Garanhuns,Salgados,Pastel,8.0,4,Pix,1.0,32.0
2025-06-27,15,Recife,Doces,Bolo de rolo,9.0,1,Pix,4.0,9.0
2025-06-27,16,Recife,Doces,Bolo de rolo,9.0,1,Pix,4.0,9.0
2025-06-27,16,Petrolina,Bebidas,Caldo de cana,7.0,4,Pix,1.0,28.0
2025-06-27,18,Olinda,Bebidas,Café,6.0,1,Crédito,1.0,6.0
2025-06-28,8,Recife,Pratos,Cuscuz com carne de sol,22.0,5,Dinheiro,5.0,110.0
2025-06-28,8,Petrolina,Salgados,Tapioca,12.0,4,Pix,2.0,48.0
2025-06-28,8,Caruaru,Salgados,Coxinha,7.5,1,Débito,5.0,7.5
2025-06-28,8,Recife,Bebidas,Suco de caju,8.0,2,Crédito,5.0,16.0
2025-06-28,8,Recife,Pratos,Macaxeira com charque,25.0,3,Débito,3.0,75.0
2025-06-28,11,Recife,Pratos,Macaxeira com charque,25.0,1,Pix,5.0,25.0
2025-06-28,15,Caruaru,Salgados,Tapioca,12.0,1,Pix,3.0,12.0
2025-06-28,17,Caruaru,Pratos,Macaxeira com charque,25.0,4,Pix,3.0,100.0
2025-06-28,18,Caruaru,Salgados,Tapioca,12.0,2,Pix,4.0,24.0
2025-06-28,21,Recife,Pratos,Macaxeira com charque,25.0,2,Pix,1.0,50.0
2025-06-29,8,Petrolina,Bebidas,Café,6.0,1,Dinheiro,4.0,6.0
2025-06-29,9,Recife,Pratos,Baião de dois,28.0,3,Crédito,4.0,84.0
2025-06-29,9,Olinda,Bebidas,Café,6.0,1,Pix,3.0,6.0
2025-06-29,11,Petrolina,Salgados,Tapioca,12.0,1,Débito,2.0,12.0
2025-06-29,12,Petrolina,Pratos,Macaxeira com charque,25.0,4,Pix,1.0,100.0
2025-06-29,13,Olinda,Bebidas,Suco de caju,8.0,1,Pix,1.0,8.0
2025-06-29,15,Caruaru,Doces,Cartola,14.0,3,Pix,5.0,42.0
2025-06-29,16,Recife,Doces,Bolo de rolo,9.0,1,Pix,3.0,9.0
2025-06-29,16,Petrolina,Bebidas,Suco de caju,8.0,4,Pix,4.0,32.0
2025-06-29,17,Recife,Salgados,Coxinha,7.5,2,Pix,5.0,15.0
2025-06-29,17,Petrolina,Doces,Cocada,5.0,2,Débito,2.0,10.0
2025-06-29,18,Olinda,Salgados,Coxinha,7.5,1,Pix,2.0,7.5
2025-06-29,18,Olinda,Salgados,Coxinha,7.5,1,Pix,2.0,7.5
2025-06-29,20,Olinda,Pratos,Baião de dois,28.0,3,Pix,2.0,84.0
2025-06-29,21,Petrolina,Salgados,Coxinha,7.5,4,Dinheiro,5.0,30.0
2025-06-30,7,Petrolina,Bebidas,Caldo de cana,7.0,5,Crédito,4.0,35.0
2025-06-30,10,Recife,Salgados,Tapioca,12.0,5,Dinheiro,5.0,60.0
2025-06-30,10,Recife,Pratos,Macaxeira com charque,25.0,5,Crédito,1.0,125.0
2025-06-30,12,Olinda,Salgados,Pastel,8.0,2,Débito,3.0,16.0
2025-06-30,14,Petrolina,Salgados,Pastel,8.0,5,Dinheiro,3.0,40.0
2025-06-30,15,Caruaru,Bebidas,Caldo de cana,7.0,3,Débito,5.0,21.0
2025-06-30,17,Recife,Doces,Cartola,14.0,4,Pix,5.0,56.0
2025-06-30,20,Olinda,Pratos,Baião de dois,28.0,4,Débito,2.0,112.0
2025-06-30,20,Petrolina,Bebidas,Caldo de cana,7.0,2,Crédito,4.0,14.0
2025-06-30,20,Petrolina,Doces,Cartola,14.0,4,Dinheiro,3.0,56.0
2025-06-30,21,Olinda,Doces,Cocada,5.0,5,Pix,2.0,25.0
2025-07-01,7,Olinda,Doces,Cartola,14.0,4,Pix,1.0,56.0
2025-07-01,8,Petrolina,Pratos,Baião de dois,28.0,4,Crédito,3.0,112.0
2025-07-01,8,Olinda,Salgados,Pastel,8.0,3,Pix,1.0,24.0
2025-07-01,9,Recife,Pratos,Macaxeira com charque,25.0,4,Pix,4.0,100.0
2025-07-01,9,Recife,Pratos,Baião de dois,28.0,3,Débito,5.0,84.0
2025-07-01,10,Olinda,Salgados,Tapioca,12.0,3,Dinheiro,4.0,36.0
2025-07-01,12,Petrolina,Bebidas,Suco de caju,8.0,2,Pix,4.0,16.0
2025-07-01,14,Petrolina,Pratos,Cuscuz com carne de sol,22.0,5,Dinheiro,1.0,110.0
2025-07-01,15,Garanhuns,Bebidas,Caldo de cana,7.0,4,Débito,2.0,28.0
2025-07-01,15,Garanhuns,Pratos,Baião de dois,28.0,5,Crédito,5.0,140.0
2025-07-01,16,Garanhuns,Bebidas,Suco de caju,8.0,3,Pix,1.0,24.0
2025-07-01,16,Petrolina,Pratos,Macaxeira com charque,25.0,1,Crédito,2.0,25.0
2025-07-01,18,Olinda,Salgados,Tapioca,12.0,1,Débito,4.0,12.0
2025-07-01,18,Petrolina,Bebidas,Café,6.0,1,Crédito,4.0,6.0
2025-07-01,19,Recife,Pratos,Macaxeira com charque,25.0,4,Dinheiro,2.0,100.0
2025-07-01,20,Caruaru,Bebidas,Suco de caju,8.0,2,Pix,1.0,16.0
2025-07-01,21,Caruaru,Pratos,Macaxeira com charque,25.0,2,Pix,1.0,50.0
2025-07-02,7,Petrolina,Bebidas,Café,6.0,1,Crédito,5.0,6.0
2025-07-02,7,Garanhuns,Salgados,Tapioca,12.0,3,Pix,2.0,36.0
2025-07-02,8,Caruaru,Salgados,Pastel,8.0,2,Pix,1.0,16.0
2025-07-02,8,Garanhuns,Salgados,Coxinha,7.5,2,Crédito,4.0,15.0
2025-07-02,8,Petrolina,Doces,Cocada,5.0,1,Débito,4.0,5.0
2025-07-02,10,Petrolina,Doces,Cartola,14.0,3,Crédito,4.0,42.0
2025-07-02,13,Caruaru,Bebidas,Café,6.0,2,Pix,4.0,12.0
2025-07-02,15,Olinda,Doces,Cartola,14.0,5,Crédito,3.0,70.0
2025-07-02,16,Caruaru,Bebidas,Caldo de cana,7.0,2,Pix,3.0,14.0
2025-07-02,17,Petrolina,Pratos,Cuscuz com carne de sol,22.0,4,Pix,4.0,88.0
2025-07-02,19,Recife,Pratos,Cuscuz com carne de sol,22.0,3,Débito,1.0,66.0
2025-07-02,21,Olinda,Pratos,Macaxeira com charque,25.0,5,Débito,3.0,125.0
2025-07-02,21,Caruaru,Pratos,Cuscuz com carne de sol,22.0,5,Débito,4.0,110.0
2025-07-03,8,Caruaru,Salgados,Pastel,8.0,3,Pix,1.0,24.0
2025-07-03,9,Caruaru,Bebidas,Suco de caju,8.0,5,Crédito,3.0,40.0
2025-07-03,11,Caruaru,Bebidas,Caldo de cana,7.0,4,Débito,2.0,28.0
2025-07-03,12,Recife,Bebidas,Suco de caju,8.0,3,Débito,5.0,24.0
2025-07-03,12,Petrolina,Pratos,Baião de dois,28.0,5,Pix,1.0,140.0
2025-07-03,13,Caruaru,Bebidas,Suco de caju,8.0,1,Débito,3.0,8.0
2025-07-03,13,Petrolina,Doces,Cartola,14.0,1,Dinheiro,3.0,14.0
2025-07-03,14,Olinda,Doces,Cocada,5.0,5,Débito,5.0,25.0
2025-07-03,15,Caruaru,Doces,Bolo de rolo,9.0,3,Pix,2.0,27.0
2025-07-03,15,Recife,Doces,Cartola,14.0,3,Pix,2.0,42.0
2025-07-03,19,Recife,Pratos,Macaxeira com charque,25.0,3,Crédito,5.0,75.0
2025-07-03,20,Garanhuns,Doces,Bolo de rolo,9.0,4,Pix,3.0,36.0
2025-07-03,20,Olinda,Doces,Cocada,5.0,2,Dinheiro,3.0,10.0
2025-07-04,8,Recife,Doces,Bolo de rolo,9.0,1,Débito,2.0,9.0
2025-07-04,9,Caruaru,Salgados,Pastel,8.0,3,Pix,3.0,24.0
2025-07-04,10,Caruaru,Bebidas,Caldo de cana,7.0,2,Pix,2.0,14.0
2025-07-04,10,Recife,Pratos,Baião de dois,28.0,5,Débito,5.0,140.0
2025-07-04,11,Recife,Doces,Cocada,5.0,1,Dinheiro,4.0,5.0
2025-07-04,11,Recife,Salgados,Coxinha,7.5,1,Pix,2.0,7.5
2025-07-04,11,Garanhuns,Pratos,Macaxeira com charque,25.0,1,Crédito,2.0,25.0
2025-07-04,11,Petrolina,Bebidas,Caldo de cana,7.0,1,Pix,5.0,7.0
2025-07-04,13,Recife,Salgados,Pastel,8.0,3,Dinheiro,4.0,24.0
2025-07-04,14,Recife,Pratos,Baião de dois,28.0,1,Pix,2.0,28.0
2025-07-04,14,Caruaru,Pratos,Cuscuz com carne de sol,22.0,2,Débito,3.0,44.0
2025-07-04,16,Recife,Doces,Bolo de rolo,9.0,1,Débito,4.0,9.0
2025-07-04,16,Olinda,Bebidas,Caldo de cana,7.0,3,Pix,4.0,21.0
2025-07-04,17,Caruaru,Bebidas,Suco de caju,8.0,1,Pix,5.0,8.0
2025-07-04,17,Petrolina,Salgados,Coxinha,7.5,1,Débito,5.0,7.5
2025-07-04,18,Petrolina,Salgados,Pastel,8.0,4,Pix,2.0,32.0
2025-07-04,19,Recife,Doces,Cartola,14.0,2,Pix,3.0,28.0
2025-07-05,7,Garanhuns,Pratos,Macaxeira com charque,25.0,2,Pix,4.0,50.0
2025-07-05,7,Garanhuns,Doces,Cocada,5.0,4,Débito,2.0,20.0
2025-07-05,7,Olinda,Bebidas,Suco de caju,8.0,2,Débito,4.0,16.0
2025-07-05,9,Petrolina,Doces,Cocada,5.0,5,Crédito,3.0,25.0
2025-07-05,10,Petrolina,Salgados,Tapioca,12.0,2,Crédito,5.0,24.0
2025-07-05,12,Recife,Pratos,Macaxeira com charque,25.0,5,Pix,3.0,125.0
2025-07-05,12,Recife,Salgados,Pastel,8.0,5,Dinheiro,2.0,40.0
2025-07-05,13,Petrolina,Salgados,Pastel,8.0,5,Pix,4.0,40.0
2025-07-05,16,Recife,Doces,Cartola,14.0,1,Pix,3.0,14.0
2025-07-05,17,Petrolina,Bebidas,Café,6.0,5,Pix,3.0,30.0
2025-07-05,18,Petrolina,Pratos,Macaxeira com charque,25.0,4,Crédito,2.0,100.0
2025-07-05,19,Petrolina,Pratos,Macaxeira com charque,25.0,5,Pix,5.0,125.0
2025-07-05,21,Olinda,Salgados,Coxinha,7.5,1,Débito,1.0,7.5
2025-07-06,7,Caruaru,Pratos,Cuscuz com carne de sol,22.0,4,Pix,5.0,88.0
2025-07-06,8,Olinda,Salgados,Coxinha,7.5,2,Dinheiro,1.0,15.0
2025-07-06,8,Recife,Bebidas,Café,6.0,3,Crédito,1.0,18.0
2025-07-06,10,Recife,Pratos,Macaxeira com charque,25.0,4,Pix,3.0,100.0
2025-07-06,10,Recife,Bebidas,Suco de caju,8.0,3,Crédito,3.0,24.0
2025-07-06,11,Caruaru,Salgados,Coxinha,7.5,2,Pix,5.0,15.0
2025-07-06,13,Caruaru,Salgados,Coxinha,7.5,3,Pix,5.0,22.5
2025-07-06,13,Olinda,Pratos,Macaxeira com charque,25.0,5,Dinheiro,2.0,125.0
2025-07-06,14,Caruaru,Pratos,Baião de dois,28.0,4,Crédito,3.0,112.0
2025-07-06,15,Garanhuns,Salgados,Coxinha,7.5,4,Débito,3.0,30.0
2025-07-06,15,Olinda,Doces,Cocada,5.0,3,Pix,4.0,15.0
2025-07-06,15,Recife,Pratos,Macaxeira com charque,25.0,2,Crédito,5.0,50.0
2025-07-06,16,Recife,Bebidas,Café,6.0,4,Dinheiro,,24.0
2025-07-06,16,Petrolina,Bebidas,Caldo de cana,7.0,1,Crédito,3.0,7.0
2025-07-06,17,Recife,Salgados,Tapioca,12.0,2,Crédito,5.0,24.0
2025-07-06,18,Olinda,Doces,Cocada,5.0,4,Pix,2.0,20.0
2025-07-06,18,Olinda,Bebidas,Caldo de cana,7.0,3,Pix,4.0,21.0
2025-07-06,18,Petrolina,Bebidas,Café,6.0,4,Pix,2.0,24.0
2025-07-06,18,Recife,Bebidas,Caldo de cana,7.0,3,Pix,3.0,21.0
2025-07-06,21,Recife,Bebidas,Suco de caju,8.0,4,Pix,2.0,32.0
2025-07-06,21,Petrolina,Pratos,Cuscuz com carne de sol,22.0,2,Pix,3.0,44.0
2025-07-07,7,Recife,Pratos,Macaxeira com charque,25.0,3,Pix,4.0,75.0
2025-07-07,8,Recife,Salgados,Pastel,8.0,2,Crédito,2.0,16.0
2025-07-07,8,Recife,Bebidas,Caldo de cana,7.0,4,Pix,4.0,28.0
2025-07-07,8,Recife,Doces,Bolo de rolo,9.0,1,Crédito,5.0,9.0
2025-07-07,8,Petrolina,Pratos,Macaxeira com charque,25.0,3,Débito,1.0,75.0
2025-07-07,10,Caruaru,Bebidas,Caldo de cana,7.0,2,Débito,2.0,14.0
2025-07-07,13,Caruaru,Salgados,Pastel,8.0,4,Débito,3.0,32.0
2025-07-07,15,Caruaru,Pratos,Macaxeira com charque,25.0,4,Pix,5.0,100.0
2025-07-07,17,Caruaru,Doces,Bolo de rolo,9.0,1,Crédito,1.0,9.0
2025-07-07,17,Recife,Salgados,Tapioca,12.0,3,Crédito,5.0,36.0
2025-07-07,18,Garanhuns,Pratos,Cuscuz com carne de sol,22.0,2,Pix,4.0,44.0
2025-07-07,18,Caruaru,Doces,Cocada,5.0,2,Débito,2.0,10.0
2025-07-07,20,Petrolina,Doces,Cocada,5.0,4,Débito,1.0,20.0
2025-07-08,8,Recife,Pratos,Baião de dois,28.0,5,Pix,2.0,140.0
2025-07-08,9,Garanhuns,Pratos,Cuscuz com carne de sol,22.0,5,Pix,1.0,110.0
2025-07-08,9,Caruaru,Salgados,Coxinha,7.5,3,Dinheiro,1.0,22.5
2025-07-08,9,Recife,Doces,Cocada,5.0,3,Crédito,4.0,15.0
2025-07-08,11,Olinda,Bebidas,Suco de caju,8.0,2,Débito,3.0,16.0
2025-07-08,11,Recife,Bebidas,Suco de caju,8.0,5,Pix,1.0,40.0
2025-07-08,12,Garanhuns,Bebidas,Café,6.0,2,Pix,1.0,12.0
2025-07-08,12,Garanhuns,Doces,Bolo de rolo,9.0,3,Pix,3.0,27.0
2025-07-08,12,Petrolina,Pratos,Macaxeira com charque,25.0,5,Débito,4.0,125.0
2025-07-08,14,Recife,Pratos,Macaxeira com charque,25.0,5,Pix,4.0,125.0
2025-07-08,14,Caruaru,Salgados,Pastel,8.0,2,Débito,2.0,16.0
2025-07-08,14,Recife,Bebidas,Suco de caju,8.0,2,Pix,3.0,16.0
2025-07-08,16,Caruaru,Salgados,Tapioca,12.0,1,Crédito,5.0,12.0
2025-07-08,17,Petrolina,Doces,Cartola,14.0,5,Pix,4.0,70.0
2025-07-08,21,Recife,Salgados,Coxinha,7.5,5,Crédito,3.0,37.5
2025-07-09,7,Caruaru,Salgados,Tapioca,12.0,4,Pix,3.0,48.0
2025-07-09,7,Recife,Doces,Bolo de rolo,9.0,3,Pix,3.0,27.0
2025-07-09,9,Caruaru,Doces,Cartola,14.0,1,Pix,4.0,14.0
2025-07-09,9,Petrolina,Doces,Cartola,14.0,3,Pix,2.0,42.0
2025-07-09,9,Caruaru,Bebidas,Caldo de cana,7.0,1,Débito,4.0,7.0
2025-07-09,10,Caruaru,Bebidas,Suco de caju,8.0,5,Pix,4.0,40.0
2025-07-09,10,Recife,Salgados,Pastel,8.0,5,Crédito,2.0,40.0
2025-07-09,11,Recife,Doces,Bolo de rolo,9.0,4,Pix,4.0,36.0
2025-07-09,12,Garanhuns,Salgados,Coxinha,7.5,3,Crédito,4.0,22.5
2025-07-09,13,Recife,Doces,Bolo de rolo,9.0,1,Pix,4.0,9.0
2025-07-09,15,Olinda,Salgados,Pastel,8.0,3,Débito,2.0,24.0
2025-07-09,16,Recife,Salgados,Pastel,8.0,2,Pix,3.0,16.0
2025-07-09,17,Recife,Bebidas,Suco de caju,8.0,4,Débito,5.0,32.0
2025-07-09,19,Caruaru,Pratos,Baião de dois,28.0,4,Crédito,4.0,112.0
2025-07-09,20,Caruaru,Bebidas,Suco de caju,8.0,5,Pix,1.0,40.0
2025-07-09,20,Petrolina,Salgados,Coxinha,7.5,3,Pix,5.0,22.5
2025-07-10,7,Petrolina,Pratos,Baião de dois,28.0,2,Pix,4.0,56.0
2025-07-10,7,Petrolina,Doces,Bolo de rolo,9.0,3,Pix,4.0,27.0
2025-07-10,8,Recife,Salgados,Pastel,8.0,2,Débito,5.0,16.0
2025-07-10,9,Recife,Bebidas,Café,6.0,3,Crédito,2.0,18.0
2025-07-10,9,Recife,Doces,Bolo de rolo,9.0,1,Pix,5.0,9.0
2025-07-10,9,Recife,Salgados,Pastel,8.0,5,Dinheiro,4.0,40.0
2025-07-10,9,Petrolina,Bebidas,Café,6.0,3,Pix,1.0,18.0
2025-07-10,10,Caruaru,Doces,Bolo de rolo,9.0,2,Pix,5.0,18.0
2025-07-10,11,Caruaru,Doces,Bolo de rolo,9.0,4,Débito,5.0,36.0
2025-07-10,15,Petrolina,Salgados,Tapioca,12.0,5,Pix,5.0,60.0
2025-07-10,16,Caruaru,Pratos,Cuscuz com carne de sol,22.0,4,Pix,5.0,88.0
2025-07-10,17,Olinda,Salgados,Tapioca,12.0,1,Pix,2.0,12.0
2025-07-10,18,Petrolina,Salgados,Coxinha,7.5,5,Crédito,5.0,37.5
2025-07-10,18,Recife,Pratos,Cuscuz com carne de sol,22.0,1,Pix,3.0,22.0
2025-07-10,20,Caruaru,Doces,Cartola,14.0,1,Pix,4.0,14.0
2025-07-10,20,Petrolina,Doces,Cocada,5.0,3,Pix,1.0,15.0
2025-07-10,21,Garanhuns,Pratos,Baião de dois,28.0,4,Débito,4.0,112.0
2025-07-10,21,Recife,Bebidas,Suco de caju,8.0,1,Débito,5.0,8.0
2025-07-11,7,Recife,Doces,Cartola,14.0,2,Dinheiro,2.0,28.0
2025-07-11,8,Garanhuns,Bebidas,Suco de caju,8.0,5,Débito,2.0,40.0
2025-07-11,8,Caruaru,Bebidas,Suco de caju,8.0,4,Crédito,1.0,32.0
2025-07-11,9,Caruaru,Doces,Cartola,14.0,3,Débito,5.0,42.0
2025-07-11,9,Olinda,Bebidas,Café,6.0,2,Dinheiro,1.0,12.0
2025-07-11,9,Petrolina,Doces,Cocada,5.0,4,Pix,2.0,20.0
2025-07-11,11,Recife,Bebidas,Suco de caju,8.0,3,Crédito,3.0,24.0
2025-07-11,16,Caruaru,Salgados,Tapioca,12.0,5,Pix,,60.0
2025-07-11,16,Olinda,Bebidas,Café,6.0,5,Débito,4.0,30.0
2025-07-11,17,Recife,Salgados,Coxinha,7.5,3,Pix,1.0,22.5
2025-07-11,18,Caruaru,Doces,Cocada,5.0,1,Pix,5.0,5.0
2025-07-11,19,Petrolina,Pratos,Baião de dois,28.0,3,Crédito,3.0,84.0
2025-07-11,19,Olinda,Doces,Cocada,5.0,5,Pix,5.0,25.0
2025-07-11,19,Recife,Pratos,Macaxeira com charque,25.0,5,Crédito,4.0,125.0
2025-07-11,20,Recife,Pratos,Cuscuz com carne de sol,22.0,1,Pix,4.0,22.0
2025-07-11,21,Olinda,Doces,Cocada,5.0,5,Débito,3.0,25.0
2025-07-12,7,Caruaru,Salgados,Pastel,8.0,1,Pix,2.0,8.0
2025-07-12,9,Caruaru,Salgados,Coxinha,7.5,2,Crédito,5.0,15.0
2025-07-12,9,Olinda,Bebidas,Suco de caju,8.0,3,Dinheiro,3.0,24.0
2025-07-12,10,Olinda,Pratos,Cuscuz com carne de sol,22.0,3,Crédito,2.0,66.0
2025-07-12,10,Recife,Pratos,Cuscuz com carne de sol,22.0,3,Crédito,3.0,66.0
2025-07-12,11,Recife,Bebidas,Caldo de cana,7.0,4,Crédito,3.0,28.0
2025-07-12,11,Recife,Salgados,Tapioca,12.0,4,Pix,2.0,48.0
2025-07-12,12,Petrolina,Doces,Bolo de rolo,9.0,5,Crédito,5.0,45.0
2025-07-12,13,Garanhuns,Salgados,Coxinha,7.5,3,Crédito,3.0,22.5
2025-07-12,13,Recife,Doces,Cocada,5.0,5,Crédito,5.0,25.0
2025-07-12,13,Petrolina,Doces,Cocada,5.0,1,Pix,5.0,5.0
2025-07-12,15,Petrolina,Pratos,Cuscuz com carne de sol,22.0,4,Pix,1.0,88.0
2025-07-12,15,Recife,Salgados,Tapioca,12.0,5,Débito,2.0,60.0
2025-07-12,15,Recife,Salgados,Tapioca,12.0,1,Pix,3.0,12.0
2025-07-12,17,Recife,Pratos,Baião de dois,28.0,4,Crédito,1.0,112.0
2025-07-12,18,Recife,Pratos,Baião de dois,28.0,1,Débito,3.0,28.0
2025-07-12,18,Petrolina,Doces,Cocada,5.0,5,Crédito,3.0,25.0
2025-07-12,21,Recife,Salgados,Tapioca,12.0,4,Crédito,1.0,48.0
2025-07-13,7,Caruaru,Salgados,Tapioca,12.0,3,Pix,5.0,36.0
2025-07-13,7,Petrolina,Salgados,Tapioca,12.0,4,Pix,3.0,48.0
2025-07-13,8,Petrolina,Pratos,Cuscuz com carne de sol,22.0,5,Crédito,5.0,110.0
2025-07-13,10,Recife,Salgados,Pastel,8.0,4,Pix,3.0,32.0
2025-07-13,13,Caruaru,Pratos,Cuscuz com carne de sol,22.0,5,Pix,1.0,110.0
2025-07-13,13,Caruaru,Pratos,Macaxeira com charque,25.0,5,Débito,4.0,125.0
2025-07-13,14,Recife,Salgados,Coxinha,7.5,3,Débito,3.0,22.5
2025-07-13,14,Garanhuns,Pratos,Cuscuz com carne de sol,22.0,2,Dinheiro,5.0,44.0
2025-07-13,16,Petrolina,Doces,Bolo de rolo,9.0,3,Pix,1.0,27.0
2025-07-13,19,Recife,Pratos,Macaxeira com charque,25.0,5,Pix,5.0,125.0
2025-07-13,19,Recife,Bebidas,Suco de caju,8.0,1,Pix,2.0,8.0
2025-07-13,20,Caruaru,Pratos,Baião de dois,28.0,5,Débito,2.0,140.0
2025-07-13,20,Caruaru,Pratos,Cuscuz com carne de sol,22.0,1,Pix,1.0,22.0
2025-07-13,20,Recife,Bebidas,Café,6.0,3,Pix,1.0,18.0
2025-07-14,7,Petrolina,Bebidas,Suco de caju,8.0,1,Pix,2.0,8.0
2025-07-14,7,Petrolina,Bebidas,Suco de caju,8.0,1,Débito,1.0,8.0
2025-07-14,8,Petrolina,Salgados,Tapioca,12.0,1,Pix,3.0,12.0
2025-07-14,9,Caruaru,Pratos,Macaxeira com charque,25.0,4,Crédito,1.0,100.0
2025-07-14,11,Recife,Doces,Bolo de rolo,9.0,3,Pix,2.0,27.0
2025-07-14,11,Recife,Bebidas,Suco de caju,8.0,2,Crédito,3.0,16.0
2025-07-14,12,Petrolina,Salgados,Coxinha,7.5,3,Pix,1.0,22.5
2025-07-14,14,Olinda,Doces,Bolo de rolo,9.0,2,Crédito,1.0,18.0
2025-07-14,15,Garanhuns,Bebidas,Suco de caju,8.0,5,Pix,4.0,40.0
2025-07-14,15,Caruaru,Doces,Bolo de rolo,9.0,1,Pix,1.0,9.0
2025-07-14,17,Caruaru,Bebidas,Suco de caju,8.0,5,Débito,4.0,40.0
2025-07-14,21,Caruaru,Salgados,Pastel,8.0,4,Dinheiro,1.0,32.0
2025-07-15,8,Petrolina,Bebidas,Suco de caju,8.0,2,Pix,1.0,16.0
2025-07-15,9,Petrolina,Bebidas,Café,6.0,3,Crédito,2.0,18.0
2025-07-15,11,Olinda,Pratos,Baião de dois,28.0,2,Pix,2.0,56.0
2025-07-15,12,Olinda,Doces,Cartola,14.0,5,Crédito,,70.0
2025-07-15,13,Petrolina,Doces,Cocada,5.0,1,Pix,5.0,5.0
2025-07-15,16,Recife,Doces,Cocada,5.0,1,Pix,4.0,5.0
2025-07-15,18,Caruaru,Salgados,Tapioca,12.0,5,Pix,1.0,60.0
2025-07-15,19,Recife,Salgados,Tapioca,12.0,3,Pix,1.0,36.0
2025-07-16,7,Petrolina,Salgados,Pastel,8.0,1,Dinheiro,3.0,8.0
2025-07-16,8,Garanhuns,Pratos,Macaxeira com charque,25.0,5,Pix,5.0,125.0
2025-07-16,10,Recife,Pratos,Macaxeira com charque,25.0,3,Crédito,4.0,75.0
2025-07-16,11,Caruaru,Doces,Cocada,5.0,3,Débito,2.0,15.0
2025-07-16,11,Recife,Pratos,Macaxeira com charque,25.0,5,Pix,5.0,125.0
2025-07-16,11,Recife,Salgados,Tapioca,12.0,4,Dinheiro,3.0,48.0
2025-07-16,11,Recife,Bebidas,Café,6.0,4,Crédito,2.0,24.0
2025-07-16,12,Caruaru,Doces,Bolo de rolo,9.0,5,Pix,4.0,45.0
2025-07-16,12,Recife,Pratos,Baião de dois,28.0,5,Débito,3.0,140.0
2025-07-16,13,Recife,Doces,Cocada,5.0,4,Débito,1.0,20.0
2025-07-16,13,Recife,Doces,Cartola,14.0,1,Débito,5.0,14.0
2025-07-16,15,Olinda,Salgados,Pastel,8.0,4,Pix,4.0,32.0
2025-07-16,15,Petrolina,Bebidas,Suco de caju,8.0,4,Débito,5.0,32.0
2025-07-16,15,Caruaru,Bebidas,Suco de caju,8.0,5,Débito,5.0,40.0
2025-07-16,15,Olinda,Doces,Cartola,14.0,1,Pix,1.0,14.0
2025-07-16,18,Recife,Bebidas,Suco de caju,8.0,2,Pix,2.0,16.0
2025-07-16,18,Petrolina,Pratos,Cuscuz com carne de sol,22.0,1,Pix,2.0,22.0
2025-07-16,18,Recife,Doces,Bolo de rolo,9.0,4,Crédito,1.0,36.0
2025-07-16,19,Garanhuns,Bebidas,Café,6.0,2,Pix,4.0,12.0
2025-07-16,21,Recife,Salgados,Coxinha,7.5,3,Crédito,3.0,22.5
2025-07-16,21,Petrolina,Doces,Cocada,5.0,4,Crédito,5.0,20.0
2025-07-17,12,Caruaru,Doces,Cartola,14.0,1,Pix,4.0,14.0
2025-07-17,13,Petrolina,Salgados,Tapioca,12.0,3,Débito,2.0,36.0
2025-07-17,14,Recife,Doces,Cartola,14.0,4,Débito,1.0,56.0
2025-07-17,15,Olinda,Pratos,Cuscuz com carne de sol,22.0,1,Pix,1.0,22.0
2025-07-17,17,Olinda,Salgados,Pastel,8.0,3,Débito,2.0,24.0
2025-07-17,18,Petrolina,Pratos,Cuscuz com carne de sol,22.0,4,Pix,1.0,88.0
2025-07-17,18,Petrolina,Bebidas,Suco de caju,8.0,3,Débito,5.0,24.0
2025-07-17,20,Olinda,Pratos,Macaxeira com charque,25.0,1,Débito,5.0,25.0
2025-07-17,21,Olinda,Bebidas,Caldo de cana,7.0,1,Dinheiro,2.0,7.0
2025-07-17,21,Caruaru,Salgados,Coxinha,7.5,1,Pix,1.0,7.5
2025-07-18,7,Petrolina,Doces,Cocada,5.0,5,Dinheiro,3.0,25.0
2025-07-18,7,Recife,Doces,Bolo de rolo,9.0,5,Pix,5.0,45.0
2025-07-18,8,Recife,Doces,Bolo de rolo,9.0,1,Crédito,1.0,9.0
2025-07-18,9,Petrolina,Pratos,Baião de dois,28.0,4,Débito,4.0,112.0
2025-07-18,9,Recife,Salgados,Tapioca,12.0,2,Crédito,4.0,24.0
2025-07-18,10,Garanhuns,Bebidas,Caldo de cana,7.0,3,Pix,2.0,21.0
2025-07-18,10,Garanhuns,Doces,Bolo de rolo,9.0,3,Débito,4.0,27.0
2025-07-18,11,Petrolina,Salgados,Tapioca,12.0,5,Pix,1.0,60.0
2025-07-18,11,Olinda,Doces,Cocada,5.0,2,Pix,1.0,10.0
2025-07-18,11,Recife,Doces,Bolo de rolo,9.0,2,Pix,2.0,18.0
2025-07-18,12,Recife,Bebidas,Suco de caju,8.0,4,Crédito,3.0,32.0
2025-07-18,13,Olinda,Salgados,Pastel,8.0,4,Débito,2.0,32.0
2025-07-18,14,Petrolina,Pratos,Macaxeira com charque,25.0,2,Crédito,3.0,50.0
2025-07-18,14,Olinda,Pratos,Cuscuz com carne de sol,22.0,2,Débito,2.0,44.0
2025-07-18,16,Olinda,Bebidas,Caldo de cana,7.0,3,Pix,5.0,21.0
2025-07-18,16,Petrolina,Pratos,Cuscuz com carne de sol,22.0,2,Dinheiro,5.0,44.0
2025-07-18,18,Recife,Bebidas,Café,6.0,3,Pix,2.0,18.0
2025-07-18,19,Recife,Doces,Cocada,5.0,4,Crédito,4.0,20.0
2025-07-18,21,Petrolina,Bebidas,Café,6.0,4,Dinheiro,1.0,24.0
2025-07-19,7,Petrolina,Doces,Cocada,5.0,3,Crédito,2.0,15.0
2025-07-19,8,Petrolina,Bebidas,Suco de caju,8.0,5,Crédito,,40.0
2025-07-19,9,Recife,Pratos,Cuscuz com carne de sol,22.0,2,Débito,4.0,44.0
2025-07-19,11,Olinda,Doces,Cartola,14.0,1,Pix,4.0,14.0
2025-07-19,14,Caruaru,Bebidas,Caldo de cana,7.0,5,Crédito,1.0,35.0
2025-07-19,15,Caruaru,Doces,Cocada,5.0,3,Pix,4.0,15.0
2025-07-19,16,Caruaru,Pratos,Baião de dois,28.0,5,Pix,3.0,140.0
2025-07-19,16,Caruaru,Pratos,Baião de dois,28.0,3,Pix,3.0,84.0
2025-07-19,16,Recife,Salgados,Tapioca,12.0,5,Crédito,5.0,60.0
2025-07-19,17,Garanhuns,Pratos,Macaxeira com charque,25.0,1,Crédito,1.0,25.0
2025-07-19,19,Recife,Salgados,Coxinha,7.5,5,Crédito,5.0,37.5
2025-07-20,8,Petrolina,Bebidas,Suco de caju,8.0,4,Débito,4.0,32.0
2025-07-20,9,Recife,Bebidas,Caldo de cana,7.0,1,Crédito,2.0,7.0
2025-07-20,10,Recife,Salgados,Pastel,8.0,5,Débito,3.0,40.0
2025-07-20,10,Caruaru,Salgados,Pastel,8.0,2,Pix,3.0,16.0
2025-07-20,10,Garanhuns,Bebidas,Suco de caju,8.0,4,Crédito,4.0,32.0
2025-07-20,11,Recife,Salgados,Coxinha,7.5,1,Crédito,5.0,7.5
2025-07-20,11,Caruaru,Doces,Cocada,5.0,4,Dinheiro,3.0,20.0
2025-07-20,12,Recife,Pratos,Baião de dois,28.0,1,Crédito,2.0,28.0
2025-07-20,13,Olinda,Pratos,Macaxeira com charque,25.0,2,Débito,3.0,50.0
2025-07-20,14,Recife,Salgados,Coxinha,7.5,3,Dinheiro,3.0,22.5
2025-07-20,15,Petrolina,Salgados,Coxinha,7.5,5,Pix,2.0,37.5
2025-07-20,16,Petrolina,Pratos,Cuscuz com carne de sol,22.0,1,Pix,4.0,22.0
2025-07-20,16,Olinda,Pratos,Macaxeira com charque,25.0,1,Pix,1.0,25.0
2025-07-20,17,Garanhuns,Bebidas,Café,6.0,4,Pix,5.0,24.0
2025-07-20,17,Petrolina,Pratos,Baião de dois,28.0,4,Pix,3.0,112.0
2025-07-20,18,Garanhuns,Pratos,Cuscuz com carne de sol,22.0,2,Pix,1.0,44.0
2025-07-20,19,Garanhuns,Pratos,Cuscuz com carne de sol,22.0,2,Crédito,1.0,44.0
2025-07-21,7,Garanhuns,Doces,Cartola,14.0,4,Pix,3.0,56.0
2025-07-21,9,Recife,Salgados,Tapioca,12.0,5,Pix,1.0,60.0
2025-07-21,11,Petrolina,Pratos,Macaxeira com charque,25.0,2,Crédito,4.0,50.0
2025-07-21,11,Garanhuns,Salgados,Pastel,8.0,4,Dinheiro,4.0,32.0
2025-07-21,12,Recife,Salgados,Coxinha,7.5,1,Débito,5.0,7.5
2025-07-21,14,Olinda,Doces,Cartola,14.0,5,Crédito,1.0,70.0
2025-07-21,15,Recife,Bebidas,Suco de caju,8.0,1,Débito,3.0,8.0
2025-07-21,15,Olinda,Bebidas,Suco de caju,8.0,4,Dinheiro,2.0,32.0
2025-07-21,15,Recife,Bebidas,Café,6.0,4,Débito,1.0,24.0
2025-07-21,15,Petrolina,Bebidas,Café,6.0,2,Débito,2.0,12.0
2025-07-21,18,Recife,Bebidas,Caldo de cana,7.0,1,Pix,2.0,7.0
2025-07-21,20,Recife,Bebidas,Caldo de cana,7.0,4,Pix,5.0,28.0
2025-07-21,20,Caruaru,Doces,Cartola,14.0,1,Pix,3.0,14.0
2025-07-21,21,Recife,Salgados,Coxinha,7.5,3,Pix,5.0,22.5
2025-07-21,21,Recife,Salgados,Tapioca,12.0,4,Pix,3.0,48.0
2025-07-22,8,Recife,Doces,Cocada,5.0,5,Dinheiro,2.0,25.0
2025-07-22,9,Olinda,Pratos,Macaxeira com charque,25.0,3,Débito,5.0,75.0
2025-07-22,9,Recife,Bebidas,Suco de caju,8.0,4,Débito,4.0,32.0
2025-07-22,12,Recife,Salgados,Coxinha,7.5,5,Pix,1.0,37.5
2025-07-22,13,Petrolina,Pratos,Macaxeira com charque,25.0,2,Pix,4.0,50.0
2025-07-22,13,Petrolina,Salgados,Coxinha,7.5,2,Débito,1.0,15.0
2025-07-22,14,Caruaru,Bebidas,Café,6.0,2,Pix,3.0,12.0
2025-07-22,14,Olinda,Bebidas,Café,6.0,2,Débito,1.0,12.0
2025-07-22,15,Recife,Bebidas,Caldo de cana,7.0,1,Pix,2.0,7.0
2025-07-22,17,Petrolina,Bebidas,Café,6.0,4,Débito,2.0,24.0
2025-07-22,18,Olinda,Pratos,Baião de dois,28.0,1,Crédito,5.0,28.0
2025-07-22,19,Caruaru,Pratos,Cuscuz com carne de sol,22.0,1,Pix,4.0,22.0
2025-07-22,20,Garanhuns,Pratos,Macaxeira com charque,25.0,2,Crédito,1.0,50.0
2025-07-22,20,Caruaru,Pratos,Macaxeira com charque,25.0,4,Pix,2.0,100.0
2025-07-22,21,Caruaru,Pratos,Baião de dois,28.0,1,Pix,5.0,28.0
2025-07-23,8,Caruaru,Salgados,Pastel,8.0,2,Crédito,5.0,16.0
2025-07-23,8,Recife,Salgados,Tapioca,12.0,5,Pix,5.0,60.0
2025-07-23,10,Caruaru,Salgados,Pastel,8.0,3,Pix,5.0,24.0
2025-07-23,11,Recife,Doces,Bolo de rolo,9.0,1,Crédito,2.0,9.0
2025-07-23,12,Petrolina,Salgados,Pastel,8.0,5,Pix,5.0,40.0
2025-07-23,12,Garanhuns,Salgados,Coxinha,7.5,2,Crédito,3.0,15.0
2025-07-23,12,Petrolina,Bebidas,Suco de caju,8.0,2,Crédito,5.0,16.0
2025-07-23,12,Petrolina,Pratos,Macaxeira com charque,25.0,5,Crédito,3.0,125.0
2025-07-23,14,Petrolina,Salgados,Pastel,8.0,4,Pix,1.0,32.0
2025-07-23,16,Caruaru,Bebidas,Caldo de cana,7.0,3,Pix,5.0,21.0
2025-07-23,18,Garanhuns,Salgados,Coxinha,7.5,2,Pix,4.0,15.0
2025-07-23,18,Recife,Doces,Cocada,5.0,4,Débito,1.0,20.0
2025-07-23,18,Caruaru,Bebidas,Café,6.0,4,Pix,4.0,24.0
2025-07-23,20,Petrolina,Pratos,Macaxeira com charque,25.0,3,Crédito,5.0,75.0
2025-07-23,21,Petrolina,Doces,Cartola,14.0,2,Crédito,5.0,28.0
2025-07-23,21,Petrolina,Salgados,Tapioca,12.0,1,Crédito,1.0,12.0
2025-07-23,21,Petrolina,Pratos,Macaxeira com charque,25.0,4,Pix,4.0,100.0
2025-07-24,7,Olinda,Salgados,Pastel,8.0,3,Crédito,3.0,24.0
2025-07-24,7,Petrolina,Pratos,Cuscuz com carne de sol,22.0,4,Crédito,5.0,88.0
2025-07-24,11,Petrolina,Doces,Bolo de rolo,9.0,4,Débito,5.0,36.0
2025-07-24,11,Caruaru,Doces,Cocada,5.0,5,Pix,5.0,25.0
2025-07-24,11,Garanhuns,Salgados,Coxinha,7.5,5,Pix,5.0,37.5
2025-07-24,12,Caruaru,Pratos,Macaxeira com charque,25.0,3,Pix,3.0,75.0
2025-07-24,12,Petrolina,Bebidas,Caldo de cana,7.0,2,Crédito,5.0,14.0
2025-07-24,13,Petrolina,Salgados,Coxinha,7.5,3,Pix,2.0,22.5
2025-07-24,13,Olinda,Bebidas,Caldo de cana,7.0,4,Débito,5.0,28.0
2025-07-24,15,Recife,Doces,Cocada,5.0,2,Crédito,1.0,10.0
2025-07-24,16,Petrolina,Pratos,Baião de dois,28.0,1,Pix,5.0,28.0
2025-07-24,21,Recife,Bebidas,Suco de caju,8.0,2,Crédito,5.0,16.0
2025-07-25,8,Recife,Salgados,Coxinha,7.5,3,Pix,1.0,22.5
2025-07-25,8,Caruaru,Pratos,Cuscuz com carne de sol,22.0,2,Pix,2.0,44.0
2025-07-25,8,Olinda,Salgados,Pastel,8.0,2,Pix,4.0,16.0
2025-07-25,8,Caruaru,Bebidas,Café,6.0,1,Pix,1.0,6.0
2025-07-25,10,Petrolina,Pratos,Baião de dois,28.0,4,Débito,4.0,112.0
2025-07-25,11,Garanhuns,Doces,Bolo de rolo,9.0,4,Débito,2.0,36.0
2025-07-25,12,Recife,Salgados,Pastel,8.0,2,Dinheiro,3.0,16.0
2025-07-25,12,Caruaru,Salgados,Tapioca,12.0,1,Pix,3.0,12.0
2025-07-25,13,Garanhuns,Doces,Cartola,14.0,3,Crédito,4.0,42.0
2025-07-25,13,Recife,Bebidas,Caldo de cana,7.0,4,Pix,2.0,28.0
2025-07-25,15,Recife,Bebidas,Caldo de cana,7.0,3,Crédito,4.0,21.0
2025-07-25,16,Garanhuns,Doces,Cocada,5.0,3,Pix,,15.0
2025-07-25,16,Petrolina,Bebidas,Suco de caju,8.0,2,Pix,5.0,16.0
2025-07-25,16,Garanhuns,Bebidas,Caldo de cana,7.0,5,Pix,4.0,35.0
2025-07-25,19,Garanhuns,Salgados,Pastel,8.0,3,Crédito,5.0,24.0
2025-07-25,19,Petrolina,Pratos,Cuscuz com carne de sol,22.0,5,Crédito,2.0,110.0
2025-07-25,20,Garanhuns,Doces,Cocada,5.0,5,Crédito,1.0,25.0
2025-07-25,21,Olinda,Salgados,Coxinha,7.5,5,Débito,4.0,37.5
2025-07-25,21,Recife,Doces,Bolo de rolo,9.0,4,Débito,5.0,36.0
2025-07-26,7,Caruaru,Doces,Bolo de rolo,9.0,2,Crédito,5.0,18.0
2025-07-26,7,Olinda,Salgados,Tapioca,12.0,4,Pix,1.0,48.0
2025-07-26,9,Caruaru,Salgados,Pastel,8.0,5,Débito,1.0,40.0
2025-07-26,9,Caruaru,Pratos,Baião de dois,28.0,4,Crédito,3.0,112.0
2025-07-26,10,Olinda,Bebidas,Café,6.0,1,Crédito,2.0,6.0
2025-07-26,10,Recife,Pratos,Macaxeira com charque,25.0,2,Pix,4.0,50.0
2025-07-26,13,Garanhuns,Bebidas,Caldo de cana,7.0,5,Pix,4.0,35.0
2025-07-26,14,Recife,Salgados,Tapioca,12.0,4,Pix,2.0,48.0
2025-07-26,14,Olinda,Salgados,Pastel,8.0,4,Pix,2.0,32.0
2025-07-26,14,Recife,Doces,Cocada,5.0,4,Crédito,4.0,20.0
2025-07-26,15,Recife,Doces,Cartola,14.0,4,Crédito,4.0,56.0
2025-07-26,17,Recife,Doces,Cartola,14.0,3,Pix,4.0,42.0
2025-07-26,19,Recife,Doces,Cartola,14.0,3,Crédito,5.0,42.0
2025-07-26,19,Recife,Pratos,Baião de dois,28.0,2,Crédito,5.0,56.0
2025-07-26,19,Petrolina,Pratos,Macaxeira com charque,25.0,4,Dinheiro,1.0,100.0
2025-07-26,20,Petrolina,Bebidas,Caldo de cana,7.0,1,Pix,1.0,7.0
2025-07-26,20,Petrolina,Bebidas,Café,6.0,1,Crédito,2.0,6.0
2025-07-27,9,Recife,Salgados,Pastel,8.0,1,Pix,5.0,8.0
2025-07-27,11,Garanhuns,Salgados,Tapioca,12.0,2,Pix,5.0,24.0
2025-07-27,11,Petrolina,Salgados,Coxinha,7.5,1,Pix,4.0,7.5
2025-07-27,13,Petrolina,Salgados,Coxinha,7.5,3,Pix,4.0,22.5
2025-07-27,13,Petrolina,Salgados,Coxinha,7.5,5,Pix,1.0,37.5
2025-07-27,14,Olinda,Salgados,Tapioca,12.0,3,Débito,1.0,36.0
2025-07-27,15,Recife,Bebidas,Café,6.0,2,Crédito,4.0,12.0
2025-07-27,16,Olinda,Salgados,Coxinha,7.5,2,Crédito,4.0,15.0
2025-07-27,16,Petrolina,Doces,Bolo de rolo,9.0,3,Débito,2.0,27.0
2025-07-27,17,Olinda,Bebidas,Suco de caju,8.0,3,Pix,3.0,24.0
2025-07-27,17,Olinda,Bebidas,Suco de caju,8.0,4,Pix,5.0,32.0
2025-07-27,17,Recife,Doces,Bolo de rolo,9.0,1,Pix,5.0,9.0
2025-07-27,19,Recife,Salgados,Tapioca,12.0,1,Crédito,2.0,12.0
2025-07-27,19,Olinda,Pratos,Macaxeira com charque,25.0,1,Débito,2.0,25.0
2025-07-27,21,Recife,Salgados,Pastel,8.0,5,Pix,1.0,40.0
2025-07-28,7,Olinda,Bebidas,Caldo de cana,7.0,4,Dinheiro,4.0,28.0
2025-07-28,8,Olinda,Doces,Bolo de rolo,9.0,4,Pix,1.0,36.0
2025-07-28,8,Recife,Salgados,Tapioca,12.0,2,Dinheiro,4.0,24.0
2025-07-28,12,Recife,Salgados,Pastel,8.0,2,Dinheiro,5.0,16.0
2025-07-28,14,Caruaru,Pratos,Macaxeira com charque,25.0,1,Pix,1.0,25.0
2025-07-28,15,Petrolina,Bebidas,Café,6.0,5,Pix,4.0,30.0
2025-07-28,15,Recife,Doces,Cocada,5.0,2,Crédito,5.0,10.0
2025-07-28,15,Petrolina,Bebidas,Café,6.0,2,Pix,4.0,12.0
2025-07-28,15,Caruaru,Salgados,Pastel,8.0,3,Crédito,2.0,24.0
2025-07-28,17,Caruaru,Doces,Cartola,14.0,1,Pix,2.0,14.0
2025-07-28,17,Recife,Pratos,Baião de dois,28.0,1,Débito,1.0,28.0
2025-07-29,7,Garanhuns,Pratos,Cuscuz com carne de sol,22.0,1,Pix,1.0,22.0
2025-07-29,8,Petrolina,Salgados,Coxinha,7.5,3,Pix,3.0,22.5
2025-07-29,8,Recife,Doces,Cartola,14.0,1,Pix,1.0,14.0
2025-07-29,9,Recife,Salgados,Pastel,8.0,2,Pix,1.0,16.0
2025-07-29,11,Garanhuns,Pratos,Macaxeira com charque,25.0,2,Pix,3.0,50.0
2025-07-29,12,Petrolina,Doces,Cocada,5.0,2,Dinheiro,4.0,10.0
2025-07-29,13,Caruaru,Doces,Cartola,14.0,2,Crédito,5.0,28.0
2025-07-29,14,Petrolina,Bebidas,Suco de caju,8.0,1,Crédito,5.0,8.0
2025-07-29,15,Olinda,Bebidas,Suco de caju,8.0,4,Pix,3.0,32.0
2025-07-29,15,Petrolina,Pratos,Cuscuz com carne de sol,22.0,1,Crédito,4.0,22.0
2025-07-29,18,Recife,Pratos,Baião de dois,28.0,2,Pix,4.0,56.0
2025-07-29,19,Recife,Bebidas,Caldo de cana,7.0,3,Crédito,2.0,21.0
2025-07-29,21,Recife,Bebidas,Caldo de cana,7.0,4,Pix,1.0,28.0
2025-07-30,7,Olinda,Bebidas,Suco de caju,8.0,2,Pix,5.0,16.0
2025-07-30,8,Recife,Doces,Bolo de rolo,9.0,4,Pix,5.0,36.0
2025-07-30,16,Caruaru,Bebidas,Suco de caju,8.0,3,Crédito,1.0,24.0
2025-07-30,16,Petrolina,Doces,Cocada,5.0,1,Pix,1.0,5.0
2025-07-30,17,Garanhuns,Bebidas,Suco de caju,8.0,4,Pix,3.0,32.0
2025-07-30,17,Garanhuns,Doces,Bolo de rolo,9.0,5,Crédito,2.0,45.0
2025-07-30,18,Caruaru,Salgados,Tapioca,12.0,4,Pix,2.0,48.0
2025-07-31,8,Petrolina,Salgados,Tapioca,12.0,3,Pix,5.0,36.0
2025-07-31,8,Recife,Salgados,Coxinha,7.5,4,Pix,5.0,30.0
2025-07-31,10,Caruaru,Doces,Cocada,5.0,4,Pix,3.0,20.0
2025-07-31,10,Olinda,Bebidas,Café,6.0,4,Pix,2.0,24.0
2025-07-31,12,Recife,Pratos,Baião de dois,28.0,1,Débito,4.0,28.0
2025-07-31,14,Recife,Pratos,Baião de dois,28.0,4,Crédito,4.0,112.0
2025-07-31,14,Caruaru,Bebidas,Caldo de cana,7.0,3,Crédito,2.0,21.0
2025-07-31,15,Recife,Pratos,Baião de dois,28.0,4,Pix,2.0,112.0
2025-07-31,15,Olinda,Bebidas,Caldo de cana,7.0,3,Pix,1.0,21.0
2025-07-31,15,Recife,Doces,Bolo de rolo,9.0,5,Pix,5.0,45.0
2025-07-31,15,Caruaru,Salgados,Pastel,8.0,1,Pix,5.0,8.0
2025-07-31,17,Recife,Doces,Cartola,14.0,3,Crédito,5.0,42.0
2025-07-31,19,Recife,Pratos,Macaxeira com charque,25.0,4,Dinheiro,5.0,100.0
2025-07-31,20,Recife,Pratos,Baião de dois,28.0,1,Dinheiro,,28.0
2025-07-31,21,Olinda,Pratos,Cuscuz com carne de sol,22.0,5,Pix,1.0,110.0
2025-08-01,7,Recife,Salgados,Coxinha,7.5,2,Dinheiro,5.0,15.0
2025-08-01,9,Petrolina,Bebidas,Suco de caju,8.0,2,Pix,3.0,16.0
2025-08-01,12,Olinda,Salgados,Pastel,8.0,1,Dinheiro,4.0,8.0
2025-08-01,13,Recife,Pratos,Baião de dois,28.0,4,Pix,3.0,112.0
2025-08-01,14,Garanhuns,Pratos,Macaxeira com charque,25.0,3,Pix,1.0,75.0
2025-08-01,15,Recife,Bebidas,Caldo de cana,7.0,5,Crédito,4.0,35.0
2025-08-01,15,Garanhuns,Doces,Cartola,14.0,2,Crédito,3.0,28.0
2025-08-01,16,Recife,Salgados,Tapioca,12.0,1,Pix,5.0,12.0
2025-08-01,17,Recife,Salgados,Coxinha,7.5,1,Crédito,5.0,7.5
2025-08-01,19,Recife,Salgados,Pastel,8.0,2,Crédito,5.0,16.0
2025-08-01,20,Petrolina,Doces,Cartola,14.0,5,Débito,,70.0
2025-08-01,20,Garanhuns,Doces,Bolo de rolo,9.0,5,Débito,5.0,45.0
2025-08-01,21,Recife,Pratos,Macaxeira com charque,25.0,4,Pix,4.0,100.0
2025-08-02,8,Garanhuns,Doces,Cocada,5.0,5,Pix,4.0,25.0
2025-08-02,9,Garanhuns,Bebidas,Caldo de cana,7.0,5,Débito,3.0,35.0
2025-08-02,10,Caruaru,Pratos,Cuscuz com carne de sol,22.0,2,Débito,2.0,44.0
2025-08-02,13,Caruaru,Doces,Cartola,14.0,3,Crédito,5.0,42.0
2025-08-02,13,Caruaru,Bebidas,Suco de caju,8.0,5,Crédito,3.0,40.0
2025-08-02,15,Petrolina,Bebidas,Café,6.0,2,Pix,3.0,12.0
2025-08-02,16,Petrolina,Pratos,Cuscuz com carne de sol,22.0,2,Pix,1.0,44.0
2025-08-02,19,Caruaru,Salgados,Coxinha,7.5,3,Pix,2.0,22.5
2025-08-02,21,Recife,Pratos,Baião de dois,28.0,2,Pix,2.0,56.0
2025-08-03,7,Caruaru,Bebidas,Caldo de cana,7.0,5,Pix,4.0,35.0
2025-08-03,8,Petrolina,Pratos,Cuscuz com carne de sol,22.0,3,Pix,5.0,66.0
2025-08-03,8,Olinda,Doces,Cartola,14.0,1,Pix,2.0,14.0
2025-08-03,8,Recife,Bebidas,Café,6.0,5,Crédito,3.0,30.0
2025-08-03,11,Recife,Pratos,Macaxeira com charque,25.0,4,Débito,4.0,100.0
2025-08-03,12,Caruaru,Doces,Cocada,5.0,5,Crédito,5.0,25.0
2025-08-03,14,Garanhuns,Bebidas,Caldo de cana,7.0,4,Pix,1.0,28.0
2025-08-03,15,Petrolina,Pratos,Baião de dois,28.0,1,Pix,1.0,28.0
2025-08-03,17,Recife,Bebidas,Suco de caju,8.0,3,Dinheiro,2.0,24.0
2025-08-03,18,Garanhuns,Bebidas,Suco de caju,8.0,3,Débito,1.0,24.0
2025-08-03,19,Petrolina,Pratos,Baião de dois,28.0,1,Dinheiro,5.0,28.0
2025-08-03,20,Recife,Salgados,Coxinha,7.5,4,Crédito,5.0,30.0
2025-08-03,20,Olinda,Pratos,Macaxeira com charque,25.0,5,Pix,2.0,125.0
2025-08-03,21,Caruaru,Salgados,Tapioca,12.0,3,Débito,3.0,36.0
2025-08-04,7,Recife,Pratos,Macaxeira com charque,25.0,4,Débito,5.0,100.0
2025-08-04,9,Garanhuns,Salgados,Coxinha,7.5,3,Pix,1.0,22.5
2025-08-04,9,Petrolina,Salgados,Coxinha,7.5,2,Pix,4.0,15.0
2025-08-04,10,Caruaru,Doces,Cartola,14.0,3,Dinheiro,1.0,42.0
2025-08-04,10,Recife,Doces,Cocada,5.0,4,Pix,4.0,20.0
2025-08-04,10,Recife,Bebidas,Caldo de cana,7.0,4,Pix,4.0,28.0
2025-08-04,10,Caruaru,Pratos,Baião de dois,28.0,1,Pix,1.0,28.0
2025-08-04,11,Recife,Bebidas,Caldo de cana,7.0,5,Pix,4.0,35.0
2025-08-04,12,Recife,Doces,Cocada,5.0,1,Pix,1.0,5.0
2025-08-04,13,Garanhuns,Bebidas,Café,6.0,5,Débito,1.0,30.0
2025-08-04,15,Caruaru,Bebidas,Café,6.0,1,Crédito,3.0,6.0
2025-08-04,15,Caruaru,Doces,Cocada,5.0,5,Pix,5.0,25.0
2025-08-04,16,Petrolina,Pratos,Cuscuz com carne de sol,22.0,1,Pix,4.0,22.0
2025-08-04,16,Garanhuns,Salgados,Coxinha,7.5,2,Pix,2.0,15.0
2025-08-04,17,Garanhuns,Pratos,Baião de dois,28.0,2,Pix,4.0,56.0
2025-08-04,17,Caruaru,Pratos,Macaxeira com charque,25.0,4,Débito,2.0,100.0
2025-08-04,18,Petrolina,Doces,Cocada,5.0,5,Pix,5.0,25.0
2025-08-04,19,Recife,Pratos,Cuscuz com carne de sol,22.0,3,Pix,4.0,66.0
2025-08-05,9,Recife,Pratos,Cuscuz com carne de sol,22.0,4,Pix,2.0,88.0
2025-08-05,10,Recife,Doces,Cocada,5.0,5,Débito,3.0,25.0
2025-08-05,10,Petrolina,Doces,Cocada,5.0,3,Crédito,5.0,15.0
2025-08-05,10,Caruaru,Doces,Bolo de rolo,9.0,3,Débito,4.0,27.0
2025-08-05,11,Caruaru,Salgados,Pastel,8.0,5,Crédito,4.0,40.0
2025-08-05,12,Garanhuns,Pratos,Macaxeira com charque,25.0,3,Débito,2.0,75.0
2025-08-05,12,Garanhuns,Bebidas,Caldo de cana,7.0,2,Pix,3.0,14.0
2025-08-05,14,Caruaru,Pratos,Baião de dois,28.0,4,Pix,1.0,112.0
2025-08-05,15,Caruaru,Doces,Cocada,5.0,5,Pix,5.0,25.0
2025-08-05,16,Caruaru,Salgados,Tapioca,12.0,4,Crédito,5.0,48.0
2025-08-05,18,Recife,Salgados,Coxinha,7.5,4,Crédito,3.0,30.0
2025-08-05,18,Recife,Bebidas,Suco de caju,8.0,4,Débito,5.0,32.0
2025-08-06,7,Caruaru,Bebidas,Café,6.0,5,Débito,3.0,30.0
2025-08-06,8,Garanhuns,Salgados,Pastel,8.0,5,Pix,1.0,40.0
2025-08-06,8,Recife,Pratos,Macaxeira com charque,25.0,1,Pix,3.0,25.0
2025-08-06,10,Petrolina,Doces,Cocada,5.0,2,Pix,1.0,10.0
2025-08-06,12,Petrolina,Doces,Bolo de rolo,9.0,1,Crédito,5.0,9.0
2025-08-06,12,Recife,Bebidas,Caldo de cana,7.0,4,Débito,2.0,28.0
2025-08-06,16,Caruaru,Salgados,Tapioca,12.0,3,Pix,2.0,36.0
2025-08-06,16,Recife,Bebidas,Café,6.0,1,Crédito,2.0,6.0
2025-08-06,17,Olinda,Bebidas,Caldo de cana,7.0,4,Pix,4.0,28.0
2025-08-06,18,Petrolina,Doces,Bolo de rolo,9.0,5,Pix,1.0,45.0
2025-08-06,18,Recife,Salgados,Tapioca,12.0,1,Pix,5.0,12.0
2025-08-06,19,Recife,Bebidas,Suco de caju,8.0,1,Crédito,2.0,8.0
2025-08-06,19,Recife,Bebidas,Suco de caju,8.0,2,Débito,1.0,16.0
2025-08-06,19,Caruaru,Salgados,Tapioca,12.0,5,Débito,3.0,60.0
2025-08-06,20,Olinda,Doces,Cocada,5.0,5,Dinheiro,3.0,25.0
2025-08-06,20,Garanhuns,Bebidas,Suco de caju,8.0,5,Dinheiro,1.0,40.0
2025-08-06,20,Caruaru,Doces,Bolo de rolo,9.0,4,Débito,2.0,36.0
2025-08-06,20,Recife,Pratos,Baião de dois,28.0,4,Pix,5.0,112.0
2025-08-06,21,Recife,Doces,Cocada,5.0,4,Pix,5.0,20.0
2025-08-07,7,Caruaru,Doces,Bolo de rolo,9.0,1,Débito,1.0,9.0
2025-08-07,8,Petrolina,Salgados,Coxinha,7.5,5,Débito,5.0,37.5
2025-08-07,11,Recife,Doces,Cocada,5.0,3,Débito,5.0,15.0
2025-08-07,13,Recife,Pratos,Baião de dois,28.0,4,Pix,2.0,112.0
2025-08-07,15,Olinda,Pratos,Macaxeira com charque,25.0,2,Débito,3.0,50.0
2025-08-07,16,Recife,Doces,Cocada,5.0,4,Débito,3.0,20.0
2025-08-07,17,Caruaru,Bebidas,Suco de caju,8.0,5,Crédito,2.0,40.0
2025-08-07,20,Caruaru,Bebidas,Suco de caju,8.0,2,Dinheiro,5.0,16.0
2025-08-07,21,Recife,Pratos,Cuscuz com carne de sol,22.0,3,Pix,2.0,66.0
2025-08-08,7,Olinda,Pratos,Cuscuz com carne de sol,22.0,3,Pix,2.0,66.0
2025-08-08,8,Garanhuns,Bebidas,Suco de caju,8.0,1,Pix,2.0,8.0
2025-08-08,9,Recife,Salgados,Pastel,8.0,4,Débito,4.0,32.0
2025-08-08,10,Garanhuns,Salgados,Pastel,8.0,2,Pix,5.0,16.0
2025-08-08,12,Recife,Pratos,Baião de dois,28.0,4,Dinheiro,4.0,112.0
2025-08-08,13,Garanhuns,Pratos,Macaxeira com charque,25.0,5,Débito,3.0,125.0
2025-08-08,20,Caruaru,Pratos,Cuscuz com carne de sol,22.0,4,Débito,1.0,88.0
2025-08-08,21,Olinda,Pratos,Cuscuz com carne de sol,22.0,4,Crédito,1.0,88.0
2025-08-08,21,Petrolina,Pratos,Cuscuz com carne de sol,22.0,2,Débito,2.0,44.0
2025-08-08,21,Recife,Doces,Cartola,14.0,4,Pix,2.0,56.0
2025-08-08,21,Recife,Bebidas,Suco de caju,8.0,1,Débito,3.0,8.0
2025-08-09,7,Petrolina,Salgados,Pastel,8.0,1,Débito,5.0,8.0
2025-08-09,8,Caruaru,Bebidas,Suco de caju,8.0,1,Dinheiro,2.0,8.0
2025-08-09,9,Recife,Bebidas,Café,6.0,5,Dinheiro,1.0,30.0
2025-08-09,11,Olinda,Pratos,Baião de dois,28.0,1,Débito,1.0,28.0
2025-08-09,12,Recife,Pratos,Baião de dois,28.0,4,Dinheiro,3.0,112.0
2025-08-09,12,Caruaru,Pratos,Baião de dois,28.0,3,Pix,4.0,84.0
2025-08-09,14,Recife,Doces,Cartola,14.0,4,Pix,3.0,56.0
2025-08-09,19,Caruaru,Salgados,Pastel,8.0,2,Pix,2.0,16.0
2025-08-09,19,Petrolina,Bebidas,Café,6.0,2,Pix,5.0,12.0
2025-08-09,20,Petrolina,Doces,Cartola,14.0,2,Pix,3.0,28.0
2025-08-09,20,Recife,Pratos,Cuscuz com carne de sol,22.0,4,Dinheiro,5.0,88.0
2025-08-09,20,Garanhuns,Doces,Bolo de rolo,9.0,4,Crédito,5.0,36.0
2025-08-10,8,Caruaru,Salgados,Pastel,8.0,2,Débito,5.0,16.0
2025-08-10,9,Caruaru,Pratos,Macaxeira com charque,25.0,3,Pix,3.0,75.0
2025-08-10,9,Caruaru,Pratos,Cuscuz com carne de sol,22.0,4,Pix,2.0,88.0
2025-08-10,10,Recife,Pratos,Macaxeira com charque,25.0,4,Débito,5.0,100.0
2025-08-10,11,Caruaru,Salgados,Tapioca,12.0,3,Pix,3.0,36.0
2025-08-10,11,Olinda,Salgados,Coxinha,7.5,1,Dinheiro,4.0,7.5
2025-08-10,12,Caruaru,Salgados,Coxinha,7.5,4,Pix,2.0,30.0
2025-08-10,13,Olinda,Salgados,Pastel,8.0,1,Pix,3.0,8.0
2025-08-10,13,Recife,Doces,Bolo de rolo,9.0,4,Pix,3.0,36.0
2025-08-10,14,Olinda,Pratos,Baião de dois,28.0,3,Crédito,4.0,84.0
2025-08-10,17,Petrolina,Pratos,Baião de dois,28.0,2,Dinheiro,1.0,56.0
2025-08-10,20,Caruaru,Pratos,Cuscuz com carne de sol,22.0,3,Dinheiro,2.0,66.0
2025-08-11,9,Olinda,Doces,Cocada,5.0,2,Crédito,3.0,10.0
2025-08-11,9,Petrolina,Doces,Bolo de rolo,9.0,3,Pix,3.0,27.0
2025-08-11,10,Petrolina,Salgados,Coxinha,7.5,4,Pix,5.0,30.0
2025-08-11,13,Garanhuns,Doces,Cocada,5.0,1,Pix,4.0,5.0
2025-08-11,13,Caruaru,Doces,Cocada,5.0,5,Crédito,5.0,25.0
2025-08-11,14,Olinda,Doces,Cocada,5.0,5,Pix,1.0,25.0
2025-08-11,17,Recife,Doces,Cartola,14.0,4,Débito,4.0,56.0
2025-08-11,18,Caruaru,Pratos,Cuscuz com carne de sol,22.0,3,Crédito,4.0,66.0
2025-08-11,18,Petrolina,Doces,Bolo de rolo,9.0,2,Dinheiro,3.0,18.0
2025-08-11,19,Caruaru,Pratos,Cuscuz com carne de sol,22.0,4,Débito,3.0,88.0
2025-08-11,19,Olinda,Pratos,Baião de dois,28.0,4,Débito,1.0,112.0
2025-08-11,19,Caruaru,Bebidas,Café,6.0,2,Débito,4.0,12.0
2025-08-11,20,Caruaru,Bebidas,Caldo de cana,7.0,3,Crédito,5.0,21.0
2025-08-12,7,Caruaru,Salgados,Pastel,8.0,2,Crédito,3.0,16.0
2025-08-12,7,Recife,Salgados,Tapioca,12.0,5,Pix,1.0,60.0
2025-08-12,7,Olinda,Pratos,Baião de dois,28.0,4,Débito,1.0,112.0
2025-08-12,9,Olinda,Bebidas,Caldo de cana,7.0,4,Pix,1.0,28.0
2025-08-12,10,Caruaru,Doces,Bolo de rolo,9.0,2,Débito,4.0,18.0
2025-08-12,10,Recife,Salgados,Pastel,8.0,3,Pix,4.0,24.0
2025-08-12,11,Recife,Pratos,Cuscuz com carne de sol,22.0,4,Pix,1.0,88.0
2025-08-12,12,Petrolina,Salgados,Pastel,8.0,3,Débito,1.0,24.0
2025-08-12,13,Recife,Salgados,Coxinha,7.5,5,Crédito,2.0,37.5
2025-08-12,13,Petrolina,Doces,Bolo de rolo,9.0,3,Débito,1.0,27.0
2025-08-12,13,Petrolina,Doces,Cocada,5.0,3,Pix,5.0,15.0
2025-08-12,13,Caruaru,Salgados,Tapioca,12.0,3,Pix,5.0,36.0
2025-08-12,15,Petrolina,Doces,Cartola,14.0,5,Pix,4.0,70.0
2025-08-12,15,Caruaru,Salgados,Tapioca,12.0,5,Débito,3.0,60.0
2025-08-12,15,Garanhuns,Doces,Cocada,5.0,4,Crédito,5.0,20.0
2025-08-12,16,Caruaru,Pratos,Macaxeira com charque,25.0,1,Pix,1.0,25.0
2025-08-12,16,Recife,Pratos,Baião de dois,28.0,5,Pix,1.0,140.0
2025-08-12,19,Recife,Salgados,Coxinha,7.5,3,Crédito,1.0,22.5
2025-08-12,20,Recife,Bebidas,Café,6.0,2,Débito,5.0,12.0
2025-08-13,7,Recife,Salgados,Tapioca,12.0,5,Pix,2.0,60.0
2025-08-13,8,Recife,Doces,Cartola,14.0,4,Crédito,3.0,56.0
2025-08-13,9,Recife,Salgados,Tapioca,12.0,4,Crédito,3.0,48.0
2025-08-13,10,Caruaru,Salgados,Tapioca,12.0,4,Crédito,4.0,48.0
2025-08-13,10,Petrolina,Doces,Cartola,14.0,4,Pix,2.0,56.0
2025-08-13,13,Recife,Salgados,Tapioca,12.0,5,Pix,5.0,60.0
2025-08-13,16,Recife,Bebidas,Café,6.0,2,Dinheiro,1.0,12.0
2025-08-13,16,Petrolina,Bebidas,Suco de caju,8.0,2,Débito,3.0,16.0
2025-08-13,16,Recife,Salgados,Coxinha,7.5,4,Crédito,3.0,30.0
2025-08-13,17,Recife,Doces,Cartola,14.0,3,Pix,1.0,42.0
2025-08-13,17,Recife,Salgados,Coxinha,7.5,2,Dinheiro,4.0,15.0
2025-08-13,21,Recife,Bebidas,Caldo de cana,7.0,3,Débito,4.0,21.0
2025-08-13,21,Olinda,Salgados,Tapioca,12.0,2,Pix,2.0,24.0
2025-08-14,8,Garanhuns,Pratos,Macaxeira com charque,25.0,1,Dinheiro,2.0,25.0
2025-08-14,9,Petrolina,Doces,Cocada,5.0,2,Crédito,5.0,10.0
2025-08-14,9,Recife,Doces,Cocada,5.0,3,Crédito,3.0,15.0
2025-08-14,9,Petrolina,Doces,Cartola,14.0,3,Crédito,2.0,42.0
2025-08-14,11,Olinda,Doces,Bolo de rolo,9.0,5,Pix,3.0,45.0
2025-08-14,11,Recife,Salgados,Coxinha,7.5,1,Dinheiro,1.0,7.5
2025-08-14,11,Garanhuns,Bebidas,Caldo de cana,7.0,1,Crédito,2.0,7.0
2025-08-14,11,Caruaru,Salgados,Coxinha,7.5,3,Pix,,22.5
2025-08-14,13,Recife,Pratos,Cuscuz com carne de sol,22.0,2,Pix,2.0,44.0
2025-08-14,14,Caruaru,Doces,Bolo de rolo,9.0,5,Pix,1.0,45.0
2025-08-14,14,Olinda,Doces,Cocada,5.0,4,Pix,5.0,20.0
2025-08-14,15,Caruaru,Salgados,Pastel,8.0,5,Pix,1.0,40.0
2025-08-14,15,Recife,Pratos,Macaxeira com charque,25.0,3,Débito,2.0,75.0
2025-08-14,16,Petrolina,Pratos,Macaxeira com charque,25.0,3,Pix,5.0,75.0
2025-08-14,17,Caruaru,Doces,Cartola,14.0,4,Crédito,2.0,56.0
2025-08-14,19,Recife,Salgados,Pastel,8.0,3,Crédito,5.0,24.0
2025-08-14,21,Recife,Doces,Cartola,14.0,2,Pix,1.0,28.0
2025-08-14,21,Recife,Bebidas,Café,6.0,1,Dinheiro,5.0,6.0
2025-08-14,21,Caruaru,Doces,Bolo de rolo,9.0,1,Pix,1.0,9.0
2025-08-15,7,Recife,Doces,Cocada,5.0,1,Dinheiro,1.0,5.0
2025-08-15,7,Olinda,Doces,Cartola,14.0,4,Crédito,1.0,56.0
2025-08-15,8,Recife,Doces,Bolo de rolo,9.0,3,Pix,1.0,27.0
2025-08-15,9,Garanhuns,Pratos,Cuscuz com carne de sol,22.0,5,Crédito,4.0,110.0
2025-08-15,9,Recife,Doces,Bolo de rolo,9.0,1,Débito,5.0,9.0
2025-08-15,10,Recife,Salgados,Coxinha,7.5,3,Dinheiro,5.0,22.5
2025-08-15,11,Recife,Bebidas,Caldo de cana,7.0,2,Pix,3.0,14.0
2025-08-15,12,Petrolina,Pratos,Macaxeira com charque,25.0,2,Crédito,3.0,50.0
2025-08-15,15,Recife,Bebidas,Caldo de cana,7.0,1,Crédito,3.0,7.0
2025-08-15,15,Olinda,Salgados,Pastel,8.0,5,Pix,3.0,40.0
2025-08-15,18,Caruaru,Bebidas,Café,6.0,5,Débito,5.0,30.0
2025-08-15,18,Olinda,Pratos,Macaxeira com charque,25.0,2,Crédito,4.0,50.0
2025-08-15,18,Petrolina,Bebidas,Suco de caju,8.0,4,Pix,1.0,32.0
2025-08-15,19,Recife,Pratos,Cuscuz com carne de sol,22.0,2,Crédito,4.0,44.0
2025-08-15,21,Caruaru,Salgados,Tapioca,12.0,1,Débito,1.0,12.0
2025-08-16,8,Recife,Bebidas,Caldo de cana,7.0,1,Crédito,4.0,7.0
2025-08-16,10,Petrolina,Bebidas,Suco de caju,8.0,1,Pix,2.0,8.0
2025-08-16,12,Petrolina,Doces,Cocada,5.0,4,Crédito,5.0,20.0
2025-08-16,14,Recife,Doces,Bolo de rolo,9.0,4,Dinheiro,2.0,36.0
2025-08-16,16,Garanhuns,Doces,Bolo de rolo,9.0,5,Débito,2.0,45.0
2025-08-16,17,Recife,Salgados,Tapioca,12.0,4,Débito,1.0,48.0
2025-08-16,19,Recife,Doces,Bolo de rolo,9.0,5,Pix,4.0,45.0
2025-08-16,20,Recife,Bebidas,Caldo de cana,7.0,1,Pix,2.0,7.0
2025-08-16,21,Recife,Salgados,Pastel,8.0,1,Pix,1.0,8.0
2025-08-16,21,Garanhuns,Doces,Cartola,14.0,5,Pix,2.0,70.0
2025-08-17,7,Olinda,Bebidas,Café,6.0,5,Dinheiro,2.0,30.0
2025-08-17,7,Petrolina,Pratos,Baião de dois,28.0,5,Crédito,1.0,140.0
2025-08-17,8,Recife,Pratos,Macaxeira com charque,25.0,5,Débito,3.0,125.0
2025-08-17,9,Recife,Salgados,Pastel,8.0,2,Pix,5.0,16.0
2025-08-17,9,Caruaru,Salgados,Tapioca,12.0,4,Crédito,1.0,48.0
2025-08-17,10,Caruaru,Doces,Cocada,5.0,2,Pix,1.0,10.0
2025-08-17,12,Caruaru,Salgados,Pastel,8.0,5,Débito,3.0,40.0
2025-08-17,14,Recife,Doces,Cartola,14.0,3,Pix,2.0,42.0
2025-08-17,15,Olinda,Pratos,Macaxeira com charque,25.0,1,Dinheiro,3.0,25.0
2025-08-17,16,Recife,Pratos,Baião de dois,28.0,2,Pix,1.0,56.0
2025-08-17,18,Caruaru,Pratos,Cuscuz com carne de sol,22.0,5,Dinheiro,5.0,110.0
2025-08-17,19,Recife,Bebidas,Café,6.0,4,Pix,5.0,24.0
2025-08-17,21,Garanhuns,Pratos,Macaxeira com charque,25.0,5,Crédito,2.0,125.0
2025-08-18,8,Petrolina,Doces,Cocada,5.0,5,Crédito,1.0,25.0
2025-08-18,12,Recife,Salgados,Tapioca,12.0,5,Débito,3.0,60.0
2025-08-18,16,Caruaru,Doces,Cocada,5.0,1,Dinheiro,5.0,5.0
2025-08-18,18,Recife,Doces,Cocada,5.0,5,Crédito,4.0,25.0
2025-08-18,18,Caruaru,Bebidas,Suco de caju,8.0,2,Débito,2.0,16.0
2025-08-18,18,Recife,Doces,Cocada,5.0,4,Pix,2.0,20.0
2025-08-18,19,Olinda,Doces,Cocada,5.0,2,Crédito,2.0,10.0
2025-08-18,20,Caruaru,Pratos,Cuscuz com carne de sol,22.0,5,Pix,2.0,110.0
2025-08-18,20,Recife,Salgados,Coxinha,7.5,1,Pix,5.0,7.5
2025-08-19,7,Petrolina,Doces,Cocada,5.0,1,Pix,2.0,5.0
2025-08-19,7,Caruaru,Salgados,Tapioca,12.0,2,Débito,2.0,24.0
2025-08-19,7,Recife,Doces,Cocada,5.0,5,Crédito,3.0,25.0
2025-08-19,9,Recife,Doces,Bolo de rolo,9.0,2,Pix,2.0,18.0
2025-08-19,10,Caruaru,Doces,Cocada,5.0,5,Débito,2.0,25.0
2025-08-19,10,Petrolina,Salgados,Tapioca,12.0,4,Crédito,1.0,48.0
2025-08-19,11,Recife,Salgados,Pastel,8.0,3,Débito,2.0,24.0
2025-08-19,12,Olinda,Pratos,Baião de dois,28.0,5,Pix,3.0,140.0
2025-08-19,12,Petrolina,Bebidas,Caldo de cana,7.0,5,Crédito,4.0,35.0
2025-08-19,14,Olinda,Salgados,Pastel,8.0,3,Pix,2.0,24.0
2025-08-19,20,Recife,Doces,Cartola,14.0,5,Débito,5.0,70.0
2025-08-20,7,Recife,Pratos,Baião de dois,28.0,5,Pix,1.0,140.0
2025-08-20,10,Recife,Bebidas,Café,6.0,5,Crédito,3.0,30.0
2025-08-20,10,Recife,Pratos,Cuscuz com carne de sol,22.0,5,Débito,1.0,110.0
2025-08-20,11,Recife,Pratos,Cuscuz com carne de sol,22.0,2,Crédito,1.0,44.0
2025-08-20,12,Petrolina,Salgados,Coxinha,7.5,2,Débito,1.0,15.0
2025-08-20,12,Petrolina,Pratos,Macaxeira com charque,25.0,1,Débito,3.0,25.0
2025-08-20,16,Olinda,Bebidas,Suco de caju,8.0,2,Pix,4.0,16.0
2025-08-20,20,Petrolina,Doces,Bolo de rolo,9.0,2,Pix,5.0,18.0
2025-08-20,21,Recife,Bebidas,Caldo de cana,7.0,2,Débito,5.0,14.0
2025-08-20,21,Petrolina,Salgados,Tapioca,12.0,1,Pix,3.0,12.0
2025-08-21,7,Olinda,Salgados,Tapioca,12.0,5,Débito,3.0,60.0
2025-08-21,8,Recife,Doces,Cocada,5.0,1,Pix,1.0,5.0
2025-08-21,13,Recife,Bebidas,Café,6.0,3,Pix,1.0,18.0
2025-08-21,13,Recife,Pratos,Macaxeira com charque,25.0,5,Crédito,3.0,125.0
2025-08-21,16,Recife,Salgados,Tapioca,12.0,2,Crédito,4.0,24.0
2025-08-21,16,Petrolina,Pratos,Cuscuz com carne de sol,22.0,4,Pix,1.0,88.0
2025-08-21,17,Recife,Pratos,Cuscuz com carne de sol,22.0,3,Débito,1.0,66.0
2025-08-21,19,Petrolina,Doces,Bolo de rolo,9.0,4,Crédito,1.0,36.0
2025-08-21,21,Recife,Bebidas,Caldo de cana,7.0,3,Débito,4.0,21.0
2025-08-21,21,Recife,Salgados,Pastel,8.0,4,Pix,2.0,32.0
2025-08-22,7,Garanhuns,Pratos,Cuscuz com carne de sol,22.0,2,Crédito,1.0,44.0
2025-08-22,10,Caruaru,Pratos,Macaxeira com charque,25.0,5,Pix,4.0,125.0
2025-08-22,10,Petrolina,Pratos,Baião de dois,28.0,1,Pix,1.0,28.0
2025-08-22,10,Olinda,Pratos,Macaxeira com charque,25.0,1,Pix,1.0,25.0
2025-08-22,14,Petrolina,Salgados,Coxinha,7.5,1,Pix,4.0,7.5
2025-08-22,14,Caruaru,Bebidas,Suco de caju,8.0,3,Pix,3.0,24.0
2025-08-22,15,Olinda,Pratos,Macaxeira com charque,25.0,2,Pix,3.0,50.0
2025-08-22,16,Recife,Doces,Bolo de rolo,9.0,1,Pix,1.0,9.0
2025-08-22,16,Olinda,Doces,Cartola,14.0,2,Crédito,4.0,28.0
2025-08-22,17,Olinda,Doces,Bolo de rolo,9.0,2,Débito,4.0,18.0
2025-08-22,18,Recife,Salgados,Pastel,8.0,4,Débito,3.0,32.0
2025-08-22,19,Olinda,Pratos,Macaxeira com charque,25.0,3,Pix,3.0,75.0
2025-08-22,20,Recife,Salgados,Tapioca,12.0,5,Débito,1.0,60.0
2025-08-22,20,Recife,Pratos,Baião de dois,28.0,4,Débito,2.0,112.0
2025-08-22,21,Garanhuns,Salgados,Coxinha,7.5,5,Pix,5.0,37.5
2025-08-23,8,Olinda,Doces,Bolo de rolo,9.0,2,Pix,4.0,18.0
2025-08-23,9,Recife,Doces,Bolo de rolo,9.0,4,Pix,1.0,36.0
2025-08-23,9,Garanhuns,Doces,Cocada,5.0,4,Pix,1.0,20.0
2025-08-23,10,Recife,Doces,Cartola,14.0,5,Crédito,5.0,70.0
2025-08-23,11,Olinda,Pratos,Cuscuz com carne de sol,22.0,3,Pix,3.0,66.0
2025-08-23,12,Caruaru,Pratos,Baião de dois,28.0,2,Débito,2.0,56.0
2025-08-23,13,Recife,Salgados,Tapioca,12.0,4,Pix,1.0,48.0
2025-08-23,15,Garanhuns,Pratos,Cuscuz com carne de sol,22.0,4,Crédito,5.0,88.0
2025-08-23,15,Caruaru,Doces,Cartola,14.0,5,Pix,3.0,70.0
2025-08-23,16,Petrolina,Bebidas,Café,6.0,4,Pix,3.0,24.0
2025-08-23,16,Petrolina,Bebidas,Caldo de cana,7.0,1,Crédito,3.0,7.0
2025-08-23,18,Caruaru,Doces,Cartola,14.0,1,Pix,4.0,14.0
2025-08-23,19,Recife,Salgados,Coxinha,7.5,2,Pix,1.0,15.0
2025-08-23,20,Recife,Pratos,Cuscuz com carne de sol,22.0,3,Débito,2.0,66.0
2025-08-24,7,Olinda,Bebidas,Café,6.0,1,Dinheiro,3.0,6.0
2025-08-24,9,Recife,Bebidas,Suco de caju,8.0,2,Crédito,4.0,16.0
2025-08-24,13,Petrolina,Bebidas,Caldo de cana,7.0,3,Pix,2.0,21.0
2025-08-24,14,Recife,Salgados,Coxinha,7.5,2,Débito,2.0,15.0
2025-08-24,15,Recife,Bebidas,Suco de caju,8.0,2,Crédito,2.0,16.0
2025-08-24,17,Recife,Pratos,Cuscuz com carne de sol,22.0,1,Pix,1.0,22.0
2025-08-24,17,Olinda,Pratos,Cuscuz com carne de sol,22.0,2,Pix,1.0,44.0
2025-08-24,18,Recife,Doces,Bolo de rolo,9.0,4,Pix,3.0,36.0
2025-08-24,18,Recife,Doces,Bolo de rolo,9.0,5,Pix,5.0,45.0
2025-08-24,19,Petrolina,Doces,Cartola,14.0,2,Débito,1.0,28.0
2025-08-24,21,Recife,Doces,Cartola,14.0,5,Pix,1.0,70.0
2025-08-25,7,Recife,Doces,Bolo de rolo,9.0,2,Crédito,1.0,18.0
2025-08-25,9,Caruaru,Bebidas,Caldo de cana,7.0,2,Débito,4.0,14.0
2025-08-25,10,Petrolina,Salgados,Pastel,8.0,1,Débito,1.0,8.0
2025-08-25,10,Caruaru,Doces,Bolo de rolo,9.0,1,Débito,1.0,9.0
2025-08-25,10,Recife,Doces,Cocada,5.0,1,Débito,2.0,5.0
2025-08-25,11,Petrolina,Doces,Bolo de rolo,9.0,2,Pix,1.0,18.0
2025-08-25,11,Recife,Doces,Bolo de rolo,9.0,1,Pix,1.0,9.0
2025-08-25,12,Olinda,Bebidas,Caldo de cana,7.0,1,Pix,3.0,7.0
2025-08-25,12,Recife,Salgados,Tapioca,12.0,3,Pix,4.0,36.0
2025-08-25,13,Recife,Pratos,Cuscuz com carne de sol,22.0,2,Pix,3.0,44.0
2025-08-25,13,Petrolina,Doces,Cocada,5.0,3,Pix,4.0,15.0
2025-08-25,14,Garanhuns,Doces,Bolo de rolo,9.0,4,Pix,3.0,36.0
2025-08-25,15,Petrolina,Salgados,Coxinha,7.5,2,Crédito,2.0,15.0
2025-08-25,15,Recife,Pratos,Macaxeira com charque,25.0,1,Crédito,1.0,25.0
2025-08-25,16,Recife,Doces,Bolo de rolo,9.0,5,Pix,5.0,45.0
2025-08-25,16,Garanhuns,Pratos,Cuscuz com carne de sol,22.0,5,Débito,4.0,110.0
2025-08-25,16,Caruaru,Doces,Bolo de rolo,9.0,5,Pix,5.0,45.0
2025-08-25,17,Recife,Pratos,Baião de dois,28.0,5,Crédito,5.0,140.0
2025-08-25,17,Recife,Pratos,Cuscuz com carne de sol,22.0,2,Dinheiro,1.0,44.0
2025-08-25,18,Recife,Pratos,Baião de dois,28.0,2,Crédito,4.0,56.0
2025-08-25,19,Caruaru,Bebidas,Suco de caju,8.0,1,Crédito,3.0,8.0
2025-08-25,20,Caruaru,Salgados,Tapioca,12.0,1,Débito,5.0,12.0
2025-08-26,7,Olinda,Salgados,Tapioca,12.0,2,Débito,5.0,24.0
2025-08-26,7,Recife,Pratos,Macaxeira com charque,25.0,5,Débito,4.0,125.0
2025-08-26,7,Petrolina,Pratos,Macaxeira com charque,25.0,2,Pix,4.0,50.0
2025-08-26,11,Recife,Salgados,Pastel,8.0,3,Pix,3.0,24.0
2025-08-26,12,Petrolina,Bebidas,Caldo de cana,7.0,4,Débito,1.0,28.0
2025-08-26,12,Caruaru,Salgados,Tapioca,12.0,5,Crédito,1.0,60.0
2025-08-26,15,Petrolina,Bebidas,Caldo de cana,7.0,5,Pix,5.0,35.0
2025-08-26,16,Garanhuns,Bebidas,Café,6.0,3,Pix,2.0,18.0
2025-08-26,16,Recife,Doces,Bolo de rolo,9.0,4,Crédito,4.0,36.0
2025-08-26,17,Caruaru,Bebidas,Suco de caju,8.0,5,Crédito,3.0,40.0
2025-08-26,18,Petrolina,Pratos,Baião de dois,28.0,2,Pix,4.0,56.0
2025-08-26,20,Recife,Doces,Cartola,14.0,4,Pix,1.0,56.0
2025-08-27,7,Caruaru,Pratos,Baião de dois,28.0,3,Pix,1.0,84.0
2025-08-27,7,Petrolina,Salgados,Coxinha,7.5,2,Dinheiro,5.0,15.0
2025-08-27,7,Garanhuns,Bebidas,Caldo de cana,7.0,4,Pix,4.0,28.0
2025-08-27,7,Petrolina,Bebidas,Café,6.0,5,Pix,5.0,30.0
2025-08-27,8,Olinda,Pratos,Cuscuz com carne de sol,22.0,1,Débito,5.0,22.0
2025-08-27,10,Garanhuns,Salgados,Tapioca,12.0,4,Pix,5.0,48.0
2025-08-27,10,Olinda,Salgados,Coxinha,7.5,3,Dinheiro,5.0,22.5
2025-08-27,10,Garanhuns,Bebidas,Café,6.0,5,Pix,1.0,30.0
2025-08-27,10,Olinda,Salgados,Pastel,8.0,3,Crédito,5.0,24.0
2025-08-27,12,Petrolina,Salgados,Tapioca,12.0,4,Crédito,3.0,48.0
2025-08-27,12,Caruaru,Salgados,Tapioca,12.0,4,Dinheiro,3.0,48.0
2025-08-27,13,Caruaru,Pratos,Baião de dois,28.0,4,Débito,2.0,112.0
2025-08-27,13,Petrolina,Pratos,Baião de dois,28.0,4,Pix,2.0,112.0
2025-08-27,16,Recife,Bebidas,Suco de caju,8.0,5,Crédito,4.0,40.0
2025-08-27,18,Recife,Salgados,Pastel,8.0,4,Crédito,4.0,32.0
2025-08-27,19,Garanhuns,Pratos,Baião de dois,28.0,1,Crédito,5.0,28.0
2025-08-27,20,Recife,Salgados,Tapioca,12.0,4,Pix,5.0,48.0
2025-08-27,20,Petrolina,Bebidas,Caldo de cana,7.0,3,Débito,3.0,21.0
2025-08-28,7,Caruaru,Bebidas,Caldo de cana,7.0,3,Débito,4.0,21.0
2025-08-28,8,Garanhuns,Bebidas,Suco de caju,8.0,5,Pix,1.0,40.0
2025-08-28,11,Garanhuns,Bebidas,Café,6.0,5,Pix,3.0,30.0
2025-08-28,11,Caruaru,Pratos,Cuscuz com carne de sol,22.0,1,Pix,5.0,22.0
2025-08-28,12,Recife,Pratos,Cuscuz com carne de sol,22.0,1,Pix,4.0,22.0
2025-08-28,13,Olinda,Bebidas,Caldo de cana,7.0,4,Pix,2.0,28.0
2025-08-28,14,Recife,Pratos,Baião de dois,28.0,3,Pix,5.0,84.0
2025-08-28,14,Olinda,Doces,Bolo de rolo,9.0,5,Crédito,1.0,45.0
2025-08-28,15,Recife,Bebidas,Café,6.0,4,Pix,5.0,24.0
2025-08-28,16,Caruaru,Salgados,Tapioca,12.0,5,Pix,3.0,60.0
2025-08-28,16,Olinda,Pratos,Macaxeira com charque,25.0,1,Débito,2.0,25.0
2025-08-28,17,Garanhuns,Pratos,Cuscuz com carne de sol,22.0,2,Pix,1.0,44.0
2025-08-28,17,Recife,Doces,Bolo de rolo,9.0,3,Pix,1.0,27.0
2025-08-28,18,Olinda,Doces,Bolo de rolo,9.0,5,Crédito,3.0,45.0
2025-08-28,18,Caruaru,Doces,Cartola,14.0,1,Pix,5.0,14.0
2025-08-28,19,Recife,Salgados,Coxinha,7.5,5,Dinheiro,2.0,37.5
2025-08-28,20,Garanhuns,Pratos,Cuscuz com carne de sol,22.0,5,Crédito,2.0,110.0
2025-08-28,21,Petrolina,Salgados,Tapioca,12.0,5,Crédito,5.0,60.0
2025-08-29,8,Garanhuns,Salgados,Tapioca,12.0,1,Pix,5.0,12.0
2025-08-29,8,Caruaru,Bebidas,Suco de caju,8.0,2,Pix,2.0,16.0
2025-08-29,8,Recife,Pratos,Macaxeira com charque,25.0,5,Débito,2.0,125.0
2025-08-29,9,Caruaru,Pratos,Baião de dois,28.0,2,Crédito,2.0,56.0
2025-08-29,10,Caruaru,Bebidas,Suco de caju,8.0,4,Débito,2.0,32.0
2025-08-29,11,Caruaru,Bebidas,Suco de caju,8.0,2,Pix,1.0,16.0
2025-08-29,11,Recife,Pratos,Cuscuz com carne de sol,22.0,1,Débito,4.0,22.0
2025-08-29,11,Recife,Pratos,Cuscuz com carne de sol,22.0,1,Pix,1.0,22.0
2025-08-29,12,Recife,Salgados,Pastel,8.0,5,Débito,1.0,40.0
2025-08-29,13,Recife,Salgados,Coxinha,7.5,4,Pix,3.0,30.0
2025-08-29,13,Petrolina,Doces,Cartola,14.0,5,Crédito,3.0,70.0
2025-08-29,13,Recife,Pratos,Baião de dois,28.0,3,Crédito,4.0,84.0
2025-08-29,14,Recife,Bebidas,Suco de caju,8.0,5,Dinheiro,1.0,40.0
2025-08-29,15,Recife,Bebidas,Suco de caju,8.0,1,Pix,2.0,8.0
2025-08-29,17,Petrolina,Doces,Cocada,5.0,5,Pix,1.0,25.0
2025-08-29,18,Caruaru,Doces,Cartola,14.0,5,Pix,3.0,70.0
2025-08-29,19,Olinda,Salgados,Coxinha,7.5,4,Pix,1.0,30.0
2025-08-29,21,Recife,Pratos,Cuscuz com carne de sol,22.0,5,Dinheiro,1.0,110.0
2025-08-30,7,Caruaru,Salgados,Tapioca,12.0,2,Pix,5.0,24.0
2025-08-30,7,Garanhuns,Salgados,Tapioca,12.0,4,Pix,5.0,48.0
2025-08-30,7,Petrolina,Pratos,Macaxeira com charque,25.0,2,Crédito,1.0,50.0
2025-08-30,9,Caruaru,Doces,Cartola,14.0,1,Débito,4.0,14.0
2025-08-30,9,Garanhuns,Bebidas,Suco de caju,8.0,1,Débito,1.0,8.0
2025-08-30,10,Recife,Doces,Bolo de rolo,9.0,2,Pix,2.0,18.0
2025-08-30,12,Petrolina,Pratos,Macaxeira com charque,25.0,2,Pix,1.0,50.0
2025-08-30,12,Petrolina,Doces,Bolo de rolo,9.0,2,Pix,4.0,18.0
2025-08-30,15,Caruaru,Pratos,Cuscuz com carne de sol,22.0,1,Débito,1.0,22.0
2025-08-30,16,Olinda,Pratos,Macaxeira com charque,25.0,3,Pix,1.0,75.0
2025-08-30,18,Garanhuns,Pratos,Baião de dois,28.0,4,Débito,2.0,112.0
2025-08-30,19,Caruaru,Pratos,Cuscuz com carne de sol,22.0,5,Pix,2.0,110.0
2025-08-30,19,Caruaru,Pratos,Macaxeira com charque,25.0,3,Débito,3.0,75.0
2025-08-30,20,Garanhuns,Pratos,Baião de dois,28.0,2,Crédito,3.0,56.0
2025-08-30,21,Caruaru,Doces,Cocada,5.0,1,Pix,1.0,5.0
2025-08-31,11,Olinda,Bebidas,Café,6.0,2,Dinheiro,4.0,12.0
2025-08-31,12,Caruaru,Bebidas,Café,6.0,1,Pix,2.0,6.0
2025-08-31,12,Recife,Salgados,Pastel,8.0,2,Crédito,4.0,16.0
2025-08-31,13,Garanhuns,Bebidas,Suco de caju,8.0,1,Débito,3.0,8.0
2025-08-31,16,Garanhuns,Pratos,Baião de dois,28.0,5,Dinheiro,4.0,140.0
2025-08-31,17,Olinda,Doces,Bolo de rolo,9.0,4,Pix,4.0,36.0
2025-08-31,19,Recife,Pratos,Cuscuz com carne de sol,22.0,3,Pix,3.0,66.0
2025-08-31,20,Petrolina,Salgados,Tapioca,12.0,1,Pix,1.0,12.0
2025-08-31,20,Recife,Pratos,Cuscuz com carne de sol,22.0,5,Crédito,4.0,110.0
2025-08-31,21,Garanhuns,Salgados,Coxinha,7.5,2,Pix,4.0,15.0
2025-09-01,7,Recife,Salgados,Tapioca,12.0,1,Débito,5.0,12.0
2025-09-01,8,Garanhuns,Pratos,Macaxeira com charque,25.0,2,Dinheiro,3.0,50.0
2025-09-01,10,Recife,Doces,Bolo de rolo,9.0,1,Pix,1.0,9.0
2025-09-01,11,Caruaru,Doces,Cocada,5.0,5,Débito,5.0,25.0
2025-09-01,12,Petrolina,Bebidas,Café,6.0,1,Crédito,1.0,6.0
2025-09-01,13,Garanhuns,Salgados,Coxinha,7.5,5,Crédito,1.0,37.5
2025-09-01,14,Petrolina,Bebidas,Suco de caju,8.0,2,Débito,4.0,16.0
2025-09-01,17,Recife,Bebidas,Café,6.0,5,Dinheiro,2.0,30.0
2025-09-01,17,Petrolina,Doces,Cartola,14.0,1,Crédito,5.0,14.0
2025-09-01,17,Recife,Doces,Cartola,14.0,1,Débito,3.0,14.0
2025-09-01,19,Olinda,Doces,Cartola,14.0,2,Crédito,1.0,28.0
2025-09-01,20,Olinda,Doces,Bolo de rolo,9.0,2,Débito,1.0,18.0
2025-09-02,8,Olinda,Salgados,Tapioca,12.0,5,Crédito,3.0,60.0
2025-09-02,10,Petrolina,Salgados,Tapioca,12.0,5,Pix,4.0,60.0
2025-09-02,11,Recife,Salgados,Tapioca,12.0,3,Pix,4.0,36.0
2025-09-02,14,Recife,Bebidas,Caldo de cana,7.0,1,Pix,3.0,7.0
2025-09-02,16,Garanhuns,Bebidas,Caldo de cana,7.0,4,Crédito,3.0,28.0
2025-09-02,17,Olinda,Salgados,Coxinha,7.5,5,Débito,1.0,37.5
2025-09-02,21,Recife,Pratos,Cuscuz com carne de sol,22.0,4,Pix,5.0,88.0
2025-09-03,7,Petrolina,Bebidas,Caldo de cana,7.0,2,Débito,2.0,14.0
2025-09-03,7,Olinda,Doces,Cocada,5.0,2,Crédito,3.0,10.0
2025-09-03,8,Caruaru,Salgados,Tapioca,12.0,2,Crédito,2.0,24.0
2025-09-03,8,Olinda,Bebidas,Café,6.0,3,Dinheiro,1.0,18.0
2025-09-03,9,Caruaru,Pratos,Baião de dois,28.0,5,Débito,5.0,140.0
2025-09-03,11,Recife,Bebidas,Caldo de cana,7.0,2,Débito,5.0,14.0
2025-09-03,12,Caruaru,Pratos,Baião de dois,28.0,4,Pix,3.0,112.0
2025-09-03,14,Recife,Bebidas,Suco de caju,8.0,2,Pix,3.0,16.0
2025-09-03,14,Recife,Salgados,Tapioca,12.0,1,Crédito,3.0,12.0
2025-09-03,16,Olinda,Salgados,Coxinha,7.5,1,Pix,4.0,7.5
2025-09-03,16,Caruaru,Doces,Cocada,5.0,4,Crédito,3.0,20.0
2025-09-03,17,Garanhuns,Salgados,Coxinha,7.5,3,Pix,1.0,22.5
2025-09-03,17,Recife,Salgados,Pastel,8.0,1,Crédito,2.0,8.0
2025-09-03,17,Caruaru,Bebidas,Caldo de cana,7.0,3,Pix,4.0,21.0
2025-09-03,19,Recife,Salgados,Pastel,8.0,5,Pix,5.0,40.0
2025-09-03,20,Caruaru,Doces,Bolo de rolo,9.0,1,Pix,1.0,9.0
2025-09-03,20,Recife,Pratos,Baião de dois,28.0,5,Débito,4.0,140.0
2025-09-03,21,Garanhuns,Pratos,Cuscuz com carne de sol,22.0,1,Débito,3.0,22.0
2025-09-04,7,Recife,Bebidas,Café,6.0,2,Pix,2.0,12.0
2025-09-04,7,Recife,Salgados,Pastel,8.0,2,Pix,4.0,16.0
2025-09-04,8,Petrolina,Pratos,Macaxeira com charque,25.0,1,Pix,2.0,25.0
2025-09-04,9,Caruaru,Pratos,Baião de dois,28.0,5,Crédito,5.0,140.0
2025-09-04,9,Recife,Bebidas,Café,6.0,5,Pix,1.0,30.0
2025-09-04,11,Recife,Bebidas,Suco de caju,8.0,5,Débito,3.0,40.0
2025-09-04,11,Recife,Doces,Cartola,14.0,1,Débito,3.0,14.0
2025-09-04,11,Recife,Bebidas,Café,6.0,5,Crédito,4.0,30.0
2025-09-04,13,Petrolina,Bebidas,Café,6.0,2,Crédito,1.0,12.0
2025-09-04,13,Olinda,Pratos,Baião de dois,28.0,5,Crédito,2.0,140.0
2025-09-04,14,Petrolina,Doces,Cartola,14.0,3,Crédito,4.0,42.0
2025-09-04,15,Recife,Pratos,Cuscuz com carne de sol,22.0,4,Crédito,4.0,88.0
2025-09-04,17,Recife,Bebidas,Caldo de cana,7.0,2,Crédito,1.0,14.0
2025-09-04,18,Recife,Pratos,Baião de dois,28.0,4,Pix,4.0,112.0
2025-09-04,19,Caruaru,Pratos,Macaxeira com charque,25.0,4,Crédito,5.0,100.0
2025-09-04,19,Petrolina,Bebidas,Suco de caju,8.0,1,Pix,3.0,8.0
2025-09-04,20,Petrolina,Bebidas,Suco de caju,8.0,2,Pix,4.0,16.0
2025-09-04,20,Caruaru,Bebidas,Suco de caju,8.0,3,Pix,2.0,24.0
2025-09-04,21,Olinda,Doces,Bolo de rolo,9.0,3,Débito,1.0,27.0
2025-09-05,7,Recife,Doces,Cocada,5.0,5,Pix,3.0,25.0
2025-09-05,8,Caruaru,Bebidas,Caldo de cana,7.0,3,Pix,2.0,21.0
2025-09-05,9,Recife,Salgados,Tapioca,12.0,2,Débito,1.0,24.0
2025-09-05,9,Recife,Doces,Cartola,14.0,2,Pix,2.0,28.0
2025-09-05,10,Recife,Doces,Bolo de rolo,9.0,4,Pix,4.0,36.0
2025-09-05,14,Garanhuns,Doces,Cartola,14.0,1,Pix,3.0,14.0
2025-09-05,14,Recife,Salgados,Tapioca,12.0,1,Pix,4.0,12.0
2025-09-05,15,Garanhuns,Salgados,Pastel,8.0,3,Pix,1.0,24.0
2025-09-05,15,Olinda,Bebidas,Caldo de cana,7.0,3,Crédito,1.0,21.0
2025-09-05,15,Petrolina,Doces,Cartola,14.0,3,Pix,2.0,42.0
2025-09-05,16,Recife,Salgados,Tapioca,12.0,2,Pix,5.0,24.0
2025-09-05,16,Garanhuns,Bebidas,Caldo de cana,7.0,4,Crédito,3.0,28.0
2025-09-05,16,Olinda,Pratos,Baião de dois,28.0,1,Crédito,5.0,28.0
2025-09-05,17,Caruaru,Pratos,Macaxeira com charque,25.0,3,Pix,,75.0
2025-09-05,18,Caruaru,Salgados,Pastel,8.0,4,Crédito,4.0,32.0
2025-09-05,18,Caruaru,Salgados,Pastel,8.0,5,Crédito,2.0,40.0
2025-09-05,19,Olinda,Salgados,Pastel,8.0,4,Débito,4.0,32.0
2025-09-05,20,Recife,Bebidas,Suco de caju,8.0,3,Dinheiro,1.0,24.0
2025-09-05,20,Garanhuns,Salgados,Coxinha,7.5,5,Débito,1.0,37.5
2025-09-06,8,Recife,Pratos,Cuscuz com carne de sol,22.0,5,Pix,1.0,110.0
2025-09-06,9,Recife,Salgados,Coxinha,7.5,4,Pix,3.0,30.0
2025-09-06,10,Caruaru,Pratos,Cuscuz com carne de sol,22.0,3,Pix,5.0,66.0
2025-09-06,10,Petrolina,Bebidas,Caldo de cana,7.0,4,Dinheiro,1.0,28.0
2025-09-06,10,Olinda,Salgados,Pastel,8.0,5,Crédito,2.0,40.0
2025-09-06,11,Garanhuns,Bebidas,Café,6.0,2,Pix,5.0,12.0
2025-09-06,12,Recife,Bebidas,Suco de caju,8.0,4,Pix,4.0,32.0
2025-09-06,13,Petrolina,Pratos,Macaxeira com charque,25.0,2,Crédito,3.0,50.0
2025-09-06,13,Garanhuns,Doces,Cartola,14.0,1,Pix,4.0,14.0
2025-09-06,13,Recife,Doces,Cartola,14.0,2,Pix,1.0,28.0
2025-09-06,13,Caruaru,Pratos,Macaxeira com charque,25.0,2,Pix,2.0,50.0
2025-09-06,15,Recife,Salgados,Pastel,8.0,5,Débito,5.0,40.0
2025-09-06,15,Olinda,Salgados,Pastel,8.0,4,Pix,5.0,32.0
2025-09-06,18,Caruaru,Pratos,Baião de dois,28.0,4,Pix,4.0,112.0
2025-09-06,18,Olinda,Doces,Cocada,5.0,2,Crédito,3.0,10.0
2025-09-06,18,Petrolina,Salgados,Pastel,8.0,5,Crédito,1.0,40.0
2025-09-06,19,Caruaru,Doces,Cocada,5.0,5,Pix,2.0,25.0
2025-09-06,21,Garanhuns,Doces,Cartola,14.0,3,Crédito,5.0,42.0
2025-09-07,7,Recife,Pratos,Baião de dois,28.0,5,Débito,4.0,140.0
2025-09-07,8,Recife,Pratos,Macaxeira com charque,25.0,3,Dinheiro,1.0,75.0
2025-09-07,9,Petrolina,Doces,Cocada,5.0,3,Pix,3.0,15.0
2025-09-07,9,Olinda,Salgados,Coxinha,7.5,3,Pix,5.0,22.5
2025-09-07,10,Garanhuns,Bebidas,Café,6.0,1,Crédito,2.0,6.0
2025-09-07,12,Olinda,Bebidas,Suco de caju,8.0,2,Pix,1.0,16.0
2025-09-07,12,Recife,Pratos,Cuscuz com carne de sol,22.0,5,Pix,3.0,110.0
2025-09-07,13,Garanhuns,Pratos,Cuscuz com carne de sol,22.0,1,Pix,3.0,22.0
2025-09-07,13,Petrolina,Salgados,Coxinha,7.5,4,Crédito,3.0,30.0
2025-09-07,15,Caruaru,Salgados,Coxinha,7.5,3,Pix,2.0,22.5
2025-09-07,16,Olinda,Salgados,Tapioca,12.0,1,Débito,5.0,12.0
2025-09-07,16,Olinda,Bebidas,Caldo de cana,7.0,5,Débito,3.0,35.0
2025-09-07,19,Petrolina,Salgados,Tapioca,12.0,4,Débito,4.0,48.0
2025-09-07,20,Petrolina,Bebidas,Caldo de cana,7.0,5,Pix,3.0,35.0
2025-09-07,20,Caruaru,Bebidas,Suco de caju,8.0,1,Pix,5.0,8.0
2025-09-07,20,Recife,Pratos,Cuscuz com carne de sol,22.0,3,Débito,3.0,66.0
2025-09-07,21,Recife,Bebidas,Caldo de cana,7.0,4,Pix,4.0,28.0
2025-09-08,7,Petrolina,Salgados,Pastel,8.0,3,Dinheiro,2.0,24.0
2025-09-08,7,Recife,Bebidas,Caldo de cana,7.0,5,Dinheiro,3.0,35.0
2025-09-08,8,Caruaru,Pratos,Cuscuz com carne de sol,22.0,5,Pix,3.0,110.0
2025-09-08,9,Garanhuns,Bebidas,Café,6.0,1,Crédito,2.0,6.0
2025-09-08,11,Garanhuns,Bebidas,Suco de caju,8.0,4,Pix,4.0,32.0
2025-09-08,11,Olinda,Bebidas,Café,6.0,1,Pix,5.0,6.0
2025-09-08,13,Recife,Bebidas,Caldo de cana,7.0,5,Pix,3.0,35.0
2025-09-08,14,Caruaru,Doces,Cocada,5.0,2,Pix,4.0,10.0
2025-09-08,14,Caruaru,Bebidas,Suco de caju,8.0,4,Crédito,3.0,32.0
2025-09-08,15,Recife,Salgados,Tapioca,12.0,4,Pix,1.0,48.0
2025-09-08,18,Olinda,Bebidas,Café,6.0,4,Débito,5.0,24.0
2025-09-08,20,Recife,Salgados,Coxinha,7.5,4,Pix,1.0,30.0
2025-09-09,7,Recife,Doces,Bolo de rolo,9.0,3,Pix,4.0,27.0
2025-09-09,7,Caruaru,Pratos,Cuscuz com carne de sol,22.0,5,Dinheiro,1.0,110.0
2025-09-09,9,Caruaru,Salgados,Pastel,8.0,1,Pix,5.0,8.0
2025-09-09,9,Caruaru,Pratos,Cuscuz com carne de sol,22.0,3,Crédito,3.0,66.0
2025-09-09,9,Olinda,Doces,Cartola,14.0,3,Pix,2.0,42.0
2025-09-09,10,Caruaru,Pratos,Cuscuz com carne de sol,22.0,3,Pix,2.0,66.0
2025-09-09,10,Recife,Pratos,Cuscuz com carne de sol,22.0,3,Pix,1.0,66.0
2025-09-09,14,Recife,Doces,Cartola,14.0,3,Pix,2.0,42.0
2025-09-09,15,Recife,Pratos,Cuscuz com carne de sol,22.0,5,Pix,4.0,110.0
2025-09-09,15,Garanhuns,Pratos,Baião de dois,28.0,4,Pix,1.0,112.0
2025-09-09,17,Garanhuns,Pratos,Baião de dois,28.0,2,Débito,3.0,56.0
2025-09-09,19,Caruaru,Salgados,Pastel,8.0,5,Crédito,2.0,40.0
2025-09-09,21,Recife,Doces,Cocada,5.0,4,Pix,3.0,20.0
2025-09-10,7,Petrolina,Salgados,Coxinha,7.5,2,Crédito,4.0,15.0
2025-09-10,8,Caruaru,Salgados,Pastel,8.0,2,Dinheiro,2.0,16.0
2025-09-10,8,Garanhuns,Bebidas,Suco de caju,8.0,4,Pix,5.0,32.0
2025-09-10,9,Petrolina,Bebidas,Café,6.0,5,Crédito,1.0,30.0
2025-09-10,9,Caruaru,Salgados,Tapioca,12.0,1,Crédito,2.0,12.0
2025-09-10,10,Recife,Pratos,Macaxeira com charque,25.0,2,Crédito,5.0,50.0
2025-09-10,11,Petrolina,Pratos,Cuscuz com carne de sol,22.0,3,Pix,1.0,66.0
2025-09-10,12,Caruaru,Doces,Bolo de rolo,9.0,3,Pix,,27.0
2025-09-10,12,Petrolina,Pratos,Macaxeira com charque,25.0,4,Crédito,5.0,100.0
2025-09-10,14,Garanhuns,Bebidas,Caldo de cana,7.0,4,Pix,4.0,28.0
2025-09-10,14,Caruaru,Doces,Cartola,14.0,3,Pix,4.0,42.0
2025-09-10,16,Garanhuns,Salgados,Pastel,8.0,2,Pix,5.0,16.0
2025-09-10,17,Caruaru,Doces,Cocada,5.0,4,Crédito,5.0,20.0
2025-09-10,19,Recife,Doces,Cartola,14.0,3,Crédito,4.0,42.0
2025-09-11,7,Recife,Bebidas,Suco de caju,8.0,5,Pix,2.0,40.0
2025-09-11,8,Olinda,Bebidas,Café,6.0,5,Pix,4.0,30.0
2025-09-11,9,Olinda,Salgados,Pastel,8.0,4,Dinheiro,4.0,32.0
2025-09-11,12,Olinda,Bebidas,Caldo de cana,7.0,1,Crédito,3.0,7.0
2025-09-11,13,Caruaru,Doces,Cocada,5.0,1,Débito,4.0,5.0
2025-09-11,14,Recife,Bebidas,Café,6.0,4,Pix,4.0,24.0
2025-09-11,15,Recife,Pratos,Macaxeira com charque,25.0,3,Pix,2.0,75.0
2025-09-11,15,Caruaru,Salgados,Coxinha,7.5,5,Crédito,3.0,37.5
2025-09-11,17,Olinda,Bebidas,Caldo de cana,7.0,5,Pix,2.0,35.0
2025-09-11,18,Olinda,Bebidas,Café,6.0,1,Débito,2.0,6.0
2025-09-11,19,Olinda,Doces,Bolo de rolo,9.0,3,Crédito,2.0,27.0
2025-09-11,19,Garanhuns,Pratos,Baião de dois,28.0,3,Crédito,2.0,84.0
2025-09-11,20,Petrolina,Pratos,Macaxeira com charque,25.0,2,Pix,1.0,50.0
2025-09-12,11,Caruaru,Salgados,Coxinha,7.5,2,Dinheiro,2.0,15.0
2025-09-12,11,Petrolina,Salgados,Pastel,8.0,2,Débito,3.0,16.0
2025-09-12,11,Petrolina,Pratos,Cuscuz com carne de sol,22.0,5,Pix,3.0,110.0
2025-09-12,13,Recife,Bebidas,Suco de caju,8.0,2,Pix,3.0,16.0
2025-09-12,14,Recife,Salgados,Coxinha,7.5,3,Pix,2.0,22.5
2025-09-12,16,Recife,Pratos,Cuscuz com carne de sol,22.0,3,Dinheiro,1.0,66.0
2025-09-12,20,Olinda,Bebidas,Suco de caju,8.0,1,Pix,5.0,8.0
2025-09-12,20,Petrolina,Doces,Bolo de rolo,9.0,4,Pix,3.0,36.0
2025-09-13,9,Petrolina,Pratos,Macaxeira com charque,25.0,4,Crédito,3.0,100.0
2025-09-13,9,Caruaru,Pratos,Cuscuz com carne de sol,22.0,4,Pix,4.0,88.0
2025-09-13,11,Caruaru,Doces,Cartola,14.0,5,Dinheiro,1.0,70.0
2025-09-13,12,Garanhuns,Doces,Cartola,14.0,2,Pix,4.0,28.0
2025-09-13,14,Recife,Bebidas,Suco de caju,8.0,4,Débito,3.0,32.0
2025-09-13,15,Recife,Doces,Cocada,5.0,2,Crédito,3.0,10.0
2025-09-13,15,Recife,Pratos,Macaxeira com charque,25.0,5,Pix,2.0,125.0
2025-09-13,15,Petrolina,Bebidas,Suco de caju,8.0,5,Pix,2.0,40.0
2025-09-13,15,Recife,Doces,Cocada,5.0,3,Pix,3.0,15.0
2025-09-13,15,Petrolina,Salgados,Pastel,8.0,1,Crédito,1.0,8.0
2025-09-13,17,Recife,Bebidas,Suco de caju,8.0,2,Crédito,2.0,16.0
2025-09-13,17,Recife,Salgados,Tapioca,12.0,3,Débito,3.0,36.0
2025-09-13,19,Caruaru,Salgados,Coxinha,7.5,2,Pix,5.0,15.0
2025-09-14,7,Recife,Bebidas,Café,6.0,5,Crédito,5.0,30.0
2025-09-14,9,Olinda,Doces,Bolo de rolo,9.0,3,Débito,4.0,27.0
2025-09-14,10,Recife,Pratos,Macaxeira com charque,25.0,3,Pix,3.0,75.0
2025-09-14,12,Caruaru,Doces,Cartola,14.0,2,Pix,5.0,28.0
2025-09-14,12,Caruaru,Salgados,Pastel,8.0,1,Crédito,2.0,8.0
2025-09-14,13,Recife,Bebidas,Café,6.0,2,Pix,4.0,12.0
2025-09-14,15,Petrolina,Salgados,Coxinha,7.5,5,Pix,3.0,37.5
2025-09-14,15,Garanhuns,Bebidas,Caldo de cana,7.0,5,Pix,2.0,35.0
2025-09-14,18,Olinda,Doces,Bolo de rolo,9.0,3,Crédito,2.0,27.0
2025-09-14,18,Caruaru,Bebidas,Café,6.0,1,Pix,4.0,6.0
2025-09-14,20,Petrolina,Salgados,Pastel,8.0,1,Pix,5.0,8.0
2025-09-14,20,Petrolina,Bebidas,Café,6.0,5,Pix,1.0,30.0
2025-09-14,21,Recife,Pratos,Macaxeira com charque,25.0,5,Pix,5.0,125.0
2025-09-15,7,Caruaru,Pratos,Macaxeira com charque,25.0,4,Dinheiro,3.0,100.0
2025-09-15,9,Garanhuns,Salgados,Pastel,8.0,4,Pix,2.0,32.0
2025-09-15,10,Olinda,Bebidas,Café,6.0,4,Crédito,4.0,24.0
2025-09-15,10,Olinda,Bebidas,Caldo de cana,7.0,3,Pix,1.0,21.0
2025-09-15,10,Petrolina,Bebidas,Café,6.0,2,Pix,2.0,12.0
2025-09-15,11,Caruaru,Doces,Cartola,14.0,3,Pix,1.0,42.0
2025-09-15,11,Petrolina,Doces,Cartola,14.0,2,Crédito,3.0,28.0
2025-09-15,13,Garanhuns,Bebidas,Café,6.0,2,Débito,5.0,12.0
2025-09-15,13,Recife,Doces,Bolo de rolo,9.0,1,Dinheiro,5.0,9.0
2025-09-15,14,Recife,Doces,Cocada,5.0,3,Crédito,1.0,15.0
2025-09-15,15,Recife,Pratos,Cuscuz com carne de sol,22.0,1,Débito,4.0,22.0
2025-09-15,17,Garanhuns,Salgados,Pastel,8.0,2,Dinheiro,5.0,16.0
2025-09-15,18,Garanhuns,Bebidas,Caldo de cana,7.0,4,Pix,3.0,28.0
2025-09-15,19,Olinda,Salgados,Pastel,8.0,5,Dinheiro,2.0,40.0
2025-09-15,20,Recife,Pratos,Cuscuz com carne de sol,22.0,4,Crédito,4.0,88.0
2025-09-15,21,Caruaru,Salgados,Tapioca,12.0,3,Pix,4.0,36.0
2025-09-16,7,Caruaru,Doces,Cocada,5.0,3,Débito,4.0,15.0
2025-09-16,9,Olinda,Bebidas,Café,6.0,2,Pix,4.0,12.0
2025-09-16,11,Garanhuns,Salgados,Coxinha,7.5,3,Crédito,2.0,22.5
2025-09-16,11,Caruaru,Pratos,Baião de dois,28.0,2,Pix,5.0,56.0
2025-09-16,12,Petrolina,Pratos,Baião de dois,28.0,4,Crédito,5.0,112.0
2025-09-16,12,Caruaru,Pratos,Baião de dois,28.0,2,Crédito,3.0,56.0
2025-09-16,13,Caruaru,Doces,Bolo de rolo,9.0,2,Débito,3.0,18.0
2025-09-16,16,Recife,Bebidas,Suco de caju,8.0,4,Crédito,2.0,32.0
2025-09-16,17,Petrolina,Salgados,Coxinha,7.5,4,Pix,4.0,30.0
2025-09-16,17,Caruaru,Doces,Cartola,14.0,2,Débito,5.0,28.0
2025-09-16,18,Olinda,Bebidas,Caldo de cana,7.0,2,Débito,5.0,14.0
2025-09-16,21,Recife,Bebidas,Caldo de cana,7.0,1,Débito,2.0,7.0
2025-09-17,8,Caruaru,Doces,Bolo de rolo,9.0,1,Pix,4.0,9.0
2025-09-17,9,Petrolina,Salgados,Coxinha,7.5,4,Pix,3.0,30.0
2025-09-17,11,Garanhuns,Pratos,Macaxeira com charque,25.0,1,Pix,2.0,25.0
2025-09-17,11,Olinda,Doces,Cartola,14.0,4,Dinheiro,5.0,56.0
2025-09-17,12,Caruaru,Pratos,Macaxeira com charque,25.0,5,Pix,5.0,125.0
2025-09-17,13,Recife,Doces,Cartola,14.0,3,Débito,4.0,42.0
2025-09-17,13,Recife,Pratos,Macaxeira com charque,25.0,1,Crédito,1.0,25.0
2025-09-17,14,Caruaru,Doces,Cocada,5.0,2,Dinheiro,1.0,10.0
2025-09-17,14,Recife,Bebidas,Café,6.0,3,Débito,5.0,18.0
2025-09-17,14,Olinda,Pratos,Baião de dois,28.0,2,Crédito,5.0,56.0
2025-09-17,15,Olinda,Pratos,Cuscuz com carne de sol,22.0,2,Crédito,3.0,44.0
2025-09-17,16,Petrolina,Pratos,Macaxeira com charque,25.0,1,Pix,5.0,25.0
2025-09-17,18,Recife,Salgados,Tapioca,12.0,5,Débito,1.0,60.0
2025-09-17,19,Recife,Pratos,Macaxeira com charque,25.0,4,Pix,3.0,100.0
2025-09-17,21,Caruaru,Doces,Cocada,5.0,1,Débito,4.0,5.0
2025-09-17,21,Recife,Doces,Cartola,14.0,4,Crédito,1.0,56.0
2025-09-18,7,Caruaru,Bebidas,Café,6.0,1,Pix,5.0,6.0
2025-09-18,8,Garanhuns,Bebidas,Suco de caju,8.0,1,Crédito,2.0,8.0
2025-09-18,9,Recife,Doces,Cocada,5.0,1,Pix,1.0,5.0
2025-09-18,9,Recife,Salgados,Pastel,8.0,2,Crédito,4.0,16.0
2025-09-18,10,Petrolina,Pratos,Baião de dois,28.0,5,Pix,5.0,140.0
2025-09-18,11,Caruaru,Pratos,Macaxeira com charque,25.0,5,Crédito,3.0,125.0
2025-09-18,11,Olinda,Salgados,Tapioca,12.0,4,Crédito,2.0,48.0
2025-09-18,12,Olinda,Pratos,Cuscuz com carne de sol,22.0,4,Débito,3.0,88.0
2025-09-18,15,Recife,Doces,Cartola,14.0,1,Pix,3.0,14.0
2025-09-18,16,Garanhuns,Bebidas,Caldo de cana,7.0,3,Débito,1.0,21.0
2025-09-18,16,Garanhuns,Bebidas,Café,6.0,5,Crédito,4.0,30.0
2025-09-18,16,Olinda,Doces,Bolo de rolo,9.0,3,Pix,2.0,27.0
2025-09-18,16,Petrolina,Bebidas,Suco de caju,8.0,5,Pix,1.0,40.0
2025-09-18,16,Caruaru,Doces,Cartola,14.0,4,Crédito,4.0,56.0
2025-09-18,16,Recife,Doces,Bolo de rolo,9.0,2,Dinheiro,,18.0
2025-09-18,17,Petrolina,Salgados,Coxinha,7.5,4,Débito,5.0,30.0
2025-09-18,18,Caruaru,Salgados,Coxinha,7.5,2,Dinheiro,5.0,15.0
2025-09-18,18,Recife,Bebidas,Caldo de cana,7.0,5,Pix,4.0,35.0
2025-09-18,19,Caruaru,Salgados,Pastel,8.0,5,Dinheiro,2.0,40.0
2025-09-19,8,Recife,Salgados,Coxinha,7.5,5,Débito,4.0,37.5
2025-09-19,9,Petrolina,Bebidas,Caldo de cana,7.0,2,Débito,3.0,14.0
2025-09-19,11,Petrolina,Salgados,Coxinha,7.5,1,Pix,3.0,7.5
2025-09-19,11,Recife,Bebidas,Café,6.0,5,Pix,1.0,30.0
2025-09-19,13,Petrolina,Pratos,Cuscuz com carne de sol,22.0,5,Crédito,2.0,110.0
2025-09-19,13,Garanhuns,Bebidas,Café,6.0,3,Débito,2.0,18.0
2025-09-19,14,Recife,Salgados,Coxinha,7.5,4,Crédito,5.0,30.0
2025-09-19,15,Petrolina,Doces,Cartola,14.0,1,Crédito,3.0,14.0
2025-09-19,15,Caruaru,Doces,Cartola,14.0,2,Crédito,5.0,28.0
2025-09-19,15,Recife,Doces,Cartola,14.0,3,Débito,4.0,42.0
2025-09-19,16,Recife,Salgados,Tapioca,12.0,3,Pix,2.0,36.0
2025-09-19,17,Garanhuns,Salgados,Tapioca,12.0,4,Crédito,4.0,48.0
2025-09-19,17,Petrolina,Doces,Cartola,14.0,2,Pix,3.0,28.0
2025-09-19,17,Petrolina,Doces,Cocada,5.0,4,Pix,2.0,20.0
2025-09-19,18,Olinda,Pratos,Macaxeira com charque,25.0,5,Crédito,3.0,125.0
2025-09-19,20,Recife,Doces,Cocada,5.0,3,Débito,2.0,15.0
2025-09-19,21,Caruaru,Bebidas,Caldo de cana,7.0,1,Pix,4.0,7.0
2025-09-20,7,Recife,Doces,Cartola,14.0,1,Pix,4.0,14.0
2025-09-20,8,Petrolina,Doces,Cocada,5.0,2,Pix,3.0,10.0
2025-09-20,9,Recife,Doces,Cartola,14.0,4,Dinheiro,2.0,56.0
2025-09-20,9,Recife,Salgados,Coxinha,7.5,1,Crédito,4.0,7.5
2025-09-20,9,Recife,Salgados,Tapioca,12.0,3,Dinheiro,5.0,36.0
2025-09-20,11,Recife,Pratos,Cuscuz com carne de sol,22.0,4,Crédito,1.0,88.0
2025-09-20,11,Recife,Doces,Cocada,5.0,1,Crédito,1.0,5.0
2025-09-20,14,Olinda,Bebidas,Suco de caju,8.0,4,Débito,2.0,32.0
2025-09-20,16,Recife,Pratos,Baião de dois,28.0,2,Pix,3.0,56.0
2025-09-20,17,Recife,Salgados,Pastel,8.0,3,Débito,3.0,24.0
2025-09-20,18,Olinda,Bebidas,Café,6.0,4,Crédito,1.0,24.0
2025-09-20,21,Olinda,Doces,Cartola,14.0,5,Crédito,5.0,70.0
2025-09-21,7,Olinda,Salgados,Tapioca,12.0,5,Pix,5.0,60.0
2025-09-21,7,Petrolina,Bebidas,Suco de caju,8.0,1,Débito,1.0,8.0
2025-09-21,8,Recife,Bebidas,Café,6.0,1,Débito,2.0,6.0
2025-09-21,8,Garanhuns,Pratos,Baião de dois,28.0,4,Pix,5.0,112.0
2025-09-21,11,Garanhuns,Bebidas,Caldo de cana,7.0,5,Crédito,5.0,35.0
2025-09-21,12,Petrolina,Salgados,Coxinha,7.5,2,Pix,1.0,15.0
2025-09-21,15,Caruaru,Pratos,Cuscuz com carne de sol,22.0,1,Crédito,1.0,22.0
2025-09-21,15,Caruaru,Salgados,Coxinha,7.5,1,Débito,3.0,7.5
2025-09-22,7,Recife,Pratos,Baião de dois,28.0,1,Dinheiro,5.0,28.0
2025-09-22,7,Petrolina,Pratos,Baião de dois,28.0,4,Crédito,3.0,112.0
2025-09-22,7,Recife,Salgados,Coxinha,7.5,2,Pix,4.0,15.0
2025-09-22,8,Recife,Pratos,Macaxeira com charque,25.0,4,Pix,2.0,100.0
2025-09-22,9,Recife,Salgados,Tapioca,12.0,5,Pix,5.0,60.0
2025-09-22,12,Recife,Doces,Cartola,14.0,1,Débito,1.0,14.0
2025-09-22,14,Olinda,Bebidas,Suco de caju,8.0,1,Crédito,4.0,8.0
2025-09-22,15,Recife,Pratos,Cuscuz com carne de sol,22.0,5,Crédito,2.0,110.0
2025-09-22,16,Petrolina,Doces,Cocada,5.0,3,Crédito,2.0,15.0
2025-09-22,17,Recife,Salgados,Tapioca,12.0,2,Crédito,3.0,24.0
2025-09-22,17,Recife,Doces,Cartola,14.0,1,Crédito,5.0,14.0
2025-09-22,18,Petrolina,Bebidas,Suco de caju,8.0,2,Dinheiro,5.0,16.0
2025-09-22,19,Recife,Pratos,Cuscuz com carne de sol,22.0,2,Pix,4.0,44.0
2025-09-23,7,Recife,Pratos,Cuscuz com carne de sol,22.0,4,Crédito,3.0,88.0
2025-09-23,7,Olinda,Doces,Cartola,14.0,2,Dinheiro,,28.0
2025-09-23,8,Petrolina,Salgados,Tapioca,12.0,1,Crédito,5.0,12.0
2025-09-23,8,Recife,Doces,Cocada,5.0,3,Débito,3.0,15.0
2025-09-23,8,Petrolina,Doces,Cocada,5.0,5,Débito,4.0,25.0
2025-09-23,8,Petrolina,Pratos,Cuscuz com carne de sol,22.0,1,Dinheiro,1.0,22.0
2025-09-23,10,Recife,Salgados,Coxinha,7.5,2,Débito,5.0,15.0
2025-09-23,12,Recife,Doces,Cartola,14.0,2,Dinheiro,2.0,28.0
2025-09-23,15,Recife,Salgados,Coxinha,7.5,5,Pix,3.0,37.5
2025-09-23,15,Olinda,Doces,Cocada,5.0,4,Débito,1.0,20.0
2025-09-23,16,Recife,Salgados,Pastel,8.0,2,Dinheiro,4.0,16.0
2025-09-23,16,Caruaru,Pratos,Macaxeira com charque,25.0,5,Débito,4.0,125.0
2025-09-23,20,Olinda,Salgados,Tapioca,12.0,5,Crédito,2.0,60.0
2025-09-24,8,Petrolina,Pratos,Baião de dois,28.0,1,Dinheiro,5.0,28.0
2025-09-24,9,Recife,Salgados,Tapioca,12.0,3,Crédito,5.0,36.0
2025-09-24,9,Garanhuns,Pratos,Baião de dois,28.0,4,Pix,3.0,112.0
2025-09-24,10,Garanhuns,Pratos,Cuscuz com carne de sol,22.0,2,Dinheiro,1.0,44.0
2025-09-24,11,Caruaru,Salgados,Tapioca,12.0,3,Pix,1.0,36.0
2025-09-24,11,Garanhuns,Doces,Cartola,14.0,5,Débito,2.0,70.0
2025-09-24,11,Petrolina,Pratos,Macaxeira com charque,25.0,5,Dinheiro,5.0,125.0
2025-09-24,13,Olinda,Salgados,Coxinha,7.5,4,Débito,2.0,30.0
2025-09-24,14,Caruaru,Salgados,Pastel,8.0,3,Pix,2.0,24.0
2025-09-24,15,Recife,Salgados,Coxinha,7.5,4,Pix,,30.0
2025-09-24,16,Olinda,Bebidas,Caldo de cana,7.0,2,Pix,4.0,14.0
2025-09-24,17,Caruaru,Salgados,Tapioca,12.0,5,Débito,1.0,60.0
2025-09-24,18,Caruaru,Salgados,Pastel,8.0,2,Pix,5.0,16.0
2025-09-24,19,Petrolina,Doces,Bolo de rolo,9.0,4,Crédito,5.0,36.0
2025-09-24,19,Caruaru,Doces,Bolo de rolo,9.0,2,Pix,1.0,18.0
2025-09-24,20,Olinda,Salgados,Coxinha,7.5,1,Crédito,4.0,7.5
2025-09-24,20,Olinda,Bebidas,Café,6.0,1,Pix,3.0,6.0
2025-09-24,21,Caruaru,Bebidas,Caldo de cana,7.0,2,Pix,1.0,14.0
2025-09-25,7,Recife,Doces,Cocada,5.0,4,Pix,2.0,20.0
2025-09-25,8,Caruaru,Bebidas,Caldo de cana,7.0,2,Crédito,5.0,14.0
2025-09-25,8,Caruaru,Salgados,Tapioca,12.0,5,Crédito,4.0,60.0
2025-09-25,9,Olinda,Salgados,Pastel,8.0,1,Pix,4.0,8.0
2025-09-25,14,Petrolina,Salgados,Coxinha,7.5,5,Crédito,5.0,37.5
2025-09-25,16,Petrolina,Bebidas,Suco de caju,8.0,5,Débito,4.0,40.0
2025-09-25,16,Olinda,Doces,Bolo de rolo,9.0,4,Débito,1.0,36.0
2025-09-25,18,Recife,Salgados,Coxinha,7.5,5,Pix,4.0,37.5
2025-09-25,19,Petrolina,Salgados,Tapioca,12.0,1,Crédito,,12.0
2025-09-25,19,Recife,Doces,Cocada,5.0,4,Crédito,5.0,20.0
2025-09-25,19,Recife,Salgados,Coxinha,7.5,1,Dinheiro,1.0,7.5
2025-09-25,21,Olinda,Salgados,Tapioca,12.0,4,Crédito,4.0,48.0
2025-09-26,11,Caruaru,Pratos,Macaxeira com charque,25.0,1,Pix,5.0,25.0
2025-09-26,12,Recife,Salgados,Coxinha,7.5,1,Débito,5.0,7.5
2025-09-26,15,Petrolina,Bebidas,Café,6.0,5,Crédito,5.0,30.0
2025-09-27,7,Caruaru,Pratos,Cuscuz com carne de sol,22.0,1,Pix,3.0,22.0
2025-09-27,9,Caruaru,Doces,Cartola,14.0,5,Débito,5.0,70.0
2025-09-27,10,Recife,Pratos,Macaxeira com charque,25.0,2,Crédito,3.0,50.0
2025-09-27,11,Caruaru,Pratos,Baião de dois,28.0,2,Pix,4.0,56.0
2025-09-27,12,Petrolina,Bebidas,Suco de caju,8.0,4,Débito,1.0,32.0
2025-09-27,12,Caruaru,Bebidas,Café,6.0,4,Débito,4.0,24.0
2025-09-27,14,Recife,Bebidas,Suco de caju,8.0,2,Pix,5.0,16.0
2025-09-27,15,Recife,Doces,Cartola,14.0,3,Pix,5.0,42.0
2025-09-27,18,Caruaru,Doces,Cocada,5.0,3,Dinheiro,5.0,15.0
2025-09-27,19,Recife,Doces,Cartola,14.0,3,Pix,5.0,42.0
2025-09-27,21,Caruaru,Bebidas,Caldo de cana,7.0,5,Débito,5.0,35.0
2025-09-28,7,Recife,Pratos,Cuscuz com carne de sol,22.0,1,Pix,3.0,22.0
2025-09-28,8,Petrolina,Salgados,Coxinha,7.5,3,Pix,5.0,22.5
2025-09-28,10,Garanhuns,Salgados,Pastel,8.0,3,Pix,1.0,24.0
2025-09-28,11,Olinda,Doces,Cocada,5.0,4,Pix,2.0,20.0
2025-09-28,13,Caruaru,Pratos,Macaxeira com charque,25.0,1,Crédito,5.0,25.0
2025-09-28,14,Garanhuns,Salgados,Tapioca,12.0,5,Crédito,5.0,60.0
2025-09-28,16,Garanhuns,Bebidas,Suco de caju,8.0,2,Pix,3.0,16.0
2025-09-28,17,Caruaru,Pratos,Baião de dois,28.0,1,Débito,5.0,28.0
2025-09-28,19,Petrolina,Pratos,Macaxeira com charque,25.0,3,Crédito,2.0,75.0
2025-09-28,19,Recife,Salgados,Tapioca,12.0,1,Crédito,1.0,12.0
2025-09-28,21,Olinda,Salgados,Pastel,8.0,4,Pix,5.0,32.0
2025-09-28,21,Olinda,Bebidas,Café,6.0,2,Pix,4.0,12.0
2025-09-29,7,Caruaru,Doces,Cartola,14.0,3,Pix,2.0,42.0
2025-09-29,9,Recife,Pratos,Cuscuz com carne de sol,22.0,3,Pix,4.0,66.0
2025-09-29,10,Recife,Doces,Bolo de rolo,9.0,4,Débito,5.0,36.0
2025-09-29,12,Caruaru,Pratos,Macaxeira com charque,25.0,2,Pix,4.0,50.0
2025-09-29,13,Petrolina,Doces,Cocada,5.0,3,Pix,5.0,15.0
2025-09-29,13,Petrolina,Bebidas,Suco de caju,8.0,5,Débito,3.0,40.0
2025-09-29,14,Caruaru,Bebidas,Suco de caju,8.0,3,Pix,3.0,24.0
2025-09-29,14,Caruaru,Salgados,Coxinha,7.5,4,Pix,1.0,30.0
2025-09-29,14,Petrolina,Doces,Cartola,14.0,2,Crédito,4.0,28.0
2025-09-29,16,Recife,Bebidas,Suco de caju,8.0,1,Dinheiro,,8.0
2025-09-29,16,Recife,Salgados,Pastel,8.0,5,Pix,5.0,40.0
2025-09-29,16,Recife,Pratos,Baião de dois,28.0,1,Crédito,3.0,28.0
2025-09-29,18,Petrolina,Doces,Bolo de rolo,9.0,1,Débito,3.0,9.0
2025-09-29,20,Petrolina,Salgados,Tapioca,12.0,3,Débito,5.0,36.0
2025-09-30,7,Recife,Bebidas,Café,6.0,1,Débito,5.0,6.0
2025-09-30,8,Petrolina,Bebidas,Café,6.0,3,Pix,3.0,18.0
2025-09-30,8,Recife,Doces,Cartola,14.0,5,Dinheiro,4.0,70.0
2025-09-30,9,Recife,Bebidas,Caldo de cana,7.0,1,Pix,1.0,7.0
2025-09-30,9,Recife,Doces,Cocada,5.0,2,Pix,1.0,10.0
2025-09-30,10,Olinda,Salgados,Coxinha,7.5,2,Pix,1.0,15.0
2025-09-30,10,Olinda,Doces,Cocada,5.0,3,Débito,1.0,15.0
2025-09-30,10,Garanhuns,Salgados,Coxinha,7.5,2,Pix,2.0,15.0
2025-09-30,11,Recife,Doces,Bolo de rolo,9.0,4,Crédito,1.0,36.0
2025-09-30,11,Caruaru,Salgados,Coxinha,7.5,3,Pix,2.0,22.5
2025-09-30,12,Caruaru,Salgados,Tapioca,12.0,4,Débito,2.0,48.0
2025-09-30,12,Garanhuns,Bebidas,Café,6.0,1,Pix,2.0,6.0
2025-09-30,12,Garanhuns,Pratos,Macaxeira com charque,25.0,2,Débito,4.0,50.0
2025-09-30,12,Caruaru,Salgados,Tapioca,12.0,4,Pix,1.0,48.0
2025-09-30,12,Caruaru,Bebidas,Suco de caju,8.0,4,Débito,1.0,32.0
2025-09-30,13,Garanhuns,Salgados,Tapioca,12.0,5,Crédito,1.0,60.0
2025-09-30,14,Recife,Pratos,Baião de dois,28.0,2,Pix,2.0,56.0
2025-09-30,14,Petrolina,Bebidas,Café,6.0,2,Pix,1.0,12.0
2025-09-30,15,Petrolina,Salgados,Coxinha,7.5,4,Crédito,5.0,30.0
2025-09-30,16,Recife,Doces,Bolo de rolo,9.0,3,Pix,5.0,27.0
2025-09-30,17,Caruaru,Bebidas,Caldo de cana,7.0,3,Pix,1.0,21.0
2025-09-30,18,Petrolina,Doces,Cocada,5.0,2,Crédito,4.0,10.0
2025-09-30,18,Recife,Pratos,Baião de dois,28.0,2,Débito,2.0,56.0
2025-09-30,19,Caruaru,Bebidas,Suco de caju,8.0,5,Crédito,4.0,40.0
2025-10-01,8,Garanhuns,Pratos,Cuscuz com carne de sol,22.0,5,Pix,1.0,110.0
2025-10-01,10,Recife,Bebidas,Caldo de cana,7.0,4,Pix,5.0,28.0
2025-10-01,12,Recife,Pratos,Macaxeira com charque,25.0,5,Dinheiro,4.0,125.0
2025-10-01,15,Recife,Pratos,Cuscuz com carne de sol,22.0,3,Crédito,4.0,66.0
2025-10-01,15,Caruaru,Bebidas,Suco de caju,8.0,5,Pix,1.0,40.0
2025-10-01,21,Recife,Pratos,Cuscuz com carne de sol,22.0,3,Pix,3.0,66.0
2025-10-02,7,Garanhuns,Pratos,Baião de dois,28.0,1,Dinheiro,2.0,28.0
2025-10-02,8,Olinda,Salgados,Tapioca,12.0,2,Crédito,3.0,24.0
2025-10-02,11,Garanhuns,Bebidas,Caldo de cana,7.0,3,Pix,1.0,21.0
2025-10-02,11,Olinda,Salgados,Pastel,8.0,1,Crédito,1.0,8.0
2025-10-02,12,Garanhuns,Doces,Cartola,14.0,1,Pix,3.0,14.0
2025-10-02,12,Olinda,Salgados,Tapioca,12.0,2,Pix,2.0,24.0
2025-10-02,13,Recife,Pratos,Baião de dois,28.0,4,Pix,2.0,112.0
2025-10-02,13,Petrolina,Doces,Cartola,14.0,3,Crédito,4.0,42.0
2025-10-02,14,Recife,Doces,Cocada,5.0,2,Pix,5.0,10.0
2025-10-02,14,Caruaru,Pratos,Macaxeira com charque,25.0,1,Crédito,2.0,25.0
2025-10-02,15,Caruaru,Pratos,Macaxeira com charque,25.0,4,Débito,3.0,100.0
2025-10-02,15,Recife,Bebidas,Suco de caju,8.0,2,Dinheiro,,16.0
2025-10-02,15,Olinda,Bebidas,Suco de caju,8.0,2,Débito,3.0,16.0
2025-10-02,17,Petrolina,Pratos,Macaxeira com charque,25.0,4,Pix,4.0,100.0
2025-10-02,17,Recife,Bebidas,Caldo de cana,7.0,5,Pix,1.0,35.0
2025-10-02,19,Olinda,Doces,Cartola,14.0,2,Crédito,1.0,28.0
2025-10-03,7,Caruaru,Bebidas,Caldo de cana,7.0,5,Pix,2.0,35.0
2025-10-03,7,Olinda,Bebidas,Café,6.0,4,Crédito,1.0,24.0
2025-10-03,8,Petrolina,Doces,Cartola,14.0,3,Pix,3.0,42.0
2025-10-03,10,Olinda,Bebidas,Caldo de cana,7.0,5,Crédito,2.0,35.0
2025-10-03,11,Petrolina,Bebidas,Café,6.0,2,Pix,2.0,12.0
2025-10-03,12,Caruaru,Doces,Cocada,5.0,3,Débito,4.0,15.0
2025-10-03,15,Recife,Salgados,Pastel,8.0,2,Pix,1.0,16.0
2025-10-03,15,Olinda,Bebidas,Suco de caju,8.0,2,Pix,1.0,16.0
2025-10-03,16,Olinda,Pratos,Macaxeira com charque,25.0,1,Débito,5.0,25.0
2025-10-03,16,Recife,Salgados,Coxinha,7.5,4,Pix,1.0,30.0
2025-10-03,17,Recife,Doces,Bolo de rolo,9.0,4,Crédito,5.0,36.0
2025-10-03,19,Recife,Pratos,Cuscuz com carne de sol,22.0,5,Débito,2.0,110.0
2025-10-03,21,Garanhuns,Salgados,Tapioca,12.0,1,Pix,1.0,12.0
2025-10-04,7,Petrolina,Salgados,Coxinha,7.5,1,Dinheiro,5.0,7.5
2025-10-04,7,Olinda,Bebidas,Suco de caju,8.0,4,Pix,3.0,32.0
2025-10-04,8,Petrolina,Bebidas,Caldo de cana,7.0,3,Pix,5.0,21.0
2025-10-04,9,Caruaru,Bebidas,Café,6.0,4,Débito,2.0,24.0
2025-10-04,11,Petrolina,Bebidas,Café,6.0,1,Pix,2.0,6.0
2025-10-04,12,Petrolina,Pratos,Cuscuz com carne de sol,22.0,3,Pix,3.0,66.0
2025-10-04,13,Recife,Pratos,Macaxeira com charque,25.0,5,Pix,2.0,125.0
2025-10-04,13,Recife,Bebidas,Café,6.0,5,Pix,2.0,30.0
2025-10-04,13,Recife,Bebidas,Café,6.0,3,Pix,3.0,18.0
2025-10-04,14,Recife,Bebidas,Café,6.0,3,Pix,4.0,18.0
2025-10-04,16,Caruaru,Doces,Cartola,14.0,2,Crédito,5.0,28.0
2025-10-04,16,Caruaru,Doces,Cocada,5.0,4,Crédito,2.0,20.0
2025-10-04,17,Olinda,Salgados,Pastel,8.0,4,Dinheiro,4.0,32.0
2025-10-04,17,Caruaru,Pratos,Baião de dois,28.0,1,Débito,4.0,28.0
2025-10-04,18,Petrolina,Pratos,Cuscuz com carne de sol,22.0,3,Crédito,4.0,66.0
2025-10-04,18,Recife,Pratos,Cuscuz com carne de sol,22.0,4,Pix,2.0,88.0
2025-10-04,18,Olinda,Pratos,Baião de dois,28.0,1,Débito,3.0,28.0
2025-10-04,19,Caruaru,Salgados,Tapioca,12.0,3,Pix,2.0,36.0
2025-10-04,19,Recife,Bebidas,Café,6.0,3,Pix,4.0,18.0
2025-10-04,19,Caruaru,Pratos,Cuscuz com carne de sol,22.0,2,Crédito,3.0,44.0
2025-10-04,20,Garanhuns,Salgados,Tapioca,12.0,5,Pix,1.0,60.0
2025-10-05,7,Petrolina,Salgados,Coxinha,7.5,5,Débito,1.0,37.5
2025-10-05,8,Caruaru,Bebidas,Café,6.0,4,Crédito,2.0,24.0
2025-10-05,8,Recife,Bebidas,Café,6.0,5,Crédito,2.0,30.0
2025-10-05,11,Recife,Pratos,Cuscuz com carne de sol,22.0,3,Pix,5.0,66.0
2025-10-05,13,Recife,Pratos,Macaxeira com charque,25.0,1,Débito,3.0,25.0
2025-10-05,14,Petrolina,Salgados,Pastel,8.0,1,Débito,1.0,8.0
2025-10-05,15,Recife,Salgados,Tapioca,12.0,3,Débito,1.0,36.0
2025-10-05,16,Olinda,Bebidas,Caldo de cana,7.0,2,Crédito,5.0,14.0
2025-10-05,16,Petrolina,Salgados,Tapioca,12.0,3,Pix,4.0,36.0
2025-10-05,17,Petrolina,Pratos,Macaxeira com charque,25.0,3,Dinheiro,4.0,75.0
2025-10-05,17,Garanhuns,Bebidas,Suco de caju,8.0,5,Dinheiro,4.0,40.0
2025-10-05,17,Caruaru,Pratos,Baião de dois,28.0,5,Débito,4.0,140.0
2025-10-05,19,Garanhuns,Bebidas,Caldo de cana,7.0,5,Pix,5.0,35.0
2025-10-05,20,Recife,Doces,Cocada,5.0,4,Pix,5.0,20.0
2025-10-06,7,Recife,Doces,Cartola,14.0,1,Pix,4.0,14.0
2025-10-06,8,Garanhuns,Pratos,Macaxeira com charque,25.0,2,Crédito,2.0,50.0
2025-10-06,8,Petrolina,Doces,Cartola,14.0,1,Dinheiro,2.0,14.0
2025-10-06,9,Caruaru,Doces,Bolo de rolo,9.0,2,Dinheiro,5.0,18.0
2025-10-06,12,Recife,Pratos,Cuscuz com carne de sol,22.0,4,Dinheiro,5.0,88.0
2025-10-06,14,Petrolina,Bebidas,Café,6.0,5,Dinheiro,4.0,30.0
2025-10-06,16,Recife,Bebidas,Café,6.0,3,Pix,1.0,18.0
2025-10-06,16,Petrolina,Salgados,Tapioca,12.0,2,Pix,3.0,24.0
2025-10-06,18,Olinda,Pratos,Macaxeira com charque,25.0,3,Pix,4.0,75.0
2025-10-06,18,Recife,Salgados,Coxinha,7.5,3,Pix,4.0,22.5
2025-10-06,19,Olinda,Salgados,Coxinha,7.5,4,Débito,3.0,30.0
2025-10-06,20,Recife,Pratos,Baião de dois,28.0,2,Pix,5.0,56.0
2025-10-06,20,Recife,Salgados,Coxinha,7.5,3,Crédito,1.0,22.5
2025-10-07,8,Recife,Bebidas,Caldo de cana,7.0,4,Débito,4.0,28.0
2025-10-07,8,Recife,Doces,Cartola,14.0,5,Pix,1.0,70.0
2025-10-07,9,Petrolina,Bebidas,Caldo de cana,7.0,2,Crédito,3.0,14.0
2025-10-07,10,Garanhuns,Doces,Bolo de rolo,9.0,3,Crédito,4.0,27.0
2025-10-07,10,Caruaru,Salgados,Coxinha,7.5,1,Crédito,1.0,7.5
2025-10-07,15,Olinda,Pratos,Baião de dois,28.0,1,Crédito,5.0,28.0
2025-10-07,15,Petrolina,Doces,Bolo de rolo,9.0,4,Pix,1.0,36.0
2025-10-07,17,Petrolina,Bebidas,Café,6.0,3,Débito,2.0,18.0
2025-10-07,21,Recife,Salgados,Tapioca,12.0,3,Débito,2.0,36.0
2025-10-08,10,Petrolina,Salgados,Tapioca,12.0,5,Dinheiro,4.0,60.0
2025-10-08,10,Recife,Pratos,Macaxeira com charque,25.0,3,Dinheiro,3.0,75.0
2025-10-08,11,Caruaru,Salgados,Tapioca,12.0,3,Crédito,5.0,36.0
2025-10-08,12,Recife,Bebidas,Suco de caju,8.0,2,Pix,3.0,16.0
2025-10-08,13,Caruaru,Bebidas,Suco de caju,8.0,4,Débito,4.0,32.0
2025-10-08,16,Recife,Doces,Cartola,14.0,1,Pix,2.0,14.0
2025-10-08,16,Recife,Doces,Cocada,5.0,5,Pix,1.0,25.0
2025-10-08,17,Petrolina,Pratos,Baião de dois,28.0,4,Débito,2.0,112.0
2025-10-08,18,Caruaru,Salgados,Coxinha,7.5,2,Débito,3.0,15.0
2025-10-08,19,Petrolina,Pratos,Macaxeira com charque,25.0,1,Crédito,5.0,25.0
2025-10-08,21,Petrolina,Pratos,Baião de dois,28.0,3,Débito,3.0,84.0
2025-10-09,7,Caruaru,Bebidas,Café,6.0,2,Débito,4.0,12.0
2025-10-09,8,Garanhuns,Doces,Cartola,14.0,4,Crédito,1.0,56.0
2025-10-09,9,Recife,Bebidas,Café,6.0,4,Pix,2.0,24.0
2025-10-09,11,Caruaru,Doces,Cocada,5.0,2,Débito,1.0,10.0
2025-10-09,14,Caruaru,Salgados,Tapioca,12.0,4,Pix,2.0,48.0
2025-10-09,14,Garanhuns,Pratos,Cuscuz com carne de sol,22.0,3,Débito,3.0,66.0
2025-10-09,14,Petrolina,Pratos,Cuscuz com carne de sol,22.0,1,Crédito,1.0,22.0
2025-10-09,14,Olinda,Pratos,Cuscuz com carne de sol,22.0,5,Débito,2.0,110.0
2025-10-09,15,Recife,Bebidas,Suco de caju,8.0,4,Débito,5.0,32.0
2025-10-09,17,Recife,Bebidas,Café,6.0,5,Pix,5.0,30.0
2025-10-09,18,Olinda,Doces,Bolo de rolo,9.0,5,Crédito,3.0,45.0
2025-10-09,20,Petrolina,Doces,Cocada,5.0,4,Débito,4.0,20.0
2025-10-10,8,Recife,Bebidas,Suco de caju,8.0,4,Pix,1.0,32.0
2025-10-10,8,Recife,Doces,Bolo de rolo,9.0,2,Débito,2.0,18.0
2025-10-10,10,Caruaru,Salgados,Tapioca,12.0,1,Crédito,5.0,12.0
2025-10-10,10,Recife,Pratos,Macaxeira com charque,25.0,3,Débito,1.0,75.0
2025-10-10,11,Recife,Doces,Cocada,5.0,5,Pix,3.0,25.0
2025-10-10,12,Caruaru,Pratos,Cuscuz com carne de sol,22.0,3,Pix,4.0,66.0
2025-10-10,12,Caruaru,Bebidas,Café,6.0,1,Débito,5.0,6.0
2025-10-10,13,Recife,Salgados,Coxinha,7.5,5,Pix,1.0,37.5
2025-10-10,14,Caruaru,Doces,Bolo de rolo,9.0,1,Dinheiro,1.0,9.0
2025-10-10,15,Recife,Bebidas,Suco de caju,8.0,1,Crédito,5.0,8.0
2025-10-10,16,Recife,Bebidas,Caldo de cana,7.0,1,Crédito,2.0,7.0
2025-10-10,17,Caruaru,Salgados,Pastel,8.0,5,Dinheiro,4.0,40.0
2025-10-10,18,Garanhuns,Salgados,Coxinha,7.5,2,Pix,1.0,15.0
2025-10-10,18,Petrolina,Bebidas,Suco de caju,8.0,1,Débito,2.0,8.0
2025-10-10,19,Caruaru,Pratos,Baião de dois,28.0,1,Pix,4.0,28.0
2025-10-10,20,Garanhuns,Bebidas,Caldo de cana,7.0,3,Débito,1.0,21.0
2025-10-10,21,Recife,Doces,Bolo de rolo,9.0,4,Débito,3.0,36.0
2025-10-11,7,Petrolina,Pratos,Cuscuz com carne de sol,22.0,2,Dinheiro,1.0,44.0
2025-10-11,8,Petrolina,Bebidas,Café,6.0,1,Crédito,4.0,6.0
2025-10-11,14,Recife,Bebidas,Caldo de cana,7.0,5,Dinheiro,2.0,35.0
2025-10-11,15,Petrolina,Pratos,Baião de dois,28.0,1,Dinheiro,3.0,28.0
2025-10-11,15,Recife,Salgados,Coxinha,7.5,1,Pix,1.0,7.5
2025-10-11,17,Garanhuns,Doces,Cartola,14.0,3,Pix,5.0,42.0
2025-10-11,18,Olinda,Bebidas,Suco de caju,8.0,1,Débito,5.0,8.0
2025-10-11,20,Caruaru,Doces,Bolo de rolo,9.0,5,Débito,5.0,45.0
2025-10-11,20,Petrolina,Doces,Bolo de rolo,9.0,1,Crédito,1.0,9.0
2025-10-12,12,Petrolina,Salgados,Tapioca,12.0,4,Débito,5.0,48.0
2025-10-12,16,Recife,Pratos,Baião de dois,28.0,2,Pix,3.0,56.0
2025-10-12,16,Caruaru,Bebidas,Suco de caju,8.0,2,Pix,2.0,16.0
2025-10-12,17,Petrolina,Salgados,Coxinha,7.5,1,Dinheiro,3.0,7.5
2025-10-12,17,Recife,Salgados,Pastel,8.0,4,Débito,1.0,32.0
2025-10-12,18,Garanhuns,Pratos,Cuscuz com carne de sol,22.0,4,Pix,5.0,88.0
2025-10-12,19,Olinda,Pratos,Baião de dois,28.0,2,Pix,1.0,56.0
2025-10-12,19,Recife,Salgados,Tapioca,12.0,2,Dinheiro,2.0,24.0
2025-10-12,21,Recife,Salgados,Coxinha,7.5,5,Crédito,3.0,37.5
2025-10-12,21,Caruaru,Bebidas,Café,6.0,4,Pix,5.0,24.0
2025-10-12,21,Recife,Bebidas,Café,6.0,1,Débito,4.0,6.0
2025-10-13,8,Olinda,Pratos,Cuscuz com carne de sol,22.0,2,Pix,1.0,44.0
2025-10-13,9,Petrolina,Pratos,Baião de dois,28.0,2,Crédito,3.0,56.0
2025-10-13,9,Petrolina,Doces,Cocada,5.0,3,Débito,5.0,15.0
2025-10-13,11,Petrolina,Salgados,Tapioca,12.0,2,Crédito,4.0,24.0
2025-10-13,12,Olinda,Salgados,Pastel,8.0,3,Débito,5.0,24.0
2025-10-13,15,Recife,Bebidas,Caldo de cana,7.0,1,Pix,3.0,7.0
2025-10-13,16,Garanhuns,Pratos,Baião de dois,28.0,1,Pix,1.0,28.0
2025-10-13,16,Olinda,Pratos,Baião de dois,28.0,3,Pix,5.0,84.0
2025-10-13,16,Recife,Doces,Cocada,5.0,1,Crédito,3.0,5.0
2025-10-13,17,Caruaru,Salgados,Pastel,8.0,4,Débito,1.0,32.0
2025-10-13,20,Olinda,Bebidas,Suco de caju,8.0,2,Crédito,3.0,16.0
2025-10-14,8,Recife,Salgados,Pastel,8.0,1,Débito,2.0,8.0
2025-10-14,9,Recife,Bebidas,Café,6.0,5,Pix,4.0,30.0
2025-10-14,10,Recife,Doces,Bolo de rolo,9.0,5,Pix,4.0,45.0
2025-10-14,11,Recife,Doces,Bolo de rolo,9.0,2,Dinheiro,4.0,18.0
2025-10-14,11,Recife,Bebidas,Caldo de cana,7.0,5,Pix,4.0,35.0
2025-10-14,14,Recife,Doces,Bolo de rolo,9.0,3,Pix,5.0,27.0
2025-10-14,16,Recife,Pratos,Macaxeira com charque,25.0,1,Pix,4.0,25.0
2025-10-14,16,Recife,Salgados,Tapioca,12.0,1,Pix,2.0,12.0
2025-10-14,21,Recife,Bebidas,Caldo de cana,7.0,4,Pix,5.0,28.0
2025-10-15,9,Garanhuns,Salgados,Tapioca,12.0,4,Débito,5.0,48.0
2025-10-15,9,Olinda,Salgados,Coxinha,7.5,5,Dinheiro,2.0,37.5
2025-10-15,10,Olinda,Salgados,Tapioca,12.0,1,Pix,1.0,12.0
2025-10-15,10,Caruaru,Bebidas,Café,6.0,5,Débito,5.0,30.0
2025-10-15,11,Caruaru,Salgados,Tapioca,12.0,2,Crédito,1.0,24.0
2025-10-15,11,Recife,Bebidas,Suco de caju,8.0,1,Crédito,5.0,8.0
2025-10-15,11,Petrolina,Doces,Bolo de rolo,9.0,3,Pix,4.0,27.0
2025-10-15,12,Petrolina,Bebidas,Suco de caju,8.0,3,Pix,2.0,24.0
2025-10-15,13,Recife,Bebidas,Suco de caju,8.0,3,Pix,1.0,24.0
2025-10-15,15,Caruaru,Bebidas,Café,6.0,1,Pix,4.0,6.0
2025-10-15,15,Petrolina,Pratos,Macaxeira com charque,25.0,3,Débito,3.0,75.0
2025-10-15,15,Caruaru,Doces,Cocada,5.0,5,Débito,1.0,25.0
2025-10-15,17,Petrolina,Salgados,Coxinha,7.5,5,Pix,1.0,37.5
2025-10-15,17,Petrolina,Doces,Cartola,14.0,5,Crédito,5.0,70.0
2025-10-15,18,Recife,Salgados,Coxinha,7.5,1,Débito,5.0,7.5
2025-10-15,18,Petrolina,Bebidas,Suco de caju,8.0,2,Crédito,1.0,16.0
2025-10-16,9,Olinda,Bebidas,Café,6.0,2,Pix,3.0,12.0
2025-10-16,9,Caruaru,Pratos,Baião de dois,28.0,5,Crédito,3.0,140.0
2025-10-16,9,Recife,Salgados,Tapioca,12.0,3,Débito,2.0,36.0
2025-10-16,9,Garanhuns,Doces,Bolo de rolo,9.0,1,Pix,4.0,9.0
2025-10-16,11,Recife,Doces,Cocada,5.0,3,Pix,1.0,15.0
2025-10-16,11,Recife,Bebidas,Caldo de cana,7.0,4,Pix,5.0,28.0
2025-10-16,11,Petrolina,Pratos,Baião de dois,28.0,5,Dinheiro,5.0,140.0
2025-10-16,12,Recife,Doces,Cocada,5.0,1,Pix,3.0,5.0
2025-10-16,13,Recife,Doces,Bolo de rolo,9.0,3,Pix,1.0,27.0
2025-10-16,15,Caruaru,Pratos,Macaxeira com charque,25.0,1,Pix,2.0,25.0
2025-10-16,15,Recife,Pratos,Baião de dois,28.0,5,Pix,1.0,140.0
2025-10-16,17,Recife,Salgados,Tapioca,12.0,3,Pix,4.0,36.0
2025-10-16,17,Caruaru,Pratos,Cuscuz com carne de sol,22.0,2,Pix,2.0,44.0
2025-10-16,19,Petrolina,Pratos,Cuscuz com carne de sol,22.0,4,Débito,3.0,88.0
2025-10-16,19,Olinda,Bebidas,Caldo de cana,7.0,2,Pix,1.0,14.0
2025-10-16,21,Olinda,Pratos,Cuscuz com carne de sol,22.0,3,Pix,3.0,66.0
2025-10-17,7,Petrolina,Pratos,Baião de dois,28.0,2,Pix,4.0,56.0
2025-10-17,7,Petrolina,Bebidas,Suco de caju,8.0,5,Pix,2.0,40.0
2025-10-17,7,Petrolina,Pratos,Cuscuz com carne de sol,22.0,2,Pix,1.0,44.0
2025-10-17,10,Recife,Salgados,Tapioca,12.0,1,Pix,4.0,12.0
2025-10-17,11,Garanhuns,Doces,Bolo de rolo,9.0,3,Pix,5.0,27.0
2025-10-17,14,Recife,Bebidas,Café,6.0,1,Crédito,4.0,6.0
2025-10-17,14,Caruaru,Pratos,Macaxeira com charque,25.0,1,Débito,2.0,25.0
2025-10-17,16,Caruaru,Pratos,Macaxeira com charque,25.0,5,Débito,2.0,125.0
2025-10-17,18,Petrolina,Salgados,Pastel,8.0,4,Dinheiro,5.0,32.0
2025-10-17,18,Recife,Doces,Bolo de rolo,9.0,4,Pix,2.0,36.0
2025-10-17,19,Olinda,Bebidas,Suco de caju,8.0,4,Débito,5.0,32.0
2025-10-17,19,Caruaru,Doces,Cocada,5.0,4,Crédito,4.0,20.0
2025-10-18,7,Garanhuns,Salgados,Coxinha,7.5,2,Crédito,4.0,15.0
2025-10-18,9,Petrolina,Pratos,Baião de dois,28.0,3,Crédito,5.0,84.0
2025-10-18,12,Caruaru,Doces,Cocada,5.0,3,Crédito,4.0,15.0
2025-10-18,12,Olinda,Doces,Cocada,5.0,4,Pix,3.0,20.0
2025-10-18,12,Olinda,Salgados,Pastel,8.0,5,Crédito,2.0,40.0
2025-10-18,15,Garanhuns,Salgados,Pastel,8.0,5,Débito,2.0,40.0
2025-10-18,19,Petrolina,Bebidas,Caldo de cana,7.0,5,Crédito,3.0,35.0
2025-10-18,20,Caruaru,Doces,Cartola,14.0,3,Pix,1.0,42.0
2025-10-18,21,Petrolina,Salgados,Pastel,8.0,2,Pix,2.0,16.0
2025-10-18,21,Recife,Salgados,Pastel,8.0,5,Pix,4.0,40.0
2025-10-19,7,Caruaru,Doces,Cocada,5.0,1,Débito,2.0,5.0
2025-10-19,8,Caruaru,Pratos,Cuscuz com carne de sol,22.0,5,Pix,3.0,110.0
2025-10-19,8,Garanhuns,Pratos,Baião de dois,28.0,5,Pix,1.0,140.0
2025-10-19,9,Recife,Bebidas,Caldo de cana,7.0,4,Crédito,2.0,28.0
2025-10-19,10,Caruaru,Pratos,Baião de dois,28.0,5,Pix,3.0,140.0
2025-10-19,10,Garanhuns,Salgados,Tapioca,12.0,4,Pix,4.0,48.0
2025-10-19,10,Olinda,Bebidas,Caldo de cana,7.0,5,Crédito,3.0,35.0
2025-10-19,11,Petrolina,Doces,Bolo de rolo,9.0,2,Crédito,1.0,18.0
2025-10-19,11,Recife,Salgados,Tapioca,12.0,1,Crédito,1.0,12.0
2025-10-19,12,Caruaru,Doces,Cartola,14.0,3,Débito,2.0,42.0
2025-10-19,12,Garanhuns,Doces,Bolo de rolo,9.0,1,Pix,1.0,9.0
2025-10-19,14,Petrolina,Doces,Bolo de rolo,9.0,2,Pix,3.0,18.0
2025-10-19,14,Recife,Bebidas,Suco de caju,8.0,1,Crédito,2.0,8.0
2025-10-19,17,Caruaru,Salgados,Tapioca,12.0,4,Crédito,5.0,48.0
2025-10-19,17,Petrolina,Doces,Bolo de rolo,9.0,1,Débito,4.0,9.0
2025-10-19,17,Recife,Pratos,Macaxeira com charque,25.0,5,Pix,2.0,125.0
2025-10-19,19,Olinda,Doces,Bolo de rolo,9.0,4,Dinheiro,2.0,36.0
2025-10-19,20,Petrolina,Doces,Cocada,5.0,4,Crédito,1.0,20.0
2025-10-19,20,Olinda,Bebidas,Caldo de cana,7.0,2,Crédito,4.0,14.0
2025-10-19,21,Caruaru,Bebidas,Caldo de cana,7.0,3,Dinheiro,4.0,21.0
2025-10-19,21,Petrolina,Salgados,Coxinha,7.5,2,Pix,4.0,15.0
2025-10-20,9,Olinda,Doces,Cartola,14.0,5,Pix,4.0,70.0
2025-10-20,10,Recife,Salgados,Coxinha,7.5,5,Pix,2.0,37.5
2025-10-20,10,Petrolina,Pratos,Baião de dois,28.0,1,Débito,4.0,28.0
2025-10-20,14,Recife,Salgados,Tapioca,12.0,1,Crédito,3.0,12.0
2025-10-20,15,Caruaru,Pratos,Baião de dois,28.0,1,Pix,1.0,28.0
2025-10-20,15,Recife,Pratos,Baião de dois,28.0,2,Crédito,3.0,56.0
2025-10-20,16,Recife,Pratos,Baião de dois,28.0,5,Crédito,1.0,140.0
2025-10-20,16,Olinda,Bebidas,Suco de caju,8.0,1,Dinheiro,1.0,8.0
2025-10-20,16,Caruaru,Doces,Bolo de rolo,9.0,3,Débito,2.0,27.0
2025-10-20,17,Recife,Salgados,Pastel,8.0,2,Débito,4.0,16.0
2025-10-20,17,Recife,Pratos,Cuscuz com carne de sol,22.0,4,Crédito,3.0,88.0
2025-10-20,17,Recife,Doces,Bolo de rolo,9.0,2,Débito,4.0,18.0
2025-10-20,17,Garanhuns,Salgados,Tapioca,12.0,3,Crédito,3.0,36.0
2025-10-20,18,Petrolina,Bebidas,Café,6.0,1,Dinheiro,5.0,6.0
2025-10-20,19,Garanhuns,Doces,Cocada,5.0,5,Débito,2.0,25.0
2025-10-20,20,Caruaru,Pratos,Macaxeira com charque,25.0,1,Crédito,5.0,25.0
2025-10-20,21,Garanhuns,Salgados,Tapioca,12.0,2,Pix,1.0,24.0
2025-10-20,21,Caruaru,Doces,Cartola,14.0,3,Débito,5.0,42.0
2025-10-21,7,Recife,Bebidas,Caldo de cana,7.0,1,Pix,5.0,7.0
2025-10-21,7,Recife,Pratos,Baião de dois,28.0,5,Débito,3.0,140.0
2025-10-21,7,Garanhuns,Doces,Cocada,5.0,3,Pix,1.0,15.0
2025-10-21,9,Caruaru,Bebidas,Café,6.0,5,Pix,1.0,30.0
2025-10-21,9,Petrolina,Bebidas,Caldo de cana,7.0,5,Crédito,3.0,35.0
2025-10-21,10,Olinda,Bebidas,Café,6.0,2,Crédito,5.0,12.0
2025-10-21,11,Caruaru,Doces,Bolo de rolo,9.0,5,Crédito,5.0,45.0
2025-10-21,13,Petrolina,Bebidas,Caldo de cana,7.0,4,Dinheiro,2.0,28.0
2025-10-21,16,Caruaru,Bebidas,Caldo de cana,7.0,1,Pix,2.0,7.0
2025-10-21,17,Petrolina,Bebidas,Suco de caju,8.0,2,Pix,5.0,16.0
2025-10-21,19,Recife,Doces,Cocada,5.0,3,Pix,4.0,15.0
2025-10-22,9,Recife,Salgados,Coxinha,7.5,2,Crédito,4.0,15.0
2025-10-22,12,Recife,Bebidas,Caldo de cana,7.0,1,Pix,5.0,7.0
2025-10-22,13,Petrolina,Doces,Cartola,14.0,5,Crédito,3.0,70.0
2025-10-22,14,Caruaru,Bebidas,Caldo de cana,7.0,1,Débito,5.0,7.0
2025-10-22,15,Caruaru,Bebidas,Café,6.0,3,Crédito,2.0,18.0
2025-10-22,15,Caruaru,Salgados,Tapioca,12.0,1,Pix,4.0,12.0
2025-10-22,15,Petrolina,Doces,Bolo de rolo,9.0,4,Crédito,4.0,36.0
2025-10-22,16,Recife,Salgados,Coxinha,7.5,4,Crédito,3.0,30.0
2025-10-22,16,Olinda,Pratos,Macaxeira com charque,25.0,5,Pix,4.0,125.0
2025-10-22,17,Petrolina,Bebidas,Café,6.0,1,Dinheiro,4.0,6.0
2025-10-22,18,Caruaru,Salgados,Pastel,8.0,3,Crédito,4.0,24.0
2025-10-22,18,Petrolina,Pratos,Macaxeira com charque,25.0,3,Crédito,5.0,75.0
2025-10-22,20,Caruaru,Bebidas,Café,6.0,2,Débito,4.0,12.0
2025-10-22,20,Olinda,Bebidas,Suco de caju,8.0,1,Débito,3.0,8.0
2025-10-22,20,Caruaru,Salgados,Coxinha,7.5,4,Crédito,4.0,30.0
2025-10-22,21,Recife,Doces,Bolo de rolo,9.0,2,Crédito,1.0,18.0
2025-10-22,21,Olinda,Pratos,Baião de dois,28.0,5,Pix,4.0,140.0
2025-10-22,21,Caruaru,Bebidas,Caldo de cana,7.0,4,Crédito,2.0,28.0
2025-10-23,9,Recife,Pratos,Cuscuz com carne de sol,22.0,2,Débito,2.0,44.0
2025-10-23,9,Caruaru,Bebidas,Suco de caju,8.0,1,Débito,5.0,8.0
2025-10-23,10,Caruaru,Bebidas,Café,6.0,4,Débito,3.0,24.0
2025-10-23,12,Recife,Doces,Cartola,14.0,2,Crédito,3.0,28.0
2025-10-23,16,Caruaru,Pratos,Baião de dois,28.0,3,Pix,3.0,84.0
2025-10-23,17,Petrolina,Pratos,Macaxeira com charque,25.0,5,Pix,2.0,125.0
2025-10-23,17,Olinda,Pratos,Baião de dois,28.0,1,Pix,4.0,28.0
2025-10-23,18,Garanhuns,Bebidas,Caldo de cana,7.0,3,Pix,2.0,21.0
2025-10-23,18,Petrolina,Salgados,Pastel,8.0,3,Débito,1.0,24.0
2025-10-23,19,Garanhuns,Salgados,Coxinha,7.5,4,Pix,5.0,30.0
2025-10-23,21,Olinda,Pratos,Baião de dois,28.0,3,Pix,1.0,84.0
2025-10-24,7,Petrolina,Salgados,Tapioca,12.0,4,Débito,3.0,48.0
2025-10-24,7,Garanhuns,Bebidas,Suco de caju,8.0,4,Pix,1.0,32.0
2025-10-24,10,Caruaru,Doces,Cocada,5.0,3,Crédito,2.0,15.0
2025-10-24,13,Petrolina,Bebidas,Suco de caju,8.0,4,Pix,5.0,32.0
2025-10-24,13,Recife,Doces,Cartola,14.0,4,Débito,4.0,56.0
2025-10-24,13,Olinda,Salgados,Pastel,8.0,5,Pix,3.0,40.0
2025-10-24,14,Recife,Doces,Cartola,14.0,1,Crédito,4.0,14.0
2025-10-24,14,Recife,Bebidas,Suco de caju,8.0,4,Dinheiro,5.0,32.0
2025-10-24,15,Petrolina,Pratos,Macaxeira com charque,25.0,2,Débito,2.0,50.0
2025-10-24,16,Garanhuns,Salgados,Pastel,8.0,5,Pix,3.0,40.0
2025-10-24,18,Recife,Salgados,Tapioca,12.0,2,Pix,2.0,24.0
2025-10-24,19,Garanhuns,Bebidas,Caldo de cana,7.0,3,Crédito,5.0,21.0
2025-10-24,20,Caruaru,Doces,Cartola,14.0,3,Dinheiro,1.0,42.0
2025-10-24,20,Garanhuns,Pratos,Macaxeira com charque,25.0,4,Pix,4.0,100.0
2025-10-24,20,Recife,Bebidas,Suco de caju,8.0,4,Pix,3.0,32.0
2025-10-24,20,Caruaru,Doces,Cocada,5.0,3,Crédito,5.0,15.0
2025-10-24,21,Caruaru,Bebidas,Café,6.0,2,Débito,5.0,12.0
2025-10-24,21,Garanhuns,Pratos,Macaxeira com charque,25.0,3,Pix,3.0,75.0
2025-10-25,8,Caruaru,Pratos,Cuscuz com carne de sol,22.0,3,Pix,5.0,66.0
2025-10-25,9,Recife,Doces,Bolo de rolo,9.0,2,Crédito,4.0,18.0
2025-10-25,10,Petrolina,Doces,Cocada,5.0,1,Débito,5.0,5.0
2025-10-25,10,Recife,Bebidas,Suco de caju,8.0,1,Pix,5.0,8.0
2025-10-25,11,Recife,Bebidas,Caldo de cana,7.0,1,Dinheiro,3.0,7.0
2025-10-25,11,Caruaru,Bebidas,Suco de caju,8.0,4,Débito,3.0,32.0
2025-10-25,12,Garanhuns,Salgados,Tapioca,12.0,3,Pix,4.0,36.0
2025-10-25,14,Caruaru,Bebidas,Suco de caju,8.0,1,Crédito,5.0,8.0
2025-10-25,14,Olinda,Salgados,Tapioca,12.0,3,Pix,3.0,36.0
2025-10-25,14,Garanhuns,Bebidas,Café,6.0,5,Pix,2.0,30.0
2025-10-25,14,Recife,Salgados,Tapioca,12.0,4,Pix,4.0,48.0
2025-10-25,15,Recife,Salgados,Tapioca,12.0,3,Pix,3.0,36.0
2025-10-25,16,Olinda,Doces,Bolo de rolo,9.0,1,Pix,2.0,9.0
2025-10-25,17,Petrolina,Salgados,Coxinha,7.5,2,Pix,4.0,15.0
2025-10-25,19,Olinda,Doces,Cocada,5.0,4,Crédito,3.0,20.0
2025-10-25,19,Recife,Doces,Bolo de rolo,9.0,1,Pix,2.0,9.0
2025-10-25,19,Olinda,Salgados,Pastel,8.0,1,Pix,5.0,8.0
2025-10-25,19,Caruaru,Bebidas,Suco de caju,8.0,2,Dinheiro,4.0,16.0
2025-10-25,20,Caruaru,Doces,Cartola,14.0,5,Pix,3.0,70.0
2025-10-26,7,Petrolina,Pratos,Macaxeira com charque,25.0,4,Pix,5.0,100.0
2025-10-26,7,Olinda,Doces,Cartola,14.0,3,Débito,2.0,42.0
2025-10-26,7,Olinda,Doces,Bolo de rolo,9.0,5,Crédito,4.0,45.0
2025-10-26,8,Olinda,Bebidas,Caldo de cana,7.0,5,Pix,1.0,35.0
2025-10-26,8,Recife,Salgados,Tapioca,12.0,2,Crédito,5.0,24.0
2025-10-26,11,Recife,Bebidas,Caldo de cana,7.0,4,Dinheiro,3.0,28.0
2025-10-26,16,Garanhuns,Doces,Bolo de rolo,9.0,2,Pix,2.0,18.0
2025-10-26,17,Petrolina,Bebidas,Suco de caju,8.0,1,Pix,1.0,8.0
2025-10-26,18,Recife,Pratos,Macaxeira com charque,25.0,5,Pix,5.0,125.0
2025-10-27,7,Caruaru,Pratos,Baião de dois,28.0,5,Crédito,5.0,140.0
2025-10-27,7,Recife,Doces,Cocada,5.0,5,Débito,1.0,25.0
2025-10-27,8,Recife,Salgados,Coxinha,7.5,1,Pix,4.0,7.5
2025-10-27,8,Recife,Bebidas,Caldo de cana,7.0,3,Pix,,21.0
2025-10-27,10,Olinda,Doces,Cocada,5.0,2,Pix,,10.0
2025-10-27,10,Caruaru,Pratos,Macaxeira com charque,25.0,4,Crédito,5.0,100.0
2025-10-27,11,Garanhuns,Pratos,Cuscuz com carne de sol,22.0,1,Crédito,1.0,22.0
2025-10-27,12,Petrolina,Salgados,Tapioca,12.0,2,Crédito,2.0,24.0
2025-10-27,13,Recife,Doces,Cartola,14.0,4,Crédito,3.0,56.0
2025-10-27,14,Caruaru,Bebidas,Caldo de cana,7.0,5,Pix,5.0,35.0
2025-10-27,14,Petrolina,Salgados,Tapioca,12.0,3,Dinheiro,1.0,36.0
2025-10-27,16,Olinda,Bebidas,Caldo de cana,7.0,1,Crédito,2.0,7.0
2025-10-27,16,Caruaru,Doces,Cartola,14.0,3,Pix,3.0,42.0
2025-10-27,16,Caruaru,Salgados,Pastel,8.0,1,Pix,1.0,8.0
2025-10-27,16,Caruaru,Doces,Bolo de rolo,9.0,3,Pix,2.0,27.0
2025-10-27,16,Petrolina,Salgados,Pastel,8.0,3,Pix,5.0,24.0
2025-10-27,18,Caruaru,Pratos,Macaxeira com charque,25.0,1,Pix,,25.0
2025-10-27,18,Recife,Salgados,Tapioca,12.0,2,Dinheiro,1.0,24.0
2025-10-27,21,Petrolina,Doces,Bolo de rolo,9.0,4,Crédito,1.0,36.0
2025-10-28,7,Olinda,Salgados,Tapioca,12.0,2,Crédito,3.0,24.0
2025-10-28,10,Petrolina,Pratos,Cuscuz com carne de sol,22.0,3,Débito,3.0,66.0
2025-10-28,11,Olinda,Doces,Cartola,14.0,1,Pix,2.0,14.0
2025-10-28,12,Recife,Salgados,Tapioca,12.0,1,Dinheiro,1.0,12.0
2025-10-28,16,Recife,Pratos,Macaxeira com charque,25.0,3,Pix,1.0,75.0
2025-10-28,17,Recife,Doces,Cartola,14.0,1,Crédito,4.0,14.0
2025-10-28,18,Recife,Doces,Bolo de rolo,9.0,5,Pix,3.0,45.0
2025-10-28,20,Garanhuns,Doces,Cartola,14.0,2,Pix,4.0,28.0
2025-10-28,21,Caruaru,Salgados,Tapioca,12.0,1,Crédito,1.0,12.0
2025-10-29,7,Caruaru,Doces,Cocada,5.0,3,Dinheiro,3.0,15.0
2025-10-29,9,Garanhuns,Pratos,Baião de dois,28.0,1,Dinheiro,2.0,28.0
2025-10-29,11,Caruaru,Salgados,Coxinha,7.5,1,Crédito,5.0,7.5
2025-10-29,14,Olinda,Bebidas,Caldo de cana,7.0,2,Dinheiro,2.0,14.0
2025-10-29,16,Petrolina,Doces,Cartola,14.0,3,Crédito,4.0,42.0
2025-10-29,16,Caruaru,Bebidas,Suco de caju,8.0,5,Crédito,5.0,40.0
2025-10-29,18,Recife,Pratos,Baião de dois,28.0,3,Débito,4.0,84.0
2025-10-29,18,Recife,Salgados,Coxinha,7.5,4,Pix,5.0,30.0
2025-10-29,18,Caruaru,Salgados,Tapioca,12.0,3,Débito,1.0,36.0
2025-10-29,20,Olinda,Bebidas,Caldo de cana,7.0,5,Pix,5.0,35.0
2025-10-29,20,Petrolina,Doces,Cocada,5.0,2,Pix,3.0,10.0
2025-10-29,21,Caruaru,Salgados,Pastel,8.0,2,Débito,3.0,16.0
2025-10-30,8,Caruaru,Pratos,Baião de dois,28.0,1,Crédito,4.0,28.0
2025-10-30,9,Petrolina,Doces,Cocada,5.0,5,Dinheiro,2.0,25.0
2025-10-30,9,Petrolina,Doces,Cocada,5.0,2,Pix,5.0,10.0
2025-10-30,9,Petrolina,Bebidas,Caldo de cana,7.0,2,Débito,1.0,14.0
2025-10-30,10,Recife,Pratos,Cuscuz com carne de sol,22.0,3,Débito,1.0,66.0
2025-10-30,10,Garanhuns,Bebidas,Café,6.0,2,Pix,3.0,12.0
2025-10-30,11,Petrolina,Pratos,Cuscuz com carne de sol,22.0,4,Débito,5.0,88.0
2025-10-30,12,Caruaru,Bebidas,Café,6.0,2,Pix,5.0,12.0
2025-10-30,12,Recife,Bebidas,Caldo de cana,7.0,1,Crédito,4.0,7.0
2025-10-30,13,Recife,Bebidas,Caldo de cana,7.0,1,Crédito,3.0,7.0
2025-10-30,15,Recife,Bebidas,Suco de caju,8.0,4,Débito,4.0,32.0
2025-10-30,17,Caruaru,Doces,Cartola,14.0,4,Crédito,4.0,56.0
2025-10-30,18,Recife,Doces,Cocada,5.0,1,Pix,1.0,5.0
2025-10-30,20,Garanhuns,Salgados,Tapioca,12.0,1,Crédito,1.0,12.0
2025-10-31,9,Caruaru,Doces,Bolo de rolo,9.0,1,Pix,4.0,9.0
2025-10-31,15,Recife,Bebidas,Suco de caju,8.0,3,Pix,5.0,24.0
2025-10-31,15,Garanhuns,Pratos,Cuscuz com carne de sol,22.0,5,Pix,4.0,110.0
2025-10-31,18,Petrolina,Pratos,Cuscuz com carne de sol,22.0,2,Pix,3.0,44.0
2025-10-31,19,Recife,Bebidas,Suco de caju,8.0,1,Débito,4.0,8.0
2025-10-31,20,Petrolina,Doces,Bolo de rolo,9.0,2,Crédito,5.0,18.0
2025-10-31,21,Recife,Pratos,Cuscuz com carne de sol,22.0,5,Pix,2.0,110.0
2025-11-01,7,Caruaru,Salgados,Coxinha,7.5,3,Débito,3.0,22.5
2025-11-01,9,Petrolina,Pratos,Macaxeira com charque,25.0,1,Pix,5.0,25.0
2025-11-01,12,Recife,Salgados,Tapioca,12.0,1,Pix,4.0,12.0
2025-11-01,12,Petrolina,Bebidas,Caldo de cana,7.0,5,Pix,3.0,35.0
2025-11-01,12,Recife,Doces,Cocada,5.0,4,Crédito,4.0,20.0
2025-11-01,13,Recife,Doces,Cocada,5.0,4,Pix,4.0,20.0
2025-11-01,16,Caruaru,Pratos,Macaxeira com charque,25.0,4,Pix,4.0,100.0
2025-11-02,9,Petrolina,Salgados,Coxinha,7.5,5,Crédito,2.0,37.5
2025-11-02,10,Petrolina,Salgados,Tapioca,12.0,3,Débito,2.0,36.0
2025-11-02,11,Recife,Bebidas,Caldo de cana,7.0,4,Crédito,2.0,28.0
2025-11-02,11,Caruaru,Pratos,Baião de dois,28.0,4,Pix,5.0,112.0
2025-11-02,11,Petrolina,Bebidas,Café,6.0,2,Pix,1.0,12.0
2025-11-02,11,Recife,Salgados,Pastel,8.0,5,Crédito,3.0,40.0
2025-11-02,13,Petrolina,Salgados,Tapioca,12.0,2,Pix,2.0,24.0
2025-11-02,13,Caruaru,Pratos,Macaxeira com charque,25.0,5,Pix,1.0,125.0
2025-11-02,15,Garanhuns,Salgados,Pastel,8.0,1,Pix,4.0,8.0
2025-11-02,18,Recife,Pratos,Cuscuz com carne de sol,22.0,4,Pix,3.0,88.0
2025-11-02,19,Caruaru,Salgados,Tapioca,12.0,5,Crédito,5.0,60.0
2025-11-02,19,Recife,Doces,Cocada,5.0,2,Débito,5.0,10.0
2025-11-02,19,Petrolina,Doces,Cocada,5.0,5,Pix,5.0,25.0
2025-11-02,20,Caruaru,Doces,Cocada,5.0,4,Dinheiro,4.0,20.0
2025-11-03,8,Recife,Bebidas,Café,6.0,4,Crédito,1.0,24.0
2025-11-03,11,Recife,Bebidas,Suco de caju,8.0,4,Débito,1.0,32.0
2025-11-03,12,Olinda,Bebidas,Café,6.0,2,Débito,2.0,12.0
2025-11-03,13,Petrolina,Bebidas,Caldo de cana,7.0,1,Crédito,3.0,7.0
2025-11-03,15,Recife,Doces,Cocada,5.0,5,Pix,3.0,25.0
2025-11-03,16,Recife,Pratos,Baião de dois,28.0,5,Débito,5.0,140.0
2025-11-03,16,Petrolina,Pratos,Macaxeira com charque,25.0,5,Pix,4.0,125.0
2025-11-03,16,Recife,Pratos,Baião de dois,28.0,2,Crédito,1.0,56.0
2025-11-03,19,Recife,Bebidas,Café,6.0,4,Pix,5.0,24.0
2025-11-03,21,Caruaru,Bebidas,Suco de caju,8.0,5,Crédito,2.0,40.0
2025-11-04,9,Petrolina,Bebidas,Suco de caju,8.0,2,Débito,1.0,16.0
2025-11-04,10,Garanhuns,Pratos,Macaxeira com charque,25.0,1,Pix,2.0,25.0
2025-11-04,10,Petrolina,Doces,Cocada,5.0,1,Crédito,1.0,5.0
2025-11-04,11,Recife,Doces,Bolo de rolo,9.0,2,Pix,1.0,18.0
2025-11-04,12,Caruaru,Pratos,Macaxeira com charque,25.0,5,Pix,4.0,125.0
2025-11-04,12,Caruaru,Bebidas,Suco de caju,8.0,5,Dinheiro,2.0,40.0
2025-11-04,12,Olinda,Salgados,Coxinha,7.5,1,Pix,5.0,7.5
2025-11-04,14,Recife,Bebidas,Caldo de cana,7.0,3,Débito,5.0,21.0
2025-11-04,14,Garanhuns,Salgados,Pastel,8.0,3,Pix,5.0,24.0
2025-11-04,15,Olinda,Pratos,Cuscuz com carne de sol,22.0,3,Pix,4.0,66.0
2025-11-04,15,Caruaru,Pratos,Macaxeira com charque,25.0,4,Pix,1.0,100.0
2025-11-04,17,Caruaru,Salgados,Coxinha,7.5,1,Crédito,4.0,7.5
2025-11-04,20,Olinda,Bebidas,Suco de caju,8.0,4,Pix,1.0,32.0
2025-11-04,20,Recife,Bebidas,Café,6.0,5,Pix,2.0,30.0
2025-11-04,21,Petrolina,Salgados,Tapioca,12.0,3,Débito,3.0,36.0
2025-11-04,21,Recife,Salgados,Pastel,8.0,1,Débito,2.0,8.0
2025-11-04,21,Petrolina,Bebidas,Suco de caju,8.0,4,Débito,1.0,32.0
2025-11-05,11,Recife,Bebidas,Café,6.0,3,Dinheiro,5.0,18.0
2025-11-05,11,Garanhuns,Pratos,Cuscuz com carne de sol,22.0,1,Pix,1.0,22.0
2025-11-05,12,Recife,Doces,Bolo de rolo,9.0,2,Pix,1.0,18.0
2025-11-05,12,Caruaru,Doces,Cocada,5.0,4,Crédito,1.0,20.0
2025-11-05,13,Petrolina,Salgados,Pastel,8.0,5,Dinheiro,4.0,40.0
2025-11-05,15,Olinda,Doces,Cartola,14.0,3,Dinheiro,5.0,42.0
2025-11-05,16,Caruaru,Doces,Bolo de rolo,9.0,2,Pix,3.0,18.0
2025-11-05,18,Recife,Pratos,Cuscuz com carne de sol,22.0,4,Pix,,88.0
2025-11-06,8,Olinda,Bebidas,Café,6.0,2,Pix,1.0,12.0
2025-11-06,9,Olinda,Bebidas,Café,6.0,3,Débito,2.0,18.0
2025-11-06,10,Garanhuns,Bebidas,Caldo de cana,7.0,2,Débito,5.0,14.0
2025-11-06,10,Garanhuns,Pratos,Cuscuz com carne de sol,22.0,4,Pix,5.0,88.0
2025-11-06,11,Recife,Bebidas,Café,6.0,5,Pix,2.0,30.0
2025-11-06,13,Garanhuns,Pratos,Macaxeira com charque,25.0,3,Pix,2.0,75.0
2025-11-06,14,Recife,Salgados,Pastel,8.0,5,Pix,4.0,40.0
2025-11-06,14,Petrolina,Bebidas,Café,6.0,3,Dinheiro,5.0,18.0
2025-11-06,15,Caruaru,Doces,Cocada,5.0,2,Débito,2.0,10.0
2025-11-06,17,Olinda,Bebidas,Suco de caju,8.0,3,Pix,5.0,24.0
2025-11-06,18,Recife,Pratos,Baião de dois,28.0,1,Débito,1.0,28.0
2025-11-06,18,Petrolina,Salgados,Pastel,8.0,3,Pix,4.0,24.0
2025-11-07,8,Recife,Salgados,Coxinha,7.5,5,Pix,4.0,37.5
2025-11-07,9,Petrolina,Bebidas,Café,6.0,1,Pix,1.0,6.0
2025-11-07,10,Petrolina,Bebidas,Café,6.0,1,Crédito,1.0,6.0
2025-11-07,10,Caruaru,Doces,Cocada,5.0,4,Pix,1.0,20.0
2025-11-07,11,Petrolina,Salgados,Pastel,8.0,1,Pix,2.0,8.0
2025-11-07,11,Recife,Doces,Bolo de rolo,9.0,3,Débito,3.0,27.0
2025-11-07,11,Caruaru,Salgados,Pastel,8.0,4,Pix,1.0,32.0
2025-11-07,12,Recife,Pratos,Cuscuz com carne de sol,22.0,1,Dinheiro,4.0,22.0
2025-11-07,12,Olinda,Doces,Cartola,14.0,4,Crédito,1.0,56.0
2025-11-07,14,Caruaru,Bebidas,Caldo de cana,7.0,2,Dinheiro,1.0,14.0
2025-11-07,14,Recife,Bebidas,Caldo de cana,7.0,5,Pix,5.0,35.0
2025-11-07,15,Recife,Salgados,Coxinha,7.5,3,Pix,3.0,22.5
2025-11-07,15,Recife,Pratos,Baião de dois,28.0,4,Pix,1.0,112.0
2025-11-07,15,Petrolina,Salgados,Pastel,8.0,4,Débito,4.0,32.0
2025-11-07,16,Recife,Salgados,Coxinha,7.5,1,Crédito,5.0,7.5
2025-11-07,18,Caruaru,Doces,Cocada,5.0,3,Crédito,5.0,15.0
2025-11-07,20,Recife,Pratos,Baião de dois,28.0,4,Crédito,5.0,112.0
2025-11-07,21,Olinda,Pratos,Macaxeira com charque,25.0,1,Pix,3.0,25.0
2025-11-08,8,Garanhuns,Salgados,Tapioca,12.0,4,Débito,1.0,48.0
2025-11-08,10,Recife,Doces,Bolo de rolo,9.0,3,Dinheiro,4.0,27.0
2025-11-08,10,Caruaru,Salgados,Coxinha,7.5,4,Pix,4.0,30.0
2025-11-08,12,Olinda,Pratos,Baião de dois,28.0,2,Débito,4.0,56.0
2025-11-08,13,Caruaru,Salgados,Tapioca,12.0,2,Débito,3.0,24.0
2025-11-08,14,Recife,Bebidas,Café,6.0,2,Crédito,1.0,12.0
2025-11-08,15,Recife,Pratos,Macaxeira com charque,25.0,5,Débito,4.0,125.0
2025-11-08,16,Recife,Doces,Cocada,5.0,3,Dinheiro,3.0,15.0
2025-11-08,18,Garanhuns,Pratos,Baião de dois,28.0,3,Pix,,84.0
2025-11-08,19,Garanhuns,Pratos,Macaxeira com charque,25.0,1,Crédito,2.0,25.0
2025-11-08,19,Recife,Salgados,Coxinha,7.5,4,Crédito,2.0,30.0
2025-11-08,21,Caruaru,Pratos,Cuscuz com carne de sol,22.0,5,Débito,5.0,110.0
2025-11-09,7,Garanhuns,Salgados,Pastel,8.0,4,Pix,1.0,32.0
2025-11-09,8,Caruaru,Pratos,Macaxeira com charque,25.0,1,Crédito,3.0,25.0
2025-11-09,9,Petrolina,Bebidas,Café,6.0,2,Débito,3.0,12.0
2025-11-09,9,Recife,Salgados,Coxinha,7.5,4,Dinheiro,2.0,30.0
2025-11-09,12,Garanhuns,Pratos,Cuscuz com carne de sol,22.0,5,Débito,3.0,110.0
2025-11-09,13,Olinda,Pratos,Baião de dois,28.0,2,Crédito,1.0,56.0
2025-11-09,15,Petrolina,Salgados,Tapioca,12.0,1,Débito,3.0,12.0
2025-11-09,16,Olinda,Doces,Cocada,5.0,2,Crédito,,10.0
2025-11-09,17,Recife,Pratos,Macaxeira com charque,25.0,5,Pix,4.0,125.0
2025-11-09,19,Petrolina,Bebidas,Suco de caju,8.0,5,Dinheiro,3.0,40.0
2025-11-09,19,Garanhuns,Pratos,Baião de dois,28.0,3,Crédito,3.0,84.0
2025-11-09,21,Recife,Pratos,Cuscuz com carne de sol,22.0,5,Crédito,1.0,110.0
2025-11-09,21,Petrolina,Salgados,Pastel,8.0,1,Crédito,1.0,8.0
2025-11-10,8,Recife,Salgados,Coxinha,7.5,3,Pix,5.0,22.5
2025-11-10,8,Recife,Bebidas,Café,6.0,4,Pix,5.0,24.0
2025-11-10,9,Petrolina,Doces,Cartola,14.0,5,Débito,4.0,70.0
2025-11-10,9,Recife,Pratos,Macaxeira com charque,25.0,3,Dinheiro,1.0,75.0
2025-11-10,9,Petrolina,Doces,Cocada,5.0,5,Crédito,4.0,25.0
2025-11-10,9,Caruaru,Pratos,Cuscuz com carne de sol,22.0,5,Crédito,3.0,110.0
2025-11-10,13,Caruaru,Doces,Cocada,5.0,3,Dinheiro,3.0,15.0
2025-11-10,13,Petrolina,Bebidas,Suco de caju,8.0,3,Pix,3.0,24.0
2025-11-10,15,Petrolina,Salgados,Tapioca,12.0,1,Débito,3.0,12.0
2025-11-10,17,Olinda,Pratos,Baião de dois,28.0,3,Pix,1.0,84.0
2025-11-10,17,Garanhuns,Doces,Cartola,14.0,1,Débito,1.0,14.0
2025-11-10,18,Recife,Pratos,Cuscuz com carne de sol,22.0,3,Pix,2.0,66.0
2025-11-10,20,Olinda,Pratos,Macaxeira com charque,25.0,3,Pix,1.0,75.0
2025-11-11,10,Recife,Bebidas,Café,6.0,4,Dinheiro,3.0,24.0
2025-11-11,11,Recife,Bebidas,Suco de caju,8.0,4,Crédito,2.0,32.0
2025-11-11,13,Caruaru,Doces,Cocada,5.0,1,Débito,4.0,5.0
2025-11-11,13,Recife,Bebidas,Suco de caju,8.0,2,Pix,3.0,16.0
2025-11-11,14,Olinda,Doces,Cartola,14.0,5,Pix,2.0,70.0
2025-11-11,14,Garanhuns,Bebidas,Suco de caju,8.0,4,Pix,5.0,32.0
2025-11-11,14,Recife,Salgados,Pastel,8.0,3,Pix,1.0,24.0
2025-11-11,14,Recife,Doces,Bolo de rolo,9.0,5,Pix,5.0,45.0
2025-11-11,16,Olinda,Salgados,Tapioca,12.0,4,Crédito,5.0,48.0
2025-11-11,18,Olinda,Doces,Cocada,5.0,3,Dinheiro,1.0,15.0
2025-11-11,20,Petrolina,Doces,Bolo de rolo,9.0,2,Pix,5.0,18.0
2025-11-11,21,Caruaru,Pratos,Cuscuz com carne de sol,22.0,5,Pix,1.0,110.0
2025-11-11,21,Recife,Salgados,Pastel,8.0,5,Pix,3.0,40.0
2025-11-11,21,Olinda,Pratos,Baião de dois,28.0,5,Débito,2.0,140.0
2025-11-12,8,Garanhuns,Salgados,Pastel,8.0,4,Pix,2.0,32.0
2025-11-12,8,Recife,Pratos,Cuscuz com carne de sol,22.0,3,Pix,4.0,66.0
2025-11-12,9,Recife,Pratos,Macaxeira com charque,25.0,1,Débito,2.0,25.0
2025-11-12,11,Recife,Doces,Cartola,14.0,3,Débito,3.0,42.0
2025-11-12,11,Petrolina,Doces,Cartola,14.0,3,Pix,1.0,42.0
2025-11-12,13,Olinda,Bebidas,Suco de caju,8.0,5,Pix,1.0,40.0
2025-11-12,13,Recife,Doces,Cocada,5.0,1,Crédito,3.0,5.0
2025-11-12,13,Recife,Pratos,Baião de dois,28.0,5,Débito,4.0,140.0
2025-11-12,14,Recife,Salgados,Tapioca,12.0,2,Dinheiro,4.0,24.0
2025-11-12,15,Recife,Pratos,Baião de dois,28.0,1,Débito,2.0,28.0
2025-11-12,16,Recife,Pratos,Cuscuz com carne de sol,22.0,3,Débito,5.0,66.0
2025-11-12,17,Garanhuns,Pratos,Macaxeira com charque,25.0,3,Dinheiro,5.0,75.0
2025-11-12,17,Olinda,Doces,Cartola,14.0,4,Crédito,1.0,56.0
2025-11-12,18,Recife,Bebidas,Café,6.0,5,Pix,5.0,30.0
2025-11-12,19,Olinda,Doces,Bolo de rolo,9.0,1,Crédito,3.0,9.0
2025-11-12,20,Recife,Doces,Cocada,5.0,5,Débito,1.0,25.0
2025-11-12,21,Caruaru,Doces,Bolo de rolo,9.0,1,Pix,3.0,9.0
2025-11-13,7,Caruaru,Pratos,Cuscuz com carne de sol,22.0,2,Crédito,4.0,44.0
2025-11-13,7,Recife,Doces,Cartola,14.0,5,Dinheiro,4.0,70.0
2025-11-13,8,Recife,Doces,Cocada,5.0,1,Pix,3.0,5.0
2025-11-13,9,Caruaru,Pratos,Baião de dois,28.0,3,Débito,5.0,84.0
2025-11-13,10,Petrolina,Doces,Cartola,14.0,3,Pix,2.0,42.0
2025-11-13,11,Petrolina,Doces,Cocada,5.0,3,Débito,4.0,15.0
2025-11-13,12,Caruaru,Pratos,Macaxeira com charque,25.0,1,Pix,,25.0
2025-11-13,13,Petrolina,Bebidas,Caldo de cana,7.0,1,Pix,5.0,7.0
2025-11-13,13,Recife,Salgados,Pastel,8.0,5,Crédito,3.0,40.0
2025-11-13,14,Garanhuns,Pratos,Cuscuz com carne de sol,22.0,3,Pix,4.0,66.0
2025-11-13,14,Garanhuns,Salgados,Tapioca,12.0,3,Crédito,3.0,36.0
2025-11-13,15,Olinda,Bebidas,Caldo de cana,7.0,4,Pix,2.0,28.0
2025-11-13,15,Recife,Bebidas,Caldo de cana,7.0,3,Pix,1.0,21.0
2025-11-13,20,Caruaru,Doces,Cocada,5.0,5,Pix,5.0,25.0
2025-11-13,20,Recife,Bebidas,Suco de caju,8.0,3,Débito,3.0,24.0
2025-11-14,7,Recife,Bebidas,Caldo de cana,7.0,2,Pix,5.0,14.0
2025-11-14,11,Caruaru,Pratos,Baião de dois,28.0,1,Pix,2.0,28.0
2025-11-14,15,Recife,Salgados,Coxinha,7.5,3,Pix,4.0,22.5
2025-11-14,15,Petrolina,Bebidas,Caldo de cana,7.0,2,Crédito,3.0,14.0
2025-11-14,16,Olinda,Pratos,Cuscuz com carne de sol,22.0,2,Pix,4.0,44.0
2025-11-14,16,Recife,Doces,Cocada,5.0,4,Pix,3.0,20.0
2025-11-14,18,Recife,Bebidas,Suco de caju,8.0,1,Dinheiro,4.0,8.0
2025-11-14,18,Olinda,Pratos,Baião de dois,28.0,1,Débito,2.0,28.0
2025-11-14,18,Olinda,Salgados,Pastel,8.0,5,Débito,5.0,40.0
2025-11-14,19,Caruaru,Salgados,Pastel,8.0,5,Pix,2.0,40.0
2025-11-15,7,Petrolina,Pratos,Baião de dois,28.0,5,Dinheiro,3.0,140.0
2025-11-15,8,Recife,Pratos,Cuscuz com carne de sol,22.0,3,Débito,4.0,66.0
2025-11-15,8,Recife,Bebidas,Suco de caju,8.0,2,Crédito,2.0,16.0
2025-11-15,10,Recife,Salgados,Tapioca,12.0,4,Débito,2.0,48.0
2025-11-15,10,Recife,Salgados,Coxinha,7.5,3,Débito,4.0,22.5
2025-11-15,12,Garanhuns,Bebidas,Café,6.0,5,Dinheiro,1.0,30.0
2025-11-15,13,Caruaru,Doces,Bolo de rolo,9.0,5,Pix,1.0,45.0
2025-11-15,14,Petrolina,Bebidas,Caldo de cana,7.0,3,Pix,4.0,21.0
2025-11-15,16,Recife,Pratos,Macaxeira com charque,25.0,3,Pix,4.0,75.0
2025-11-15,17,Caruaru,Bebidas,Suco de caju,8.0,1,Débito,1.0,8.0
2025-11-15,17,Petrolina,Bebidas,Suco de caju,8.0,3,Pix,1.0,24.0
2025-11-15,18,Petrolina,Bebidas,Café,6.0,3,Dinheiro,2.0,18.0
2025-11-16,8,Olinda,Bebidas,Suco de caju,8.0,5,Crédito,4.0,40.0
2025-11-16,9,Recife,Bebidas,Café,6.0,1,Pix,3.0,6.0
2025-11-16,10,Caruaru,Salgados,Tapioca,12.0,4,Dinheiro,3.0,48.0
2025-11-16,10,Caruaru,Salgados,Tapioca,12.0,2,Débito,1.0,24.0
2025-11-16,11,Caruaru,Pratos,Macaxeira com charque,25.0,4,Crédito,3.0,100.0
2025-11-16,13,Petrolina,Doces,Cartola,14.0,5,Crédito,2.0,70.0
2025-11-16,13,Caruaru,Pratos,Macaxeira com charque,25.0,2,Débito,3.0,50.0
2025-11-16,15,Petrolina,Bebidas,Caldo de cana,7.0,3,Débito,4.0,21.0
2025-11-16,15,Garanhuns,Salgados,Coxinha,7.5,1,Dinheiro,5.0,7.5
2025-11-16,17,Olinda,Doces,Cartola,14.0,5,Pix,4.0,70.0
2025-11-16,18,Recife,Doces,Cartola,14.0,4,Pix,,56.0
2025-11-16,20,Caruaru,Bebidas,Suco de caju,8.0,3,Pix,3.0,24.0
2025-11-16,21,Caruaru,Salgados,Pastel,8.0,5,Pix,4.0,40.0
2025-11-16,21,Olinda,Bebidas,Caldo de cana,7.0,3,Pix,3.0,21.0
2025-11-16,21,Recife,Pratos,Cuscuz com carne de sol,22.0,2,Pix,4.0,44.0
2025-11-17,7,Recife,Salgados,Tapioca,12.0,3,Débito,5.0,36.0
2025-11-17,7,Recife,Pratos,Macaxeira com charque,25.0,5,Dinheiro,4.0,125.0
2025-11-17,7,Petrolina,Bebidas,Suco de caju,8.0,4,Crédito,4.0,32.0
2025-11-17,8,Garanhuns,Bebidas,Café,6.0,4,Crédito,1.0,24.0
2025-11-17,8,Caruaru,Salgados,Coxinha,7.5,1,Crédito,1.0,7.5
2025-11-17,12,Recife,Salgados,Tapioca,12.0,4,Crédito,4.0,48.0
2025-11-17,13,Petrolina,Pratos,Cuscuz com carne de sol,22.0,5,Pix,2.0,110.0
2025-11-17,13,Caruaru,Pratos,Macaxeira com charque,25.0,1,Pix,2.0,25.0
2025-11-17,13,Olinda,Salgados,Pastel,8.0,4,Pix,5.0,32.0
2025-11-17,13,Caruaru,Doces,Cartola,14.0,5,Débito,1.0,70.0
2025-11-17,14,Recife,Salgados,Tapioca,12.0,5,Crédito,5.0,60.0
2025-11-17,14,Petrolina,Pratos,Baião de dois,28.0,2,Crédito,4.0,56.0
2025-11-17,14,Recife,Bebidas,Caldo de cana,7.0,5,Pix,5.0,35.0
2025-11-17,15,Recife,Salgados,Pastel,8.0,1,Débito,3.0,8.0
2025-11-17,15,Caruaru,Salgados,Coxinha,7.5,1,Débito,3.0,7.5
2025-11-17,15,Petrolina,Bebidas,Caldo de cana,7.0,1,Débito,1.0,7.0
2025-11-17,16,Olinda,Doces,Cartola,14.0,4,Débito,5.0,56.0
2025-11-17,19,Recife,Pratos,Baião de dois,28.0,3,Pix,3.0,84.0
2025-11-17,21,Olinda,Pratos,Cuscuz com carne de sol,22.0,5,Débito,4.0,110.0
2025-11-17,21,Caruaru,Pratos,Cuscuz com carne de sol,22.0,5,Crédito,5.0,110.0
2025-11-17,21,Caruaru,Doces,Cartola,14.0,5,Crédito,3.0,70.0
2025-11-17,21,Olinda,Doces,Bolo de rolo,9.0,4,Pix,4.0,36.0
2025-11-18,7,Recife,Salgados,Tapioca,12.0,4,Pix,5.0,48.0
2025-11-18,9,Recife,Salgados,Coxinha,7.5,3,Pix,4.0,22.5
2025-11-18,9,Garanhuns,Doces,Bolo de rolo,9.0,4,Pix,5.0,36.0
2025-11-18,10,Recife,Doces,Bolo de rolo,9.0,5,Débito,3.0,45.0
2025-11-18,10,Petrolina,Bebidas,Suco de caju,8.0,3,Crédito,5.0,24.0
2025-11-18,12,Petrolina,Doces,Cartola,14.0,1,Crédito,4.0,14.0
2025-11-18,12,Garanhuns,Doces,Cocada,5.0,1,Dinheiro,5.0,5.0
2025-11-18,12,Caruaru,Pratos,Macaxeira com charque,25.0,5,Pix,,125.0
2025-11-18,13,Petrolina,Pratos,Baião de dois,28.0,4,Pix,5.0,112.0
2025-11-18,14,Olinda,Pratos,Macaxeira com charque,25.0,2,Pix,5.0,50.0
2025-11-18,14,Petrolina,Salgados,Coxinha,7.5,4,Crédito,2.0,30.0
2025-11-18,14,Caruaru,Bebidas,Suco de caju,8.0,3,Pix,2.0,24.0
2025-11-18,14,Recife,Bebidas,Suco de caju,8.0,2,Crédito,3.0,16.0
2025-11-18,16,Caruaru,Salgados,Coxinha,7.5,4,Pix,5.0,30.0
2025-11-18,18,Caruaru,Bebidas,Caldo de cana,7.0,5,Pix,1.0,35.0
2025-11-18,18,Recife,Doces,Cartola,14.0,3,Débito,3.0,42.0
2025-11-18,19,Caruaru,Salgados,Coxinha,7.5,5,Pix,4.0,37.5
2025-11-18,19,Garanhuns,Bebidas,Suco de caju,8.0,5,Crédito,1.0,40.0
2025-11-19,7,Petrolina,Doces,Bolo de rolo,9.0,2,Pix,1.0,18.0
2025-11-19,7,Caruaru,Doces,Cartola,14.0,4,Débito,4.0,56.0
2025-11-19,8,Garanhuns,Pratos,Cuscuz com carne de sol,22.0,2,Débito,2.0,44.0
2025-11-19,9,Garanhuns,Doces,Cartola,14.0,5,Pix,5.0,70.0
2025-11-19,11,Olinda,Salgados,Tapioca,12.0,3,Pix,5.0,36.0
2025-11-19,13,Olinda,Bebidas,Suco de caju,8.0,3,Crédito,1.0,24.0
2025-11-19,14,Garanhuns,Pratos,Macaxeira com charque,25.0,5,Dinheiro,3.0,125.0
2025-11-19,14,Recife,Doces,Bolo de rolo,9.0,5,Débito,1.0,45.0
2025-11-19,15,Olinda,Pratos,Cuscuz com carne de sol,22.0,5,Débito,3.0,110.0
2025-11-19,16,Caruaru,Salgados,Tapioca,12.0,3,Crédito,4.0,36.0
2025-11-19,17,Caruaru,Salgados,Tapioca,12.0,2,Pix,1.0,24.0
2025-11-19,18,Caruaru,Salgados,Tapioca,12.0,3,Crédito,2.0,36.0
2025-11-19,18,Caruaru,Pratos,Baião de dois,28.0,1,Crédito,2.0,28.0
2025-11-19,18,Recife,Salgados,Tapioca,12.0,5,Pix,5.0,60.0
2025-11-20,7,Caruaru,Pratos,Cuscuz com carne de sol,22.0,3,Débito,1.0,66.0
2025-11-20,9,Olinda,Salgados,Tapioca,12.0,3,Pix,5.0,36.0
2025-11-20,9,Petrolina,Salgados,Tapioca,12.0,4,Crédito,5.0,48.0
2025-11-20,9,Recife,Bebidas,Caldo de cana,7.0,1,Dinheiro,2.0,7.0
2025-11-20,10,Recife,Doces,Bolo de rolo,9.0,4,Pix,4.0,36.0
2025-11-20,11,Recife,Salgados,Tapioca,12.0,1,Crédito,1.0,12.0
2025-11-20,12,Olinda,Pratos,Baião de dois,28.0,5,Pix,3.0,140.0
2025-11-20,17,Recife,Pratos,Macaxeira com charque,25.0,3,Pix,4.0,75.0
2025-11-20,18,Petrolina,Doces,Cartola,14.0,1,Pix,5.0,14.0
2025-11-20,18,Petrolina,Bebidas,Café,6.0,4,Pix,5.0,24.0
2025-11-20,19,Recife,Bebidas,Café,6.0,4,Pix,1.0,24.0
2025-11-20,20,Petrolina,Pratos,Cuscuz com carne de sol,22.0,1,Pix,2.0,22.0
2025-11-21,7,Olinda,Bebidas,Caldo de cana,7.0,1,Débito,2.0,7.0
2025-11-21,10,Recife,Doces,Bolo de rolo,9.0,5,Pix,5.0,45.0
2025-11-21,10,Garanhuns,Pratos,Cuscuz com carne de sol,22.0,4,Dinheiro,2.0,88.0
2025-11-21,12,Recife,Pratos,Cuscuz com carne de sol,22.0,5,Crédito,3.0,110.0
2025-11-21,13,Recife,Bebidas,Suco de caju,8.0,1,Pix,3.0,8.0
2025-11-21,13,Recife,Salgados,Tapioca,12.0,4,Débito,4.0,48.0
2025-11-21,14,Garanhuns,Bebidas,Caldo de cana,7.0,2,Crédito,3.0,14.0
2025-11-21,15,Olinda,Pratos,Baião de dois,28.0,4,Crédito,1.0,112.0
2025-11-21,15,Petrolina,Bebidas,Caldo de cana,7.0,4,Pix,5.0,28.0
2025-11-21,17,Recife,Salgados,Coxinha,7.5,2,Pix,3.0,15.0
2025-11-21,18,Olinda,Bebidas,Café,6.0,1,Débito,2.0,6.0
2025-11-21,20,Recife,Salgados,Coxinha,7.5,3,Pix,5.0,22.5
2025-11-21,20,Petrolina,Pratos,Cuscuz com carne de sol,22.0,1,Crédito,2.0,22.0
2025-11-21,20,Garanhuns,Doces,Cocada,5.0,2,Pix,4.0,10.0
2025-11-21,21,Recife,Pratos,Macaxeira com charque,25.0,4,Crédito,4.0,100.0
2025-11-21,21,Recife,Bebidas,Suco de caju,8.0,1,Pix,3.0,8.0
2025-11-22,7,Petrolina,Bebidas,Suco de caju,8.0,2,Débito,5.0,16.0
2025-11-22,8,Recife,Bebidas,Suco de caju,8.0,2,Débito,5.0,16.0
2025-11-22,9,Recife,Pratos,Baião de dois,28.0,5,Débito,2.0,140.0
2025-11-22,9,Caruaru,Doces,Cocada,5.0,2,Pix,4.0,10.0
2025-11-22,10,Garanhuns,Bebidas,Suco de caju,8.0,4,Crédito,3.0,32.0
2025-11-22,12,Recife,Bebidas,Suco de caju,8.0,4,Crédito,3.0,32.0
2025-11-22,13,Garanhuns,Doces,Cartola,14.0,3,Crédito,2.0,42.0
2025-11-22,14,Garanhuns,Doces,Cartola,14.0,1,Débito,2.0,14.0
2025-11-22,16,Olinda,Doces,Cocada,5.0,1,Crédito,2.0,5.0
2025-11-22,17,Caruaru,Doces,Bolo de rolo,9.0,1,Débito,3.0,9.0
2025-11-22,18,Petrolina,Doces,Cocada,5.0,5,Crédito,4.0,25.0
2025-11-23,7,Garanhuns,Salgados,Pastel,8.0,4,Pix,1.0,32.0
2025-11-23,8,Recife,Pratos,Macaxeira com charque,25.0,4,Pix,3.0,100.0
2025-11-23,11,Petrolina,Salgados,Tapioca,12.0,1,Débito,1.0,12.0
2025-11-23,12,Caruaru,Pratos,Cuscuz com carne de sol,22.0,1,Crédito,1.0,22.0
2025-11-23,15,Recife,Bebidas,Café,6.0,2,Dinheiro,5.0,12.0
2025-11-23,17,Recife,Doces,Cocada,5.0,1,Dinheiro,5.0,5.0
2025-11-23,19,Petrolina,Doces,Cocada,5.0,5,Pix,3.0,25.0
2025-11-23,21,Petrolina,Doces,Cocada,5.0,2,Crédito,2.0,10.0
2025-11-24,8,Caruaru,Pratos,Macaxeira com charque,25.0,2,Pix,2.0,50.0
2025-11-24,10,Recife,Doces,Cocada,5.0,5,Crédito,1.0,25.0
2025-11-24,11,Recife,Bebidas,Suco de caju,8.0,2,Pix,3.0,16.0
2025-11-24,16,Olinda,Bebidas,Caldo de cana,7.0,3,Crédito,5.0,21.0
2025-11-24,17,Caruaru,Bebidas,Café,6.0,1,Débito,3.0,6.0
2025-11-24,17,Olinda,Doces,Bolo de rolo,9.0,5,Pix,4.0,45.0
2025-11-25,9,Caruaru,Pratos,Cuscuz com carne de sol,22.0,4,Pix,3.0,88.0
2025-11-25,13,Olinda,Doces,Bolo de rolo,9.0,1,Pix,3.0,9.0
2025-11-25,14,Caruaru,Pratos,Baião de dois,28.0,5,Crédito,2.0,140.0
2025-11-25,16,Petrolina,Salgados,Tapioca,12.0,1,Crédito,4.0,12.0
2025-11-25,17,Recife,Bebidas,Café,6.0,5,Crédito,1.0,30.0
2025-11-25,18,Recife,Pratos,Cuscuz com carne de sol,22.0,2,Crédito,5.0,44.0
2025-11-25,19,Petrolina,Pratos,Baião de dois,28.0,5,Débito,3.0,140.0
2025-11-25,20,Caruaru,Doces,Cocada,5.0,3,Pix,5.0,15.0
2025-11-25,20,Petrolina,Doces,Cartola,14.0,3,Crédito,,42.0
2025-11-25,20,Recife,Bebidas,Caldo de cana,7.0,4,Crédito,1.0,28.0
2025-11-25,21,Recife,Doces,Cocada,5.0,2,Crédito,5.0,10.0
2025-11-26,8,Petrolina,Pratos,Macaxeira com charque,25.0,2,Débito,4.0,50.0
2025-11-26,8,Caruaru,Doces,Bolo de rolo,9.0,4,Pix,3.0,36.0
2025-11-26,8,Petrolina,Doces,Cocada,5.0,3,Pix,5.0,15.0
2025-11-26,10,Caruaru,Salgados,Pastel,8.0,3,Pix,4.0,24.0
2025-11-26,10,Olinda,Pratos,Cuscuz com carne de sol,22.0,2,Crédito,5.0,44.0
2025-11-26,10,Recife,Pratos,Baião de dois,28.0,2,Dinheiro,1.0,56.0
2025-11-26,11,Garanhuns,Bebidas,Café,6.0,1,Débito,1.0,6.0
2025-11-26,12,Olinda,Salgados,Coxinha,7.5,3,Débito,2.0,22.5
2025-11-26,13,Recife,Bebidas,Café,6.0,2,Débito,3.0,12.0
2025-11-26,14,Olinda,Doces,Cartola,14.0,5,Pix,1.0,70.0
2025-11-26,16,Recife,Salgados,Pastel,8.0,5,Pix,3.0,40.0
2025-11-26,17,Recife,Doces,Cartola,14.0,4,Débito,3.0,56.0
2025-11-26,17,Petrolina,Doces,Cartola,14.0,2,Pix,4.0,28.0
2025-11-26,21,Olinda,Bebidas,Café,6.0,5,Pix,4.0,30.0
2025-11-27,8,Garanhuns,Doces,Bolo de rolo,9.0,5,Pix,1.0,45.0
2025-11-27,8,Petrolina,Salgados,Coxinha,7.5,4,Débito,3.0,30.0
2025-11-27,9,Petrolina,Salgados,Coxinha,7.5,4,Dinheiro,3.0,30.0
2025-11-27,12,Petrolina,Salgados,Coxinha,7.5,3,Pix,5.0,22.5
2025-11-27,16,Olinda,Bebidas,Caldo de cana,7.0,2,Débito,2.0,14.0
2025-11-27,18,Recife,Doces,Bolo de rolo,9.0,5,Pix,4.0,45.0
2025-11-27,18,Recife,Salgados,Coxinha,7.5,2,Pix,3.0,15.0
2025-11-27,21,Caruaru,Pratos,Baião de dois,28.0,1,Dinheiro,4.0,28.0
2025-11-27,21,Petrolina,Pratos,Macaxeira com charque,25.0,5,Débito,3.0,125.0
2025-11-28,10,Caruaru,Pratos,Cuscuz com carne de sol,22.0,3,Pix,4.0,66.0
2025-11-28,12,Recife,Salgados,Pastel,8.0,4,Pix,4.0,32.0
2025-11-28,13,Garanhuns,Salgados,Tapioca,12.0,5,Pix,3.0,60.0
2025-11-28,14,Garanhuns,Doces,Cartola,14.0,3,Pix,2.0,42.0
2025-11-28,15,Petrolina,Bebidas,Suco de caju,8.0,4,Pix,3.0,32.0
2025-11-28,15,Olinda,Doces,Cartola,14.0,3,Pix,2.0,42.0
2025-11-28,15,Petrolina,Bebidas,Caldo de cana,7.0,4,Pix,1.0,28.0
2025-11-28,16,Recife,Doces,Cocada,5.0,4,Pix,3.0,20.0
2025-11-28,17,Caruaru,Bebidas,Caldo de cana,7.0,5,Pix,3.0,35.0
2025-11-28,17,Garanhuns,Salgados,Pastel,8.0,2,Débito,1.0,16.0
2025-11-28,18,Garanhuns,Salgados,Tapioca,12.0,4,Pix,4.0,48.0
2025-11-28,20,Petrolina,Pratos,Macaxeira com charque,25.0,1,Pix,3.0,25.0
2025-11-29,7,Recife,Bebidas,Caldo de cana,7.0,2,Crédito,3.0,14.0
2025-11-29,9,Recife,Pratos,Baião de dois,28.0,1,Débito,2.0,28.0
2025-11-29,9,Petrolina,Salgados,Tapioca,12.0,3,Débito,1.0,36.0
2025-11-29,9,Caruaru,Pratos,Macaxeira com charque,25.0,4,Crédito,1.0,100.0
2025-11-29,9,Caruaru,Bebidas,Caldo de cana,7.0,2,Dinheiro,1.0,14.0
2025-11-29,10,Garanhuns,Salgados,Tapioca,12.0,5,Crédito,4.0,60.0
2025-11-29,12,Recife,Doces,Cartola,14.0,1,Crédito,1.0,14.0
2025-11-29,13,Recife,Salgados,Coxinha,7.5,3,Crédito,2.0,22.5
2025-11-29,14,Olinda,Doces,Bolo de rolo,9.0,1,Pix,5.0,9.0
2025-11-29,15,Petrolina,Bebidas,Caldo de cana,7.0,1,Pix,3.0,7.0
2025-11-29,16,Recife,Pratos,Cuscuz com carne de sol,22.0,4,Dinheiro,5.0,88.0
2025-11-29,16,Petrolina,Salgados,Tapioca,12.0,4,Dinheiro,4.0,48.0
2025-11-30,7,Petrolina,Doces,Bolo de rolo,9.0,3,Débito,1.0,27.0
2025-11-30,7,Recife,Doces,Cartola,14.0,5,Débito,,70.0
2025-11-30,7,Caruaru,Salgados,Pastel,8.0,1,Dinheiro,2.0,8.0
2025-11-30,9,Petrolina,Bebidas,Caldo de cana,7.0,3,Pix,2.0,21.0
2025-11-30,11,Recife,Salgados,Pastel,8.0,2,Pix,1.0,16.0
2025-11-30,13,Recife,Salgados,Tapioca,12.0,4,Crédito,2.0,48.0
2025-11-30,13,Recife,Salgados,Coxinha,7.5,3,Débito,2.0,22.5
2025-11-30,14,Caruaru,Pratos,Baião de dois,28.0,3,Débito,2.0,84.0
2025-11-30,14,Garanhuns,Pratos,Macaxeira com charque,25.0,4,Dinheiro,1.0,100.0
2025-11-30,15,Olinda,Doces,Cartola,14.0,4,Pix,1.0,56.0
2025-11-30,16,Recife,Pratos,Cuscuz com carne de sol,22.0,1,Pix,5.0,22.0
2025-11-30,19,Caruaru,Pratos,Baião de dois,28.0,2,Crédito,3.0,56.0
2025-11-30,19,Garanhuns,Doces,Cartola,14.0,1,Débito,1.0,14.0
2025-11-30,19,Garanhuns,Doces,Cocada,5.0,2,Pix,1.0,10.0
2025-11-30,20,Recife,Bebidas,Café,6.0,1,Pix,4.0,6.0
2025-11-30,20,Recife,Pratos,Macaxeira com charque,25.0,4,Débito,3.0,100.0
2025-11-30,21,Petrolina,Pratos,Cuscuz com carne de sol,22.0,1,Crédito,4.0,22.0
2025-12-01,7,Recife,Bebidas,Suco de caju,8.0,3,Pix,3.0,24.0
2025-12-01,8,Petrolina,Doces,Cartola,14.0,5,Crédito,1.0,70.0
2025-12-01,8,Petrolina,Pratos,Macaxeira com charque,25.0,3,Pix,4.0,75.0
2025-12-01,8,Petrolina,Salgados,Tapioca,12.0,2,Pix,3.0,24.0
2025-12-01,8,Petrolina,Doces,Bolo de rolo,9.0,4,Pix,1.0,36.0
2025-12-01,9,Recife,Salgados,Coxinha,7.5,4,Crédito,5.0,30.0
2025-12-01,9,Olinda,Salgados,Pastel,8.0,3,Crédito,3.0,24.0
2025-12-01,10,Recife,Doces,Cartola,14.0,2,Pix,3.0,28.0
2025-12-01,12,Caruaru,Doces,Cocada,5.0,1,Dinheiro,1.0,5.0
2025-12-01,13,Recife,Bebidas,Caldo de cana,7.0,5,Dinheiro,4.0,35.0
2025-12-01,13,Caruaru,Salgados,Coxinha,7.5,3,Pix,3.0,22.5
2025-12-01,15,Caruaru,Salgados,Coxinha,7.5,5,Dinheiro,4.0,37.5
2025-12-01,18,Petrolina,Salgados,Tapioca,12.0,4,Pix,2.0,48.0
2025-12-01,20,Petrolina,Bebidas,Café,6.0,1,Débito,3.0,6.0
2025-12-01,20,Olinda,Pratos,Macaxeira com charque,25.0,1,Crédito,1.0,25.0
2025-12-01,21,Garanhuns,Bebidas,Suco de caju,8.0,2,Crédito,1.0,16.0
2025-12-01,21,Recife,Salgados,Coxinha,7.5,4,Pix,2.0,30.0
2025-12-02,8,Recife,Salgados,Pastel,8.0,2,Débito,5.0,16.0
2025-12-02,9,Caruaru,Bebidas,Suco de caju,8.0,3,Pix,4.0,24.0
2025-12-02,10,Garanhuns,Bebidas,Suco de caju,8.0,5,Pix,1.0,40.0
2025-12-02,11,Recife,Pratos,Macaxeira com charque,25.0,3,Débito,2.0,75.0
2025-12-02,12,Recife,Bebidas,Suco de caju,8.0,2,Pix,5.0,16.0
2025-12-02,12,Petrolina,Salgados,Coxinha,7.5,5,Pix,5.0,37.5
2025-12-02,13,Caruaru,Bebidas,Café,6.0,5,Crédito,1.0,30.0
2025-12-02,15,Olinda,Pratos,Cuscuz com carne de sol,22.0,3,Pix,1.0,66.0
2025-12-02,16,Caruaru,Bebidas,Café,6.0,5,Dinheiro,1.0,30.0
2025-12-02,16,Caruaru,Doces,Cocada,5.0,4,Dinheiro,3.0,20.0
2025-12-02,17,Caruaru,Pratos,Cuscuz com carne de sol,22.0,5,Pix,4.0,110.0
2025-12-02,18,Petrolina,Pratos,Baião de dois,28.0,5,Dinheiro,1.0,140.0
2025-12-02,18,Recife,Salgados,Tapioca,12.0,1,Crédito,3.0,12.0
2025-12-02,18,Recife,Salgados,Tapioca,12.0,2,Pix,1.0,24.0
2025-12-02,20,Garanhuns,Salgados,Pastel,8.0,2,Pix,2.0,16.0
2025-12-02,21,Petrolina,Bebidas,Caldo de cana,7.0,5,Pix,3.0,35.0
2025-12-03,7,Garanhuns,Pratos,Baião de dois,28.0,5,Pix,4.0,140.0
2025-12-03,8,Olinda,Salgados,Coxinha,7.5,3,Crédito,4.0,22.5
2025-12-03,8,Recife,Salgados,Coxinha,7.5,1,Crédito,,7.5
2025-12-03,8,Olinda,Pratos,Baião de dois,28.0,4,Crédito,5.0,112.0
2025-12-03,10,Petrolina,Bebidas,Suco de caju,8.0,2,Pix,4.0,16.0
2025-12-03,10,Petrolina,Pratos,Macaxeira com charque,25.0,2,Débito,2.0,50.0
2025-12-03,10,Caruaru,Bebidas,Suco de caju,8.0,5,Crédito,1.0,40.0
2025-12-03,11,Recife,Salgados,Pastel,8.0,2,Crédito,3.0,16.0
2025-12-03,12,Caruaru,Bebidas,Suco de caju,8.0,2,Débito,3.0,16.0
2025-12-03,13,Recife,Doces,Cocada,5.0,5,Crédito,5.0,25.0
2025-12-03,15,Recife,Salgados,Coxinha,7.5,2,Pix,3.0,15.0
2025-12-03,15,Caruaru,Salgados,Tapioca,12.0,3,Débito,4.0,36.0
2025-12-03,17,Recife,Pratos,Baião de dois,28.0,4,Pix,3.0,112.0
2025-12-03,18,Caruaru,Doces,Bolo de rolo,9.0,4,Dinheiro,4.0,36.0
2025-12-03,18,Petrolina,Pratos,Macaxeira com charque,25.0,2,Dinheiro,4.0,50.0
2025-12-03,18,Caruaru,Salgados,Pastel,8.0,5,Pix,4.0,40.0
2025-12-03,20,Olinda,Doces,Cocada,5.0,1,Pix,5.0,5.0
2025-12-03,20,Recife,Pratos,Macaxeira com charque,25.0,5,Pix,1.0,125.0
2025-12-04,11,Recife,Pratos,Macaxeira com charque,25.0,3,Pix,1.0,75.0
2025-12-04,12,Recife,Salgados,Tapioca,12.0,1,Pix,4.0,12.0
2025-12-04,14,Garanhuns,Bebidas,Caldo de cana,7.0,5,Débito,,35.0
2025-12-04,15,Recife,Doces,Bolo de rolo,9.0,3,Débito,2.0,27.0
2025-12-04,15,Olinda,Bebidas,Caldo de cana,7.0,5,Débito,2.0,35.0
2025-12-04,15,Recife,Salgados,Coxinha,7.5,4,Crédito,2.0,30.0
2025-12-04,15,Olinda,Pratos,Macaxeira com charque,25.0,5,Crédito,4.0,125.0
2025-12-04,16,Recife,Pratos,Baião de dois,28.0,1,Pix,2.0,28.0
2025-12-04,16,Olinda,Bebidas,Suco de caju,8.0,2,Crédito,2.0,16.0
2025-12-04,18,Olinda,Bebidas,Caldo de cana,7.0,2,Pix,3.0,14.0
2025-12-04,20,Caruaru,Doces,Cartola,14.0,1,Débito,3.0,14.0
2025-12-05,7,Caruaru,Doces,Cocada,5.0,3,Débito,5.0,15.0
2025-12-05,11,Recife,Doces,Bolo de rolo,9.0,4,Crédito,4.0,36.0
2025-12-05,11,Caruaru,Salgados,Coxinha,7.5,2,Débito,2.0,15.0
2025-12-05,14,Petrolina,Doces,Bolo de rolo,9.0,1,Pix,1.0,9.0
2025-12-05,15,Recife,Salgados,Coxinha,7.5,3,Crédito,4.0,22.5
2025-12-05,15,Garanhuns,Pratos,Macaxeira com charque,25.0,4,Pix,1.0,100.0
2025-12-05,17,Caruaru,Pratos,Cuscuz com carne de sol,22.0,3,Pix,1.0,66.0
2025-12-05,17,Recife,Doces,Bolo de rolo,9.0,3,Crédito,1.0,27.0
2025-12-05,18,Petrolina,Pratos,Baião de dois,28.0,5,Crédito,4.0,140.0
2025-12-05,20,Petrolina,Doces,Bolo de rolo,9.0,4,Débito,2.0,36.0
2025-12-05,20,Recife,Doces,Cocada,5.0,4,Crédito,4.0,20.0
2025-12-05,20,Caruaru,Salgados,Tapioca,12.0,3,Crédito,1.0,36.0
2025-12-06,7,Caruaru,Bebidas,Café,6.0,5,Pix,2.0,30.0
2025-12-06,8,Petrolina,Bebidas,Suco de caju,8.0,2,Pix,4.0,16.0
2025-12-06,9,Olinda,Doces,Cartola,14.0,4,Dinheiro,5.0,56.0
2025-12-06,10,Olinda,Pratos,Macaxeira com charque,25.0,4,Dinheiro,4.0,100.0
2025-12-06,10,Caruaru,Bebidas,Suco de caju,8.0,5,Pix,5.0,40.0
2025-12-06,10,Garanhuns,Salgados,Pastel,8.0,3,Pix,2.0,24.0
2025-12-06,12,Recife,Bebidas,Café,6.0,2,Pix,4.0,12.0
2025-12-06,14,Caruaru,Salgados,Tapioca,12.0,5,Crédito,2.0,60.0
2025-12-06,16,Olinda,Bebidas,Caldo de cana,7.0,3,Crédito,3.0,21.0
2025-12-06,17,Petrolina,Pratos,Cuscuz com carne de sol,22.0,3,Pix,1.0,66.0
2025-12-06,18,Caruaru,Bebidas,Caldo de cana,7.0,5,Pix,4.0,35.0
2025-12-06,19,Caruaru,Salgados,Pastel,8.0,1,Dinheiro,5.0,8.0
2025-12-06,21,Olinda,Pratos,Baião de dois,28.0,4,Pix,5.0,112.0
2025-12-07,7,Recife,Salgados,Coxinha,7.5,3,Crédito,4.0,22.5
2025-12-07,7,Olinda,Bebidas,Caldo de cana,7.0,4,Crédito,2.0,28.0
2025-12-07,7,Olinda,Doces,Cocada,5.0,2,Dinheiro,1.0,10.0
2025-12-07,7,Recife,Salgados,Tapioca,12.0,3,Pix,1.0,36.0
2025-12-07,8,Garanhuns,Pratos,Cuscuz com carne de sol,22.0,5,Débito,5.0,110.0
2025-12-07,9,Recife,Doces,Bolo de rolo,9.0,4,Crédito,3.0,36.0
2025-12-07,12,Garanhuns,Salgados,Tapioca,12.0,4,Pix,5.0,48.0
2025-12-07,14,Garanhuns,Bebidas,Café,6.0,3,Crédito,4.0,18.0
2025-12-07,14,Caruaru,Bebidas,Café,6.0,1,Débito,4.0,6.0
2025-12-07,15,Caruaru,Salgados,Pastel,8.0,3,Pix,4.0,24.0
2025-12-07,16,Petrolina,Bebidas,Suco de caju,8.0,1,Crédito,3.0,8.0
2025-12-07,16,Caruaru,Bebidas,Café,6.0,5,Pix,3.0,30.0
2025-12-07,17,Recife,Doces,Cocada,5.0,3,Crédito,3.0,15.0
2025-12-07,17,Petrolina,Salgados,Pastel,8.0,2,Pix,4.0,16.0
2025-12-08,8,Recife,Bebidas,Café,6.0,4,Crédito,5.0,24.0
2025-12-08,9,Recife,Doces,Cocada,5.0,4,Pix,4.0,20.0
2025-12-08,10,Garanhuns,Salgados,Coxinha,7.5,5,Dinheiro,5.0,37.5
2025-12-08,11,Recife,Doces,Bolo de rolo,9.0,4,Pix,4.0,36.0
2025-12-08,12,Caruaru,Bebidas,Café,6.0,4,Pix,5.0,24.0
2025-12-08,12,Recife,Bebidas,Suco de caju,8.0,5,Crédito,5.0,40.0
2025-12-08,13,Caruaru,Bebidas,Suco de caju,8.0,1,Débito,4.0,8.0
2025-12-08,13,Petrolina,Salgados,Coxinha,7.5,3,Pix,3.0,22.5
2025-12-08,16,Recife,Salgados,Pastel,8.0,3,Dinheiro,5.0,24.0
2025-12-08,16,Recife,Doces,Cartola,14.0,2,Pix,2.0,28.0
2025-12-08,16,Garanhuns,Pratos,Cuscuz com carne de sol,22.0,4,Pix,2.0,88.0
2025-12-08,19,Recife,Pratos,Baião de dois,28.0,3,Pix,5.0,84.0
2025-12-08,20,Recife,Pratos,Macaxeira com charque,25.0,5,Pix,5.0,125.0
2025-12-08,20,Olinda,Bebidas,Caldo de cana,7.0,4,Pix,1.0,28.0
2025-12-09,7,Recife,Salgados,Pastel,8.0,4,Débito,3.0,32.0
2025-12-09,7,Recife,Bebidas,Suco de caju,8.0,2,Pix,2.0,16.0
2025-12-09,7,Recife,Bebidas,Café,6.0,3,Débito,5.0,18.0
2025-12-09,8,Petrolina,Bebidas,Café,6.0,4,Débito,5.0,24.0
2025-12-09,11,Caruaru,Pratos,Macaxeira com charque,25.0,1,Crédito,5.0,25.0
2025-12-09,11,Caruaru,Pratos,Macaxeira com charque,25.0,1,Pix,2.0,25.0
2025-12-09,14,Caruaru,Pratos,Cuscuz com carne de sol,22.0,5,Crédito,3.0,110.0
2025-12-09,15,Garanhuns,Pratos,Cuscuz com carne de sol,22.0,1,Débito,1.0,22.0
2025-12-09,16,Caruaru,Pratos,Cuscuz com carne de sol,22.0,3,Débito,3.0,66.0
2025-12-09,16,Olinda,Doces,Cartola,14.0,4,Débito,5.0,56.0
2025-12-09,16,Garanhuns,Pratos,Macaxeira com charque,25.0,4,Crédito,5.0,100.0
2025-12-09,16,Recife,Pratos,Macaxeira com charque,25.0,5,Débito,1.0,125.0
2025-12-09,17,Recife,Salgados,Tapioca,12.0,1,Crédito,5.0,12.0
2025-12-09,18,Recife,Salgados,Tapioca,12.0,4,Débito,1.0,48.0
2025-12-09,18,Petrolina,Doces,Cocada,5.0,3,Dinheiro,2.0,15.0
2025-12-09,19,Recife,Salgados,Tapioca,12.0,4,Dinheiro,2.0,48.0
2025-12-09,19,Petrolina,Salgados,Tapioca,12.0,2,Crédito,1.0,24.0
2025-12-09,20,Garanhuns,Doces,Bolo de rolo,9.0,4,Pix,1.0,36.0
2025-12-09,20,Olinda,Bebidas,Café,6.0,3,Pix,3.0,18.0
2025-12-09,21,Recife,Pratos,Baião de dois,28.0,5,Pix,1.0,140.0
2025-12-09,21,Caruaru,Pratos,Baião de dois,28.0,3,Pix,2.0,84.0
2025-12-09,21,Recife,Salgados,Pastel,8.0,4,Dinheiro,5.0,32.0
2025-12-10,9,Olinda,Pratos,Macaxeira com charque,25.0,2,Débito,1.0,50.0
2025-12-10,9,Recife,Pratos,Macaxeira com charque,25.0,2,Pix,3.0,50.0
2025-12-10,13,Olinda,Pratos,Macaxeira com charque,25.0,5,Pix,2.0,125.0
2025-12-10,13,Olinda,Salgados,Pastel,8.0,3,Crédito,3.0,24.0
2025-12-10,15,Recife,Doces,Bolo de rolo,9.0,3,Pix,5.0,27.0
2025-12-10,16,Caruaru,Bebidas,Caldo de cana,7.0,1,Dinheiro,4.0,7.0
2025-12-10,18,Caruaru,Pratos,Cuscuz com carne de sol,22.0,4,Débito,4.0,88.0
2025-12-10,18,Recife,Doces,Bolo de rolo,9.0,3,Crédito,2.0,27.0
2025-12-10,19,Caruaru,Pratos,Baião de dois,28.0,5,Débito,4.0,140.0
2025-12-11,7,Olinda,Bebidas,Suco de caju,8.0,1,Dinheiro,5.0,8.0
2025-12-11,9,Recife,Bebidas,Suco de caju,8.0,5,Débito,2.0,40.0
2025-12-11,10,Petrolina,Doces,Cocada,5.0,2,Débito,,10.0
2025-12-11,10,Garanhuns,Pratos,Cuscuz com carne de sol,22.0,5,Dinheiro,5.0,110.0
2025-12-11,11,Recife,Pratos,Cuscuz com carne de sol,22.0,1,Débito,5.0,22.0
2025-12-11,11,Petrolina,Pratos,Baião de dois,28.0,2,Pix,1.0,56.0
2025-12-11,11,Caruaru,Doces,Bolo de rolo,9.0,3,Crédito,1.0,27.0
2025-12-11,13,Caruaru,Doces,Cocada,5.0,4,Pix,1.0,20.0
2025-12-11,14,Recife,Pratos,Baião de dois,28.0,5,Pix,4.0,140.0
2025-12-11,17,Petrolina,Doces,Cartola,14.0,2,Dinheiro,2.0,28.0
2025-12-11,18,Caruaru,Bebidas,Café,6.0,5,Débito,2.0,30.0
2025-12-11,19,Petrolina,Bebidas,Suco de caju,8.0,4,Pix,1.0,32.0
2025-12-12,7,Caruaru,Salgados,Coxinha,7.5,2,Crédito,4.0,15.0
2025-12-12,8,Caruaru,Bebidas,Suco de caju,8.0,2,Crédito,5.0,16.0
2025-12-12,12,Petrolina,Doces,Cocada,5.0,2,Crédito,2.0,10.0
2025-12-12,13,Recife,Pratos,Baião de dois,28.0,5,Dinheiro,3.0,140.0
2025-12-12,17,Recife,Doces,Bolo de rolo,9.0,4,Débito,5.0,36.0
2025-12-12,17,Garanhuns,Salgados,Tapioca,12.0,2,Pix,5.0,24.0
2025-12-12,21,Recife,Bebidas,Caldo de cana,7.0,2,Pix,4.0,14.0
2025-12-13,7,Recife,Pratos,Macaxeira com charque,25.0,2,Débito,3.0,50.0
2025-12-13,8,Recife,Doces,Cartola,14.0,3,Pix,1.0,42.0
2025-12-13,8,Recife,Doces,Cartola,14.0,2,Pix,4.0,28.0
2025-12-13,9,Garanhuns,Salgados,Coxinha,7.5,4,Pix,1.0,30.0
2025-12-13,9,Petrolina,Doces,Cocada,5.0,1,Dinheiro,5.0,5.0
2025-12-13,11,Recife,Pratos,Baião de dois,28.0,1,Pix,2.0,28.0
2025-12-13,12,Recife,Pratos,Cuscuz com carne de sol,22.0,4,Pix,2.0,88.0
2025-12-13,16,Recife,Pratos,Macaxeira com charque,25.0,2,Pix,2.0,50.0
2025-12-13,18,Petrolina,Pratos,Baião de dois,28.0,2,Pix,1.0,56.0
2025-12-13,19,Caruaru,Pratos,Macaxeira com charque,25.0,2,Crédito,2.0,50.0
2025-12-13,19,Petrolina,Bebidas,Suco de caju,8.0,2,Crédito,1.0,16.0
2025-12-13,19,Caruaru,Doces,Bolo de rolo,9.0,4,Crédito,5.0,36.0
2025-12-13,20,Olinda,Salgados,Tapioca,12.0,1,Crédito,4.0,12.0
2025-12-14,9,Olinda,Salgados,Tapioca,12.0,2,Pix,1.0,24.0
2025-12-14,10,Olinda,Pratos,Macaxeira com charque,25.0,2,Débito,5.0,50.0
2025-12-14,10,Recife,Bebidas,Caldo de cana,7.0,1,Crédito,5.0,7.0
2025-12-14,11,Caruaru,Doces,Cartola,14.0,3,Crédito,5.0,42.0
2025-12-14,12,Caruaru,Bebidas,Suco de caju,8.0,3,Débito,1.0,24.0
2025-12-14,14,Caruaru,Salgados,Tapioca,12.0,1,Crédito,4.0,12.0
2025-12-14,16,Olinda,Pratos,Baião de dois,28.0,2,Pix,5.0,56.0
2025-12-14,19,Petrolina,Bebidas,Caldo de cana,7.0,3,Pix,4.0,21.0
2025-12-14,20,Recife,Pratos,Baião de dois,28.0,2,Débito,1.0,56.0
2025-12-15,7,Recife,Doces,Bolo de rolo,9.0,4,Débito,3.0,36.0
2025-12-15,9,Recife,Salgados,Coxinha,7.5,5,Pix,2.0,37.5
2025-12-15,10,Caruaru,Doces,Cartola,14.0,3,Dinheiro,3.0,42.0
2025-12-15,11,Olinda,Doces,Bolo de rolo,9.0,5,Débito,2.0,45.0
2025-12-15,13,Olinda,Pratos,Macaxeira com charque,25.0,5,Pix,2.0,125.0
2025-12-15,16,Recife,Bebidas,Caldo de cana,7.0,1,Dinheiro,4.0,7.0
2025-12-15,20,Recife,Pratos,Macaxeira com charque,25.0,2,Pix,4.0,50.0
2025-12-15,20,Olinda,Pratos,Cuscuz com carne de sol,22.0,4,Débito,3.0,88.0
2025-12-16,11,Recife,Pratos,Macaxeira com charque,25.0,2,Crédito,3.0,50.0
2025-12-16,12,Recife,Salgados,Pastel,8.0,2,Débito,5.0,16.0
2025-12-16,13,Olinda,Pratos,Baião de dois,28.0,3,Dinheiro,3.0,84.0
2025-12-16,15,Petrolina,Bebidas,Café,6.0,2,Pix,5.0,12.0
2025-12-16,16,Garanhuns,Salgados,Tapioca,12.0,2,Crédito,4.0,24.0
2025-12-16,16,Recife,Doces,Cocada,5.0,2,Crédito,,10.0
2025-12-16,17,Petrolina,Doces,Cartola,14.0,3,Crédito,1.0,42.0
2025-12-16,19,Olinda,Salgados,Pastel,8.0,3,Pix,1.0,24.0
2025-12-16,21,Caruaru,Bebidas,Caldo de cana,7.0,5,Crédito,2.0,35.0
2025-12-17,7,Garanhuns,Salgados,Coxinha,7.5,3,Pix,2.0,22.5
2025-12-17,8,Petrolina,Doces,Bolo de rolo,9.0,2,Débito,3.0,18.0
2025-12-17,10,Caruaru,Salgados,Pastel,8.0,2,Pix,5.0,16.0
2025-12-17,11,Garanhuns,Doces,Cartola,14.0,4,Dinheiro,2.0,56.0
2025-12-17,11,Recife,Pratos,Macaxeira com charque,25.0,4,Pix,5.0,100.0
2025-12-17,11,Caruaru,Doces,Cartola,14.0,4,Pix,1.0,56.0
2025-12-17,13,Olinda,Pratos,Cuscuz com carne de sol,22.0,3,Pix,3.0,66.0
2025-12-17,14,Petrolina,Salgados,Pastel,8.0,3,Débito,4.0,24.0
2025-12-17,15,Recife,Bebidas,Suco de caju,8.0,5,Débito,1.0,40.0
2025-12-17,17,Petrolina,Doces,Bolo de rolo,9.0,5,Débito,3.0,45.0
2025-12-17,17,Caruaru,Doces,Cartola,14.0,5,Débito,5.0,70.0
2025-12-17,18,Caruaru,Doces,Cartola,14.0,2,Pix,3.0,28.0
2025-12-17,19,Recife,Bebidas,Caldo de cana,7.0,2,Crédito,1.0,14.0
2025-12-17,20,Olinda,Pratos,Baião de dois,28.0,3,Crédito,1.0,84.0
2025-12-18,7,Recife,Pratos,Baião de dois,28.0,1,Dinheiro,1.0,28.0
2025-12-18,7,Petrolina,Pratos,Baião de dois,28.0,2,Crédito,2.0,56.0
2025-12-18,7,Caruaru,Pratos,Baião de dois,28.0,4,Pix,4.0,112.0
2025-12-18,7,Garanhuns,Doces,Cartola,14.0,3,Crédito,5.0,42.0
2025-12-18,9,Garanhuns,Pratos,Cuscuz com carne de sol,22.0,5,Débito,5.0,110.0
2025-12-18,12,Caruaru,Salgados,Coxinha,7.5,5,Débito,2.0,37.5
2025-12-18,14,Olinda,Salgados,Tapioca,12.0,3,Pix,3.0,36.0
2025-12-18,16,Olinda,Salgados,Pastel,8.0,2,Pix,2.0,16.0
2025-12-18,18,Recife,Salgados,Pastel,8.0,1,Crédito,2.0,8.0
2025-12-18,18,Caruaru,Pratos,Cuscuz com carne de sol,22.0,3,Crédito,1.0,66.0
2025-12-18,19,Recife,Bebidas,Suco de caju,8.0,4,Crédito,3.0,32.0
2025-12-18,21,Olinda,Salgados,Pastel,8.0,5,Crédito,1.0,40.0
2025-12-19,7,Recife,Doces,Cartola,14.0,4,Débito,5.0,56.0
2025-12-19,8,Petrolina,Bebidas,Café,6.0,4,Pix,4.0,24.0
2025-12-19,12,Garanhuns,Salgados,Pastel,8.0,4,Dinheiro,5.0,32.0
2025-12-19,13,Olinda,Pratos,Macaxeira com charque,25.0,1,Pix,2.0,25.0
2025-12-19,16,Caruaru,Salgados,Pastel,8.0,2,Débito,2.0,16.0
2025-12-19,16,Recife,Doces,Bolo de rolo,9.0,5,Crédito,3.0,45.0
2025-12-19,18,Recife,Bebidas,Caldo de cana,7.0,2,Pix,1.0,14.0
2025-12-19,18,Recife,Salgados,Coxinha,7.5,5,Pix,2.0,37.5
2025-12-19,20,Caruaru,Bebidas,Caldo de cana,7.0,1,Débito,2.0,7.0
2025-12-20,8,Garanhuns,Bebidas,Suco de caju,8.0,4,Crédito,3.0,32.0
2025-12-20,10,Caruaru,Salgados,Pastel,8.0,5,Pix,4.0,40.0
2025-12-20,11,Olinda,Pratos,Macaxeira com charque,25.0,3,Crédito,1.0,75.0
2025-12-20,11,Olinda,Bebidas,Café,6.0,5,Pix,3.0,30.0
2025-12-20,12,Recife,Salgados,Coxinha,7.5,4,Dinheiro,3.0,30.0
2025-12-20,12,Recife,Bebidas,Suco de caju,8.0,2,Crédito,1.0,16.0
2025-12-20,13,Olinda,Doces,Bolo de rolo,9.0,2,Débito,4.0,18.0
2025-12-20,14,Petrolina,Pratos,Cuscuz com carne de sol,22.0,1,Crédito,4.0,22.0
2025-12-20,19,Olinda,Bebidas,Suco de caju,8.0,2,Pix,5.0,16.0
2025-12-20,21,Recife,Salgados,Tapioca,12.0,2,Dinheiro,5.0,24.0
2025-12-21,7,Recife,Salgados,Coxinha,7.5,4,Pix,3.0,30.0
2025-12-21,8,Caruaru,Salgados,Pastel,8.0,4,Pix,5.0,32.0
2025-12-21,10,Petrolina,Salgados,Pastel,8.0,5,Débito,5.0,40.0
2025-12-21,11,Olinda,Salgados,Coxinha,7.5,4,Débito,1.0,30.0
2025-12-21,11,Recife,Salgados,Tapioca,12.0,5,Crédito,3.0,60.0
2025-12-21,13,Olinda,Doces,Cocada,5.0,4,Pix,5.0,20.0
2025-12-21,15,Petrolina,Bebidas,Café,6.0,4,Débito,4.0,24.0
2025-12-21,16,Recife,Pratos,Macaxeira com charque,25.0,3,Pix,2.0,75.0
2025-12-21,17,Recife,Bebidas,Caldo de cana,7.0,3,Pix,2.0,21.0
2025-12-22,8,Recife,Bebidas,Suco de caju,8.0,5,Pix,3.0,40.0
2025-12-22,9,Recife,Pratos,Macaxeira com charque,25.0,3,Crédito,2.0,75.0
2025-12-22,9,Garanhuns,Bebidas,Suco de caju,8.0,5,Pix,4.0,40.0
2025-12-22,11,Recife,Pratos,Cuscuz com carne de sol,22.0,2,Pix,1.0,44.0
2025-12-22,11,Caruaru,Salgados,Coxinha,7.5,4,Pix,2.0,30.0
2025-12-22,12,Petrolina,Pratos,Macaxeira com charque,25.0,3,Crédito,5.0,75.0
2025-12-22,12,Recife,Bebidas,Caldo de cana,7.0,4,Pix,3.0,28.0
2025-12-22,12,Petrolina,Bebidas,Suco de caju,8.0,1,Crédito,1.0,8.0
2025-12-22,14,Recife,Bebidas,Caldo de cana,7.0,4,Crédito,1.0,28.0
2025-12-22,15,Olinda,Bebidas,Suco de caju,8.0,5,Débito,1.0,40.0
2025-12-22,21,Petrolina,Doces,Cocada,5.0,4,Pix,3.0,20.0
2025-12-22,21,Recife,Bebidas,Café,6.0,5,Débito,2.0,30.0
2025-12-23,8,Recife,Salgados,Tapioca,12.0,1,Pix,1.0,12.0
2025-12-23,10,Petrolina,Salgados,Pastel,8.0,4,Crédito,3.0,32.0
2025-12-23,11,Recife,Salgados,Tapioca,12.0,4,Dinheiro,3.0,48.0
2025-12-23,12,Olinda,Bebidas,Suco de caju,8.0,5,Dinheiro,5.0,40.0
2025-12-23,16,Caruaru,Doces,Cartola,14.0,4,Dinheiro,3.0,56.0
2025-12-23,18,Recife,Bebidas,Suco de caju,8.0,2,Pix,2.0,16.0
2025-12-23,19,Recife,Pratos,Macaxeira com charque,25.0,5,Pix,3.0,125.0
2025-12-24,7,Garanhuns,Salgados,Pastel,8.0,5,Pix,2.0,40.0
2025-12-24,7,Recife,Bebidas,Suco de caju,8.0,3,Débito,5.0,24.0
2025-12-24,7,Petrolina,Salgados,Coxinha,7.5,2,Crédito,3.0,15.0
2025-12-24,9,Recife,Pratos,Baião de dois,28.0,4,Pix,5.0,112.0
2025-12-24,10,Recife,Bebidas,Café,6.0,4,Crédito,1.0,24.0
2025-12-24,10,Recife,Salgados,Coxinha,7.5,1,Crédito,5.0,7.5
2025-12-24,11,Petrolina,Doces,Bolo de rolo,9.0,3,Pix,2.0,27.0
2025-12-24,12,Caruaru,Salgados,Tapioca,12.0,3,Débito,2.0,36.0
2025-12-24,12,Olinda,Salgados,Pastel,8.0,1,Débito,4.0,8.0
2025-12-24,13,Recife,Bebidas,Suco de caju,8.0,2,Débito,5.0,16.0
2025-12-24,16,Recife,Pratos,Cuscuz com carne de sol,22.0,2,Pix,3.0,44.0
2025-12-24,19,Olinda,Pratos,Cuscuz com carne de sol,22.0,4,Pix,1.0,88.0
2025-12-24,19,Olinda,Doces,Cocada,5.0,3,Crédito,1.0,15.0
2025-12-24,19,Recife,Salgados,Coxinha,7.5,2,Pix,2.0,15.0
2025-12-25,8,Recife,Salgados,Pastel,8.0,4,Dinheiro,2.0,32.0
2025-12-25,9,Recife,Pratos,Cuscuz com carne de sol,22.0,2,Crédito,1.0,44.0
2025-12-25,10,Petrolina,Bebidas,Caldo de cana,7.0,4,Crédito,2.0,28.0
2025-12-25,12,Caruaru,Bebidas,Suco de caju,8.0,5,Pix,5.0,40.0
2025-12-25,13,Olinda,Salgados,Coxinha,7.5,1,Crédito,2.0,7.5
2025-12-25,16,Petrolina,Pratos,Baião de dois,28.0,4,Pix,2.0,112.0
2025-12-25,18,Recife,Bebidas,Café,6.0,5,Pix,1.0,30.0
2025-12-25,20,Recife,Doces,Cocada,5.0,1,Débito,3.0,5.0
2025-12-26,9,Caruaru,Doces,Bolo de rolo,9.0,1,Crédito,5.0,9.0
2025-12-26,11,Recife,Salgados,Pastel,8.0,2,Crédito,5.0,16.0
2025-12-26,15,Caruaru,Doces,Cocada,5.0,3,Débito,1.0,15.0
2025-12-26,15,Recife,Pratos,Macaxeira com charque,25.0,4,Débito,3.0,100.0
2025-12-26,18,Recife,Doces,Cartola,14.0,3,Débito,3.0,42.0
2025-12-26,19,Petrolina,Bebidas,Café,6.0,1,Pix,3.0,6.0
2025-12-26,20,Recife,Salgados,Tapioca,12.0,5,Pix,1.0,60.0
2025-12-27,7,Caruaru,Salgados,Tapioca,12.0,4,Pix,5.0,48.0
2025-12-27,8,Caruaru,Pratos,Baião de dois,28.0,4,Pix,5.0,112.0
2025-12-27,11,Petrolina,Bebidas,Suco de caju,8.0,2,Débito,5.0,16.0
2025-12-27,11,Olinda,Doces,Cocada,5.0,5,Pix,5.0,25.0
2025-12-27,13,Recife,Bebidas,Café,6.0,4,Débito,5.0,24.0
2025-12-27,14,Caruaru,Salgados,Pastel,8.0,4,Pix,5.0,32.0
2025-12-27,15,Olinda,Pratos,Cuscuz com carne de sol,22.0,3,Débito,5.0,66.0
2025-12-27,16,Recife,Bebidas,Suco de caju,8.0,5,Crédito,4.0,40.0
2025-12-27,16,Caruaru,Salgados,Pastel,8.0,1,Débito,5.0,8.0
2025-12-27,17,Recife,Pratos,Cuscuz com carne de sol,22.0,2,Pix,3.0,44.0
2025-12-27,17,Recife,Bebidas,Suco de caju,8.0,1,Pix,1.0,8.0
2025-12-27,20,Recife,Bebidas,Café,6.0,3,Crédito,3.0,18.0
2025-12-28,7,Recife,Bebidas,Suco de caju,8.0,4,Pix,4.0,32.0
2025-12-28,7,Garanhuns,Bebidas,Café,6.0,1,Dinheiro,1.0,6.0
2025-12-28,7,Caruaru,Doces,Cartola,14.0,4,Crédito,5.0,56.0
2025-12-28,7,Olinda,Pratos,Baião de dois,28.0,4,Pix,2.0,112.0
2025-12-28,7,Olinda,Pratos,Baião de dois,28.0,5,Dinheiro,1.0,140.0
2025-12-28,8,Garanhuns,Bebidas,Caldo de cana,7.0,5,Crédito,1.0,35.0
2025-12-28,8,Caruaru,Salgados,Tapioca,12.0,1,Crédito,5.0,12.0
2025-12-28,8,Garanhuns,Doces,Cartola,14.0,4,Pix,2.0,56.0
2025-12-28,9,Recife,Pratos,Macaxeira com charque,25.0,3,Pix,2.0,75.0
2025-12-28,9,Olinda,Pratos,Cuscuz com carne de sol,22.0,5,Pix,4.0,110.0
2025-12-28,10,Garanhuns,Salgados,Pastel,8.0,3,Pix,4.0,24.0
2025-12-28,11,Olinda,Salgados,Coxinha,7.5,5,Pix,5.0,37.5
2025-12-28,12,Recife,Pratos,Cuscuz com carne de sol,22.0,1,Débito,3.0,22.0
2025-12-28,13,Caruaru,Pratos,Macaxeira com charque,25.0,2,Débito,2.0,50.0
2025-12-28,14,Petrolina,Bebidas,Café,6.0,1,Dinheiro,2.0,6.0
2025-12-28,14,Caruaru,Bebidas,Caldo de cana,7.0,2,Dinheiro,4.0,14.0
2025-12-28,17,Recife,Pratos,Macaxeira com charque,25.0,1,Pix,4.0,25.0
2025-12-28,17,Recife,Doces,Cartola,14.0,2,Pix,3.0,28.0
2025-12-28,18,Caruaru,Pratos,Cuscuz com carne de sol,22.0,2,Débito,2.0,44.0
2025-12-28,19,Caruaru,Pratos,Baião de dois,28.0,1,Pix,5.0,28.0
2025-12-28,19,Garanhuns,Bebidas,Caldo de cana,7.0,4,Pix,1.0,28.0
2025-12-28,20,Recife,Pratos,Cuscuz com carne de sol,22.0,5,Pix,2.0,110.0
2025-12-28,21,Recife,Bebidas,Café,6.0,4,Pix,3.0,24.0
2025-12-29,7,Caruaru,Doces,Bolo de rolo,9.0,5,Dinheiro,4.0,45.0
2025-12-29,7,Recife,Salgados,Coxinha,7.5,2,Pix,3.0,15.0
2025-12-29,9,Olinda,Pratos,Cuscuz com carne de sol,22.0,4,Pix,3.0,88.0
2025-12-29,9,Olinda,Salgados,Pastel,8.0,2,Crédito,1.0,16.0
2025-12-29,12,Garanhuns,Doces,Bolo de rolo,9.0,5,Dinheiro,2.0,45.0
2025-12-29,13,Caruaru,Salgados,Pastel,8.0,3,Crédito,3.0,24.0
2025-12-29,13,Caruaru,Pratos,Macaxeira com charque,25.0,2,Crédito,4.0,50.0
2025-12-29,14,Garanhuns,Bebidas,Café,6.0,1,Pix,5.0,6.0
2025-12-29,14,Garanhuns,Pratos,Macaxeira com charque,25.0,3,Pix,5.0,75.0
2025-12-29,15,Olinda,Salgados,Tapioca,12.0,3,Pix,5.0,36.0
2025-12-29,15,Recife,Salgados,Tapioca,12.0,2,Débito,3.0,24.0
2025-12-29,16,Petrolina,Pratos,Cuscuz com carne de sol,22.0,1,Pix,3.0,22.0
2025-12-29,16,Caruaru,Bebidas,Caldo de cana,7.0,4,Crédito,4.0,28.0
2025-12-29,17,Garanhuns,Salgados,Tapioca,12.0,4,Débito,5.0,48.0
2025-12-29,18,Caruaru,Pratos,Baião de dois,28.0,2,Pix,5.0,56.0
2025-12-29,21,Petrolina,Bebidas,Caldo de cana,7.0,4,Pix,4.0,28.0
2025-12-30,7,Recife,Salgados,Pastel,8.0,2,Pix,1.0,16.0
2025-12-30,7,Recife,Salgados,Pastel,8.0,4,Pix,5.0,32.0
2025-12-30,8,Recife,Doces,Bolo de rolo,9.0,2,Crédito,5.0,18.0
2025-12-30,9,Caruaru,Bebidas,Suco de caju,8.0,5,Pix,2.0,40.0
2025-12-30,9,Petrolina,Pratos,Cuscuz com carne de sol,22.0,2,Crédito,1.0,44.0
2025-12-30,14,Olinda,Salgados,Tapioca,12.0,3,Pix,1.0,36.0
2025-12-30,14,Garanhuns,Pratos,Cuscuz com carne de sol,22.0,4,Pix,2.0,88.0
2025-12-30,15,Olinda,Doces,Cocada,5.0,5,Crédito,5.0,25.0
2025-12-30,17,Caruaru,Pratos,Macaxeira com charque,25.0,5,Débito,2.0,125.0
2025-12-30,18,Recife,Bebidas,Café,6.0,1,Crédito,4.0,6.0
2025-12-30,20,Caruaru,Salgados,Pastel,8.0,5,Crédito,4.0,40.0
2025-12-30,20,Recife,Bebidas,Suco de caju,8.0,2,Crédito,5.0,16.0
2025-12-30,21,Recife,Salgados,Coxinha,7.5,2,Pix,1.0,15.0
2025-12-30,21,Petrolina,Salgados,Tapioca,12.0,2,Pix,5.0,24.0
2025-12-31,7,Olinda,Pratos,Cuscuz com carne de sol,22.0,2,Débito,5.0,44.0
2025-12-31,8,Olinda,Pratos,Cuscuz com carne de sol,22.0,2,Débito,3.0,44.0
2025-12-31,8,Petrolina,Pratos,Macaxeira com charque,25.0,1,Crédito,2.0,25.0
2025-12-31,8,Recife,Salgados,Pastel,8.0,4,Pix,1.0,32.0
2025-12-31,8,Petrolina,Bebidas,Caldo de cana,7.0,4,Crédito,5.0,28.0
2025-12-31,10,Caruaru,Bebidas,Café,6.0,3,Pix,5.0,18.0
2025-12-31,11,Garanhuns,Pratos,Macaxeira com charque,25.0,3,Pix,3.0,75.0
2025-12-31,11,Olinda,Doces,Cartola,14.0,1,Débito,4.0,14.0
2025-12-31,12,Caruaru,Doces,Cartola,14.0,3,Crédito,4.0,42.0
2025-12-31,12,Recife,Salgados,Pastel,8.0,3,Crédito,1.0,24.0
2025-12-31,12,Recife,Doces,Bolo de rolo,9.0,5,Débito,5.0,45.0
2025-12-31,14,Recife,Bebidas,Suco de caju,8.0,4,Pix,4.0,32.0
2025-12-31,14,Recife,Doces,Bolo de rolo,9.0,4,Pix,1.0,36.0
2025-12-31,15,Recife,Pratos,Cuscuz com carne de sol,22.0,5,Pix,5.0,110.0
2025-12-31,15,Olinda,Doces,Cartola,14.0,5,Pix,4.0,70.0
2025-12-31,15,Recife,Salgados,Coxinha,7.5,2,Crédito,4.0,15.0
2025-12-31,16,Garanhuns,Pratos,Macaxeira com charque,25.0,2,Crédito,4.0,50.0
2025-12-31,16,Recife,Bebidas,Café,6.0,4,Pix,4.0,24.0
2025-12-31,19,Caruaru,Bebidas,Caldo de cana,7.0,1,Dinheiro,4.0,7.0
2025-12-31,20,Caruaru,Salgados,Tapioca,12.0,5,Pix,4.0,60.0
2025-12-31,20,Olinda,Pratos,Macaxeira com charque,25.0,4,Dinheiro,4.0,100.0
2025-12-31,21,Petrolina,Salgados,Coxinha,7.5,5,Pix,1.0,37.5
